2026-04-23 17:07:05,662 [INFO] TRY mid calculated: 155000.00 / 44.9484 = 3448.40 -> Buy: 3360, Sell: 3460
2026-04-23 17:07:05,663 [INFO] cycle Tehran=20:37 changed=True silent=never activity=True -> post
2026-04-23 17:07:06,201 [INFO] cycle result: {'action': 'posted', 'detail': 'change'}
2026-04-23 19:00:19,798 [INFO] TRY mid calculated: 155000.00 / 44.9484 = 3448.40 -> Buy: 3360, Sell: 3460
2026-04-23 19:00:19,799 [INFO] cycle Tehran=22:30 changed=True silent=113.3min activity=True -> post
2026-04-23 19:00:20,289 [INFO] cycle result: {'action': 'posted', 'detail': 'change'}
2026-04-23 20:39:40,294 [INFO] outside working hours (Tehran 00:09); sleeping
2026-04-23 20:39:40,295 [INFO] cycle result: {'action': 'idle', 'detail': 'outside_working_hours'}
2026-04-23 21:14:22,585 [INFO] outside working hours (Tehran 00:44); sleeping
2026-04-23 21:14:22,585 [INFO] cycle result: {'action': 'idle', 'detail': 'outside_working_hours'}
2026-04-23 21:16:54,627 [INFO] outside working hours (Tehran 00:46); sleeping
2026-04-23 21:16:54,627 [INFO] cycle result: {'action': 'idle', 'detail': 'outside_working_hours'}
2026-04-23 23:31:31,986 [INFO] outside working hours (Tehran 03:01); sleeping
2026-04-23 23:31:31,986 [INFO] cycle result: {'action': 'idle', 'detail': 'outside_working_hours'}
2026-04-24 03:04:15,675 [INFO] outside working hours (Tehran 06:34); sleeping
2026-04-24 03:04:15,676 [INFO] cycle result: {'action': 'idle', 'detail': 'outside_working_hours'}
2026-04-24 03:32:58,504 [INFO] outside working hours (Tehran 07:02); sleeping
2026-04-24 03:32:58,505 [INFO] cycle result: {'action': 'idle', 'detail': 'outside_working_hours'}
2026-04-24 04:05:07,284 [INFO] outside working hours (Tehran 07:35); sleeping
2026-04-24 04:05:07,284 [INFO] cycle result: {'action': 'idle', 'detail': 'outside_working_hours'}
2026-04-24 04:33:21,982 [INFO] outside working hours (Tehran 08:03); sleeping
2026-04-24 04:33:21,982 [INFO] cycle result: {'action': 'idle', 'detail': 'outside_working_hours'}
2026-04-24 05:06:20,356 [INFO] outside working hours (Tehran 08:36); sleeping
2026-04-24 05:06:20,356 [INFO] cycle result: {'action': 'idle', 'detail': 'outside_working_hours'}
2026-04-24 05:33:52,541 [INFO] TRY mid calculated: 155000.00 / 44.9447 = 3448.68 -> Buy: 3360, Sell: 3460
2026-04-24 05:33:52,542 [INFO] cycle Tehran=09:03 changed=False silent=633.6min activity=True -> post
2026-04-24 05:33:53,119 [INFO] cycle result: {'action': 'posted', 'detail': 'smart_update'}
2026-04-24 06:05:59,470 [INFO] TRY mid calculated: 155000.00 / 44.9447 = 3448.68 -> Buy: 3360, Sell: 3460
2026-04-24 06:05:59,470 [INFO] cycle Tehran=09:35 changed=False silent=32.2min activity=True -> post
2026-04-24 06:06:00,125 [INFO] cycle result: {'action': 'posted', 'detail': 'smart_update'}
2026-04-24 06:31:10,567 [INFO] TRY mid calculated: 155000.00 / 44.9447 = 3448.68 -> Buy: 3360, Sell: 3460
2026-04-24 06:31:10,568 [INFO] cycle Tehran=10:01 changed=False silent=25.2min activity=True -> skip
2026-04-24 06:31:10,568 [INFO] cycle result: {'action': 'skip', 'detail': 'no_change_within_silence_window'}
2026-04-24 07:04:37,330 [INFO] TRY mid calculated: 155000.00 / 44.9447 = 3448.68 -> Buy: 3360, Sell: 3460
2026-04-24 07:04:37,330 [INFO] cycle Tehran=10:34 changed=False silent=58.7min activity=True -> post
2026-04-24 07:04:37,743 [INFO] cycle result: {'action': 'posted', 'detail': 'smart_update'}
2026-04-24 07:32:45,920 [INFO] TRY mid calculated: 155000.00 / 44.9447 = 3448.68 -> Buy: 3360, Sell: 3460
2026-04-24 07:32:45,920 [INFO] cycle Tehran=11:02 changed=False silent=28.2min activity=True -> skip
2026-04-24 07:32:45,921 [INFO] cycle result: {'action': 'skip', 'detail': 'no_change_within_silence_window'}
2026-04-24 08:01:43,453 [INFO] TRY mid calculated: 155000.00 / 44.9447 = 3448.68 -> Buy: 3360, Sell: 3460
2026-04-24 08:01:43,453 [INFO] cycle Tehran=11:31 changed=False silent=57.1min activity=True -> post
2026-04-24 08:01:43,911 [INFO] cycle result: {'action': 'posted', 'detail': 'smart_update'}
2026-04-24 08:32:45,279 [INFO] TRY mid calculated: 155000.00 / 44.9447 = 3448.68 -> Buy: 3360, Sell: 3460
2026-04-24 08:32:45,279 [INFO] cycle Tehran=12:02 changed=False silent=31.1min activity=True -> post
2026-04-24 08:32:45,763 [INFO] cycle result: {'action': 'posted', 'detail': 'smart_update'}
2026-04-24 09:02:04,983 [INFO] TRY mid calculated: 155000.00 / 44.9447 = 3448.68 -> Buy: 3360, Sell: 3460
2026-04-24 09:02:04,984 [INFO] cycle Tehran=12:32 changed=False silent=29.4min activity=True -> skip
2026-04-24 09:02:04,984 [INFO] cycle result: {'action': 'skip', 'detail': 'no_change_within_silence_window'}
2026-04-24 09:30:54,451 [INFO] TRY mid calculated: 155000.00 / 44.9447 = 3448.68 -> Buy: 3360, Sell: 3460
2026-04-24 09:30:54,451 [INFO] cycle Tehran=13:00 changed=False silent=58.2min activity=True -> post
2026-04-24 09:30:54,947 [INFO] cycle result: {'action': 'posted', 'detail': 'smart_update'}
2026-04-24 10:04:40,997 [INFO] TRY mid calculated: 155000.00 / 44.9447 = 3448.68 -> Buy: 3360, Sell: 3460
2026-04-24 10:04:40,998 [INFO] cycle Tehran=13:34 changed=False silent=33.8min activity=True -> post
2026-04-24 10:04:41,518 [INFO] cycle result: {'action': 'posted', 'detail': 'smart_update'}
2026-04-24 10:35:36,991 [INFO] TRY mid calculated: 155000.00 / 44.9447 = 3448.68 -> Buy: 3360, Sell: 3460
2026-04-24 10:35:36,991 [INFO] cycle Tehran=14:05 changed=False silent=31.0min activity=True -> post
2026-04-24 10:35:37,646 [INFO] cycle result: {'action': 'posted', 'detail': 'smart_update'}
2026-04-24 10:52:00,633 [INFO] TRY mid calculated: 155000.00 / 44.9447 = 3448.68 -> Buy: 3360, Sell: 3460
2026-04-24 10:52:00,633 [INFO] cycle Tehran=14:21 changed=False silent=16.4min activity=True -> skip
2026-04-24 10:52:00,634 [INFO] cycle result: {'action': 'skip', 'detail': 'no_change_within_silence_window'}
2026-04-24 11:04:34,693 [INFO] TRY mid calculated: 155000.00 / 44.9447 = 3448.68 -> Buy: 3360, Sell: 3460
2026-04-24 11:04:34,694 [INFO] cycle Tehran=14:34 changed=False silent=29.0min activity=True -> skip
2026-04-24 11:04:34,694 [INFO] cycle result: {'action': 'skip', 'detail': 'no_change_within_silence_window'}
2026-04-24 11:33:06,348 [INFO] TRY mid calculated: 155000.00 / 44.9447 = 3448.68 -> Buy: 3360, Sell: 3460
2026-04-24 11:33:06,348 [INFO] cycle Tehran=15:03 changed=False silent=57.5min activity=True -> post
2026-04-24 11:33:06,722 [INFO] cycle result: {'action': 'posted', 'detail': 'smart_update'}
2026-04-24 12:03:30,949 [INFO] TRY mid calculated: 155000.00 / 44.9447 = 3448.68 -> Buy: 3360, Sell: 3460
2026-04-24 12:03:30,949 [INFO] cycle Tehran=15:33 changed=False silent=30.4min activity=True -> post
2026-04-24 12:03:31,559 [INFO] cycle result: {'action': 'posted', 'detail': 'smart_update'}
2026-04-24 12:14:04,717 [INFO] pi_jt USD extracted (1 num): buy=154500 sell=155500
2026-04-24 12:14:04,717 [INFO] pi_jt EUR extracted: buy=181000 sell=181500 from: یورو تـهران فردایی
💸
:
🔵
181,000
خریـــدار
🔴
181,500
فروشنده
2026-04-24 12:14:04,718 [INFO] Prices fetched: USD buy=154500 sell=155500 (src=pi_jt) | EUR buy=181000 sell=181500 (src=pi_jt)
2026-04-24 12:14:05,123 [INFO] TRY mid calculated: 155000.00 / 44.9447 = 3448.68 -> Buy: 3360, Sell: 3460
2026-04-24 12:14:05,124 [INFO] cycle Tehran=15:44 changed=True silent=163454.1min -> post (change)
2026-04-24 12:14:05,654 [INFO] cycle result: {'action': 'posted', 'detail': 'change'}
2026-04-24 12:15:14,170 [INFO] pi_jt USD extracted (1 num): buy=154500 sell=155500
2026-04-24 12:15:14,170 [INFO] pi_jt EUR extracted: buy=181000 sell=181500 from: یورو تـهران فردایی
💸
:
🔵
181,000
خریـــدار
🔴
181,500
فروشنده
2026-04-24 12:15:14,170 [INFO] Prices fetched: USD buy=154500 sell=155500 (src=pi_jt) | EUR buy=181000 sell=181500 (src=pi_jt)
2026-04-24 12:15:14,570 [INFO] TRY mid calculated: 155000.00 / 44.9447 = 3448.68 -> Buy: 3360, Sell: 3460
2026-04-24 12:15:14,571 [INFO] cycle Tehran=15:45 changed=False silent=1.2min -> skip (no_change_within_silence_window)
2026-04-24 12:15:14,571 [INFO] cycle result: {'action': 'skip', 'detail': 'no_change_within_silence_window'}
2026-04-24 12:34:35,246 [INFO] pi_jt USD extracted (1 num): buy=154500 sell=155500
2026-04-24 12:34:35,247 [INFO] pi_jt EUR extracted: buy=181000 sell=181500 from: یورو تـهران فردایی
💸
:
🔵
181,000
خریـــدار
🔴
181,500
فروشنده
2026-04-24 12:34:35,247 [INFO] Prices fetched: USD buy=154500 sell=155500 (src=pi_jt) | EUR buy=181000 sell=181500 (src=pi_jt)
2026-04-24 12:34:35,487 [INFO] TRY mid calculated: 155000.00 / 44.9447 = 3448.68 -> Buy: 3360, Sell: 3460
2026-04-24 12:34:35,488 [INFO] cycle Tehran=16:04 changed=False silent=20.5min -> skip (no_change_within_silence_window)
2026-04-24 12:34:35,488 [INFO] cycle result: {'action': 'skip', 'detail': 'no_change_within_silence_window'}
2026-04-24 13:03:19,322 [INFO] pi_jt USD extracted: buy=154000 sell=154300 from: دلار تـهران فردایی
💸
:
🔵
154,000 خریـــدار
🔴
154,300 فروشنده
2026-04-24 13:03:19,323 [INFO] pi_jt EUR extracted: buy=181000 sell=181500 from: یورو تـهران فردایی
💸
:
🔵
181,000
خریـــدار
🔴
181,500
فروشنده
2026-04-24 13:03:19,323 [INFO] Prices fetched: USD buy=154000 sell=154300 (src=pi_jt) | EUR buy=181000 sell=181500 (src=pi_jt)
2026-04-24 13:03:19,600 [INFO] TRY mid calculated: 154150.00 / 44.9447 = 3429.77 -> Buy: 3340, Sell: 3440
2026-04-24 13:03:19,601 [INFO] cycle Tehran=16:33 changed=True silent=49.3min -> post (change)
2026-04-24 13:03:20,033 [INFO] cycle result: {'action': 'posted', 'detail': 'change'}
2026-04-24 13:35:15,628 [INFO] pi_jt USD extracted: buy=154000 sell=154300 from: دلار تـهران فردایی
💸
:
🔵
154,000 خریـــدار
🔴
154,300 فروشنده
2026-04-24 13:35:15,628 [INFO] pi_jt EUR extracted: buy=181000 sell=181500 from: یورو تـهران فردایی
💸
:
🔵
181,000
خریـــدار
🔴
181,500
فروشنده
2026-04-24 13:35:15,628 [INFO] Prices fetched: USD buy=154000 sell=154300 (src=pi_jt) | EUR buy=181000 sell=181500 (src=pi_jt)
2026-04-24 13:35:16,039 [INFO] TRY mid calculated: 154150.00 / 44.9447 = 3429.77 -> Buy: 3340, Sell: 3440
2026-04-24 13:35:16,039 [INFO] cycle Tehran=17:05 changed=False silent=32.0min -> post (silence_limit)
2026-04-24 13:35:16,543 [INFO] cycle result: {'action': 'posted', 'detail': 'silence_limit'}
2026-04-24 14:04:21,782 [INFO] pi_jt USD extracted: buy=154000 sell=154300 from: دلار تـهران فردایی
💸
:
🔵
154,000 خریـــدار
🔴
154,300 فروشنده
2026-04-24 14:04:21,782 [INFO] pi_jt EUR extracted: buy=181000 sell=181500 from: یورو تـهران فردایی
💸
:
🔵
181,000
خریـــدار
🔴
181,500
فروشنده
2026-04-24 14:04:21,782 [INFO] Prices fetched: USD buy=154000 sell=154300 (src=pi_jt) | EUR buy=181000 sell=181500 (src=pi_jt)
2026-04-24 14:04:22,155 [INFO] TRY mid calculated: 154150.00 / 44.9447 = 3429.77 -> Buy: 3340, Sell: 3440
2026-04-24 14:04:22,155 [INFO] cycle Tehran=17:34 changed=False silent=29.1min -> skip (no_change_within_silence_window)
2026-04-24 14:04:22,156 [INFO] cycle result: {'action': 'skip', 'detail': 'no_change_within_silence_window'}
2026-04-24 14:33:44,944 [INFO] pi_jt USD extracted (1 num): buy=154500 sell=155500
2026-04-24 14:33:44,944 [INFO] pi_jt EUR extracted: buy=181000 sell=181500 from: یورو تـهران فردایی
💸
:
🔵
181,000
خریـــدار
🔴
181,500
فروشنده
2026-04-24 14:33:44,944 [INFO] Prices fetched: USD buy=154500 sell=155500 (src=pi_jt) | EUR buy=181000 sell=181500 (src=pi_jt)
2026-04-24 14:33:45,356 [INFO] TRY mid calculated: 155000.00 / 44.9447 = 3448.68 -> Buy: 3360, Sell: 3460
2026-04-24 14:33:45,356 [INFO] cycle Tehran=18:03 changed=True silent=58.5min -> post (change)
2026-04-24 14:33:45,937 [INFO] cycle result: {'action': 'posted', 'detail': 'change'}
2026-04-24 14:59:28,499 [INFO] pi_jt USD extracted (1 num): buy=154500 sell=155500
2026-04-24 14:59:28,500 [INFO] pi_jt EUR extracted: buy=181000 sell=181500 from: یورو تـهران فردایی
💸
:
🔵
181,000
خریـــدار
🔴
181,500
فروشنده
2026-04-24 14:59:28,500 [INFO] Prices fetched: USD buy=154500 sell=155500 (src=pi_jt) | EUR buy=181000 sell=181500 (src=pi_jt)
2026-04-24 14:59:28,879 [INFO] TRY mid calculated: 155000.00 / 44.9447 = 3448.68 -> Buy: 3360, Sell: 3460
2026-04-24 14:59:28,879 [INFO] cycle Tehran=18:29 changed=False silent=25.7min -> skip (no_change_within_silence_window)
2026-04-24 14:59:28,879 [INFO] cycle result: {'action': 'skip', 'detail': 'no_change_within_silence_window'}
2026-04-24 15:06:57,170 [INFO] pi_jt USD extracted (1 num): buy=154500 sell=155500
2026-04-24 15:06:57,170 [INFO] pi_jt EUR extracted: buy=181000 sell=181500 from: یورو تـهران فردایی
💸
:
🔵
181,000
خریـــدار
🔴
181,500
فروشنده
2026-04-24 15:06:57,170 [INFO] Prices fetched: USD buy=154500 sell=155500 (src=pi_jt) | EUR buy=181000 sell=181500 (src=pi_jt)
2026-04-24 15:06:57,519 [INFO] TRY mid calculated: 155000.00 / 44.9447 = 3448.68 -> Buy: 3360, Sell: 3460
2026-04-24 15:06:57,520 [INFO] cycle Tehran=18:36 changed=False silent=33.2min -> post (silence_limit)
2026-04-24 15:06:58,064 [INFO] cycle result: {'action': 'posted', 'detail': 'silence_limit'}
2026-04-24 15:32:48,149 [INFO] pi_jt USD extracted: buy=154500 sell=154700 from: دلار تـهران فردایی
💸
:
🔵
154,500 خریـــدار
🔴
154,700 فروشنده
2026-04-24 15:32:48,149 [INFO] pi_jt EUR extracted: buy=181000 sell=181500 from: یورو تـهران فردایی
💸
:
🔵
181,000
خریـــدار
🔴
181,500
فروشنده
2026-04-24 15:32:48,149 [INFO] Prices fetched: USD buy=154500 sell=154700 (src=pi_jt) | EUR buy=181000 sell=181500 (src=pi_jt)
2026-04-24 15:32:48,428 [INFO] TRY mid calculated: 154600.00 / 44.9447 = 3439.78 -> Buy: 3350, Sell: 3450
2026-04-24 15:32:48,428 [INFO] cycle Tehran=19:02 changed=True silent=25.9min -> post (change)
2026-04-24 15:32:48,835 [INFO] cycle result: {'action': 'posted', 'detail': 'change'}
2026-04-24 16:04:02,164 [INFO] pi_jt USD extracted: buy=154500 sell=154700 from: دلار تـهران فردایی
💸
:
🔵
154,500 خریـــدار
🔴
154,700 فروشنده
2026-04-24 16:04:02,164 [INFO] pi_jt EUR extracted: buy=181000 sell=181500 from: یورو تـهران فردایی
💸
:
🔵
181,000
خریـــدار
🔴
181,500
فروشنده
2026-04-24 16:04:02,164 [INFO] Prices fetched: USD buy=154500 sell=154700 (src=pi_jt) | EUR buy=181000 sell=181500 (src=pi_jt)
2026-04-24 16:04:02,621 [INFO] TRY mid calculated: 154600.00 / 44.9447 = 3439.78 -> Buy: 3350, Sell: 3450
2026-04-24 16:04:02,621 [INFO] cycle Tehran=19:34 changed=False silent=31.2min -> post (silence_limit)
2026-04-24 16:04:03,028 [INFO] cycle result: {'action': 'posted', 'detail': 'silence_limit'}
2026-04-24 16:33:54,303 [INFO] pi_jt USD extracted: buy=154500 sell=154700 from: دلار تـهران فردایی
💸
:
🔵
154,500 خریـــدار
🔴
154,700 فروشنده
2026-04-24 16:33:54,303 [INFO] pi_jt EUR extracted: buy=181000 sell=181500 from: یورو تـهران فردایی
💸
:
🔵
181,000
خریـــدار
🔴
181,500
فروشنده
2026-04-24 16:33:54,303 [INFO] Prices fetched: USD buy=154500 sell=154700 (src=pi_jt) | EUR buy=181000 sell=181500 (src=pi_jt)
2026-04-24 16:33:54,638 [INFO] TRY mid calculated: 154600.00 / 44.9447 = 3439.78 -> Buy: 3350, Sell: 3450
2026-04-24 16:33:54,639 [INFO] cycle Tehran=20:03 changed=False silent=29.9min -> skip (no_change_within_silence_window)
2026-04-24 16:33:54,639 [INFO] cycle result: {'action': 'skip', 'detail': 'no_change_within_silence_window'}
2026-04-24 17:01:40,191 [INFO] pi_jt USD extracted: buy=154300 sell=154500 from: دلار تـهران فردایی
💸
:
🔵
154,300 خریـــدار
🔴
154,500 فروشنده
2026-04-24 17:01:40,191 [INFO] pi_jt EUR extracted: buy=181000 sell=181500 from: یورو تـهران فردایی
💸
:
🔵
181,000
خریـــدار
🔴
181,500
فروشنده
2026-04-24 17:01:40,192 [INFO] Prices fetched: USD buy=154300 sell=154500 (src=pi_jt) | EUR buy=181000 sell=181500 (src=pi_jt)
2026-04-24 17:01:40,841 [INFO] TRY mid calculated: 154400.00 / 44.9447 = 3435.33 -> Buy: 3350, Sell: 3450
2026-04-24 17:01:40,842 [INFO] cycle Tehran=20:31 changed=True silent=57.7min -> post (change)
2026-04-24 17:01:41,308 [INFO] cycle result: {'action': 'posted', 'detail': 'change'}
2026-04-24 17:31:59,480 [INFO] pi_jt USD extracted: buy=154300 sell=154500 from: دلار تـهران فردایی
💸
:
🔵
154,300 خریـــدار
🔴
154,500 فروشنده
2026-04-24 17:31:59,480 [INFO] pi_jt EUR extracted: buy=181000 sell=181500 from: یورو تـهران فردایی
💸
:
🔵
181,000
خریـــدار
🔴
181,500
فروشنده
2026-04-24 17:31:59,480 [INFO] Prices fetched: USD buy=154300 sell=154500 (src=pi_jt) | EUR buy=181000 sell=181500 (src=pi_jt)
2026-04-24 17:31:59,989 [INFO] TRY mid calculated: 154400.00 / 44.9447 = 3435.33 -> Buy: 3350, Sell: 3450
2026-04-24 17:31:59,989 [INFO] cycle Tehran=21:01 changed=False silent=30.3min -> post (silence_limit)
2026-04-24 17:32:00,572 [INFO] cycle result: {'action': 'posted', 'detail': 'silence_limit'}
2026-04-24 17:57:19,253 [INFO] pi_jt USD extracted: buy=154300 sell=154500 from: دلار تـهران فردایی
💸
:
🔵
154,300 خریـــدار
🔴
154,500 فروشنده
2026-04-24 17:57:19,254 [INFO] pi_jt EUR extracted: buy=181000 sell=181500 from: یورو تـهران فردایی
💸
:
🔵
181,000
خریـــدار
🔴
181,500
فروشنده
2026-04-24 17:57:19,254 [INFO] Prices fetched: USD buy=154300 sell=154500 (src=pi_jt) | EUR buy=181000 sell=181500 (src=pi_jt)
2026-04-24 17:57:19,550 [INFO] TRY mid calculated: 154400.00 / 44.9447 = 3435.33 -> Buy: 3350, Sell: 3450
2026-04-24 17:57:19,550 [INFO] cycle Tehran=21:27 changed=False silent=25.3min -> skip (no_change_within_silence_window)
2026-04-24 17:57:19,551 [INFO] cycle result: {'action': 'skip', 'detail': 'no_change_within_silence_window'}
2026-04-24 18:00:49,205 [INFO] pi_jt USD extracted: buy=154300 sell=154500 from: دلار تـهران فردایی
💸
:
🔵
154,300 خریـــدار
🔴
154,500 فروشنده
2026-04-24 18:00:49,205 [INFO] pi_jt EUR extracted: buy=181000 sell=181500 from: یورو تـهران فردایی
💸
:
🔵
181,000
خریـــدار
🔴
181,500
فروشنده
2026-04-24 18:00:49,205 [INFO] Prices fetched: USD buy=154300 sell=154500 (src=pi_jt) | EUR buy=181000 sell=181500 (src=pi_jt)
2026-04-24 18:00:49,650 [INFO] TRY mid calculated: 154400.00 / 44.9447 = 3435.33 -> Buy: 3350, Sell: 3450
2026-04-24 18:00:49,650 [INFO] cycle Tehran=21:30 changed=False silent=28.8min -> skip (no_change_within_silence_window)
2026-04-24 18:00:49,651 [INFO] cycle result: {'action': 'skip', 'detail': 'no_change_within_silence_window'}
2026-04-24 18:31:49,581 [INFO] pi_jt USD extracted: buy=154300 sell=154500 from: دلار تـهران فردایی
💸
:
🔵
154,300 خریـــدار
🔴
154,500 فروشنده
2026-04-24 18:31:49,582 [INFO] pi_jt EUR extracted: buy=181000 sell=181500 from: یورو تـهران فردایی
💸
:
🔵
181,000
خریـــدار
🔴
181,500
فروشنده
2026-04-24 18:31:49,582 [INFO] Prices fetched: USD buy=154300 sell=154500 (src=pi_jt) | EUR buy=181000 sell=181500 (src=pi_jt)
2026-04-24 18:31:49,905 [INFO] TRY mid calculated: 154400.00 / 44.9447 = 3435.33 -> Buy: 3350, Sell: 3450
2026-04-24 18:31:49,906 [INFO] cycle Tehran=22:01 changed=False silent=59.9min -> post (silence_limit)
2026-04-24 18:31:50,610 [INFO] cycle result: {'action': 'posted', 'detail': 'silence_limit'}
2026-04-24 20:08:03,940 [INFO] pi_jt USD extracted: buy=154300 sell=154500 from: دلار تـهران فردایی
💸
:
🔵
154,300 خریـــدار
🔴
154,500 فروشنده
2026-04-24 20:08:03,940 [INFO] pi_jt EUR extracted: buy=181000 sell=181500 from: یورو تـهران فردایی
💸
:
🔵
181,000
خریـــدار
🔴
181,500
فروشنده
2026-04-24 20:08:03,940 [INFO] Prices fetched: USD buy=154300 sell=154500 (src=pi_jt) | EUR buy=181000 sell=181500 (src=pi_jt)
2026-04-24 20:08:04,333 [INFO] TRY mid calculated: 154400.00 / 44.9447 = 3435.33 -> Buy: 3350, Sell: 3450
2026-04-24 20:08:04,333 [INFO] cycle Tehran=23:38 changed=False silent=96.3min -> post (silence_limit)
2026-04-24 20:08:04,976 [INFO] cycle result: {'action': 'posted', 'detail': 'silence_limit'}
2026-04-24 22:29:27,126 [INFO] outside working hours (Tehran 01:59); sleeping
2026-04-24 22:29:27,126 [INFO] cycle result: {'action': 'idle', 'detail': 'outside_working_hours'}
2026-04-25 03:01:20,052 [INFO] outside working hours (Tehran 06:31); sleeping
2026-04-25 03:01:20,052 [INFO] cycle result: {'action': 'idle', 'detail': 'outside_working_hours'}
2026-04-25 03:34:35,760 [INFO] outside working hours (Tehran 07:04); sleeping
2026-04-25 03:34:35,797 [INFO] cycle result: {'action': 'idle', 'detail': 'outside_working_hours'}
2026-04-25 04:03:24,187 [INFO] outside working hours (Tehran 07:33); sleeping
2026-04-25 04:03:24,188 [INFO] cycle result: {'action': 'idle', 'detail': 'outside_working_hours'}
2026-04-25 04:32:19,192 [INFO] outside working hours (Tehran 08:02); sleeping
2026-04-25 04:32:19,192 [INFO] cycle result: {'action': 'idle', 'detail': 'outside_working_hours'}
2026-04-25 05:02:50,195 [INFO] outside working hours (Tehran 08:32); sleeping
2026-04-25 05:02:50,195 [INFO] cycle result: {'action': 'idle', 'detail': 'outside_working_hours'}
2026-04-25 05:35:27,692 [INFO] pi_jt USD extracted: buy=154300 sell=154500 from: دلار تـهران فردایی
💸
:
🔵
154,300 خریـــدار
🔴
154,500 فروشنده
2026-04-25 05:35:27,693 [INFO] pi_jt EUR not found, trying fallback sources
2026-04-25 05:35:28,202 [INFO] EUR fallback computed: mid=181470 buy=180950 sell=181950
2026-04-25 05:35:28,202 [INFO] Prices fetched: USD buy=154300 sell=154500 (src=pi_jt) | EUR buy=180950 sell=181950 (src=navasanchannel)
2026-04-25 05:35:28,406 [INFO] TRY mid calculated: 154400.00 / 45.0240 = 3429.28 -> Buy: 3340, Sell: 3440
2026-04-25 05:35:28,406 [INFO] cycle Tehran=09:05 changed=True silent=567.4min -> post (change)
2026-04-25 05:35:28,855 [INFO] cycle result: {'action': 'posted', 'detail': 'change'}
2026-04-25 06:06:21,527 [INFO] pi_jt USD extracted: buy=154300 sell=154500 from: دلار تـهران فردایی
💸
:
🔵
154,300 خریـــدار
🔴
154,500 فروشنده
2026-04-25 06:06:21,528 [INFO] pi_jt EUR not found, trying fallback sources
2026-04-25 06:06:23,075 [WARNING] No fresh price available: usd_source=pi_jt eur_source=none — SKIPPING to avoid stale post
2026-04-25 06:06:23,075 [INFO] cycle result: {'action': 'skip', 'detail': 'no_fresh_data'}
2026-04-25 06:30:41,103 [INFO] pi_jt USD extracted: buy=154300 sell=154500 from: دلار تـهران فردایی
💸
:
🔵
154,300 خریـــدار
🔴
154,500 فروشنده
2026-04-25 06:30:41,103 [INFO] pi_jt EUR not found, trying fallback sources
2026-04-25 06:30:41,703 [INFO] EUR fallback computed: mid=181470 buy=180950 sell=181950
2026-04-25 06:30:41,704 [INFO] Prices fetched: USD buy=154300 sell=154500 (src=pi_jt) | EUR buy=180950 sell=181950 (src=navasanchannel)
2026-04-25 06:30:42,107 [INFO] TRY mid calculated: 154400.00 / 45.0240 = 3429.28 -> Buy: 3340, Sell: 3440
2026-04-25 06:30:42,107 [INFO] cycle Tehran=10:00 changed=False silent=55.2min -> post (silence_limit)
2026-04-25 06:30:42,683 [INFO] cycle result: {'action': 'posted', 'detail': 'silence_limit'}
2026-04-25 07:04:16,218 [INFO] pi_jt USD extracted: buy=154300 sell=154500 from: دلار تـهران فردایی
💸
:
🔵
154,300 خریـــدار
🔴
154,500 فروشنده
2026-04-25 07:04:16,218 [INFO] pi_jt EUR not found, trying fallback sources
2026-04-25 07:04:16,834 [INFO] EUR fallback computed: mid=181470 buy=180950 sell=181950
2026-04-25 07:04:16,834 [INFO] Prices fetched: USD buy=154300 sell=154500 (src=pi_jt) | EUR buy=180950 sell=181950 (src=navasanchannel)
2026-04-25 07:04:17,247 [INFO] TRY mid calculated: 154400.00 / 45.0240 = 3429.28 -> Buy: 3340, Sell: 3440
2026-04-25 07:04:17,247 [INFO] cycle Tehran=10:34 changed=False silent=33.6min -> post (silence_limit)
2026-04-25 07:04:17,817 [INFO] cycle result: {'action': 'posted', 'detail': 'silence_limit'}
2026-04-25 07:30:44,207 [INFO] pi_jt USD not found, trying fallback sources
2026-04-25 07:30:45,206 [INFO] USD fallback computed: mid=155000 buy=154500 sell=155500
2026-04-25 07:30:45,207 [INFO] pi_jt EUR not found, trying fallback sources
2026-04-25 07:30:45,784 [INFO] EUR fallback computed: mid=182290 buy=181800 sell=182800
2026-04-25 07:30:45,785 [INFO] Prices fetched: USD buy=154500 sell=155500 (src=dollar_tehran3bze+tahran_sabza) | EUR buy=181800 sell=182800 (src=navasanchannel)
2026-04-25 07:30:46,076 [INFO] TRY mid calculated: 155000.00 / 45.0240 = 3442.61 -> Buy: 3350, Sell: 3450
2026-04-25 07:30:46,076 [INFO] cycle Tehran=11:00 changed=True silent=26.5min -> post (change)
2026-04-25 07:30:46,596 [INFO] cycle result: {'action': 'posted', 'detail': 'change'}
2026-04-25 08:01:30,590 [INFO] pi_jt USD not found, trying fallback sources
2026-04-25 08:01:31,379 [INFO] USD fallback computed: mid=155200 buy=154700 sell=155700
2026-04-25 08:01:31,379 [INFO] pi_jt EUR not found, trying fallback sources
2026-04-25 08:01:31,821 [INFO] EUR fallback computed: mid=182290 buy=181800 sell=182800
2026-04-25 08:01:31,821 [INFO] Prices fetched: USD buy=154700 sell=155700 (src=dollar_tehran3bze+tahran_sabza) | EUR buy=181800 sell=182800 (src=navasanchannel)
2026-04-25 08:01:32,055 [INFO] TRY mid calculated: 155200.00 / 45.0240 = 3447.05 -> Buy: 3360, Sell: 3460
2026-04-25 08:01:32,055 [INFO] cycle Tehran=11:31 changed=True silent=30.8min -> post (change)
2026-04-25 08:01:32,425 [INFO] cycle result: {'action': 'posted', 'detail': 'change'}
2026-04-25 08:31:23,142 [INFO] pi_jt USD not found, trying fallback sources
2026-04-25 08:31:23,911 [INFO] USD fallback computed: mid=156000 buy=155500 sell=156500
2026-04-25 08:31:23,911 [INFO] pi_jt EUR not found, trying fallback sources
2026-04-25 08:31:24,378 [INFO] EUR fallback computed: mid=182640 buy=182150 sell=183150
2026-04-25 08:31:24,378 [INFO] Prices fetched: USD buy=155500 sell=156500 (src=dollar_tehran3bze+tahran_sabza) | EUR buy=182150 sell=183150 (src=navasanchannel)
2026-04-25 08:31:24,557 [INFO] TRY mid calculated: 156000.00 / 45.0240 = 3464.82 -> Buy: 3370, Sell: 3470
2026-04-25 08:31:24,558 [INFO] cycle Tehran=12:01 changed=True silent=29.9min -> post (change)
2026-04-25 08:31:24,940 [INFO] cycle result: {'action': 'posted', 'detail': 'change'}
2026-04-25 08:38:17,273 [INFO] pi_jt USD not found, trying fallback sources
2026-04-25 08:38:18,103 [INFO] USD fallback computed: mid=156000 buy=155500 sell=156500
2026-04-25 08:38:18,103 [INFO] pi_jt EUR not found, trying fallback sources
2026-04-25 08:38:18,627 [INFO] EUR fallback computed: mid=182640 buy=182150 sell=183150
2026-04-25 08:38:18,627 [INFO] Prices fetched: USD buy=155500 sell=156500 (src=dollar_tehran3bze+tahran_sabza) | EUR buy=182150 sell=183150 (src=navasanchannel)
2026-04-25 08:38:18,891 [INFO] TRY mid calculated: 156000.00 / 45.0240 = 3464.82 -> Buy: 3370, Sell: 3470
2026-04-25 08:38:18,891 [INFO] cycle Tehran=12:08 changed=False silent=6.9min -> skip (no_change_within_silence_window)
2026-04-25 08:38:18,891 [INFO] cycle result: {'action': 'skip', 'detail': 'no_change_within_silence_window'}
2026-04-25 09:05:06,600 [INFO] pi_jt USD not found, trying fallback sources
2026-04-25 09:05:07,541 [INFO] USD fallback computed: mid=156200 buy=155700 sell=156700
2026-04-25 09:05:07,541 [INFO] pi_jt EUR not found, trying fallback sources
2026-04-25 09:05:08,125 [INFO] EUR fallback computed: mid=183230 buy=182750 sell=183750
2026-04-25 09:05:08,125 [INFO] Prices fetched: USD buy=155700 sell=156700 (src=dollar_tehran3bze+tahran_sabza) | EUR buy=182750 sell=183750 (src=navasanchannel)
2026-04-25 09:05:08,462 [INFO] TRY mid calculated: 156200.00 / 45.0240 = 3469.26 -> Buy: 3380, Sell: 3480
2026-04-25 09:05:08,462 [INFO] cycle Tehran=12:35 changed=True silent=33.8min -> post (change)
2026-04-25 09:05:08,958 [INFO] cycle result: {'action': 'posted', 'detail': 'change'}
2026-04-25 09:35:16,513 [INFO] pi_jt USD not found, trying fallback sources
2026-04-25 09:35:17,380 [INFO] USD fallback computed: mid=155500 buy=155000 sell=156000
2026-04-25 09:35:17,380 [INFO] pi_jt EUR not found, trying fallback sources
2026-04-25 09:35:17,882 [INFO] EUR fallback computed: mid=183110 buy=182600 sell=183600
2026-04-25 09:35:17,882 [INFO] Prices fetched: USD buy=155000 sell=156000 (src=dollar_tehran3bze+tahran_sabza) | EUR buy=182600 sell=183600 (src=navasanchannel)
2026-04-25 09:35:18,124 [INFO] TRY mid calculated: 155500.00 / 45.0240 = 3453.71 -> Buy: 3360, Sell: 3460
2026-04-25 09:35:18,124 [INFO] cycle Tehran=13:05 changed=True silent=30.2min -> post (change)
2026-04-25 09:35:18,595 [INFO] cycle result: {'action': 'posted', 'detail': 'change'}
2026-04-25 10:03:14,241 [INFO] pi_jt USD not found, trying fallback sources
2026-04-25 10:03:14,974 [INFO] USD fallback computed: mid=156200 buy=155700 sell=156700
2026-04-25 10:03:14,974 [INFO] pi_jt EUR not found, trying fallback sources
2026-04-25 10:03:15,455 [INFO] EUR fallback computed: mid=183110 buy=182600 sell=183600
2026-04-25 10:03:15,455 [INFO] Prices fetched: USD buy=155700 sell=156700 (src=dollar_tehran3bze+tahran_sabza) | EUR buy=182600 sell=183600 (src=navasanchannel)
2026-04-25 10:03:15,684 [INFO] TRY mid calculated: 156200.00 / 45.0240 = 3469.26 -> Buy: 3380, Sell: 3480
2026-04-25 10:03:15,684 [INFO] cycle Tehran=13:33 changed=True silent=28.0min -> post (change)
2026-04-25 10:03:16,141 [INFO] cycle result: {'action': 'posted', 'detail': 'change'}
2026-04-25 10:31:00,009 [INFO] pi_jt USD not found, trying fallback sources
2026-04-25 10:31:00,796 [INFO] USD fallback computed: mid=156000 buy=155500 sell=156500
2026-04-25 10:31:00,796 [INFO] pi_jt EUR not found, trying fallback sources
2026-04-25 10:31:01,250 [INFO] EUR fallback computed: mid=182880 buy=182400 sell=183400
2026-04-25 10:31:01,250 [INFO] Prices fetched: USD buy=155500 sell=156500 (src=dollar_tehran3bze+tahran_sabza) | EUR buy=182400 sell=183400 (src=navasanchannel)
2026-04-25 10:31:01,415 [INFO] TRY mid calculated: 156000.00 / 45.0240 = 3464.82 -> Buy: 3370, Sell: 3470
2026-04-25 10:31:01,415 [INFO] cycle Tehran=14:00 changed=True silent=27.8min -> post (change)
2026-04-25 10:31:01,826 [INFO] cycle result: {'action': 'posted', 'detail': 'change'}
2026-04-25 11:00:58,600 [INFO] pi_jt USD not found, trying fallback sources
2026-04-25 11:00:59,461 [INFO] USD fallback computed: mid=155800 buy=155300 sell=156300
2026-04-25 11:00:59,461 [INFO] pi_jt EUR not found, trying fallback sources
2026-04-25 11:00:59,991 [INFO] EUR fallback computed: mid=182760 buy=182250 sell=183250
2026-04-25 11:00:59,991 [INFO] Prices fetched: USD buy=155300 sell=156300 (src=dollar_tehran3bze+tahran_sabza) | EUR buy=182250 sell=183250 (src=navasanchannel)
2026-04-25 11:01:00,268 [INFO] TRY mid calculated: 155800.00 / 45.0240 = 3460.38 -> Buy: 3370, Sell: 3470
2026-04-25 11:01:00,268 [INFO] cycle Tehran=14:30 changed=True silent=30.0min -> post (change)
2026-04-25 11:01:00,690 [INFO] cycle result: {'action': 'posted', 'detail': 'change'}
2026-04-25 11:25:52,505 [INFO] pi_jt USD not found, trying fallback sources
2026-04-25 11:25:53,296 [INFO] USD fallback computed: mid=155500 buy=155000 sell=156000
2026-04-25 11:25:53,296 [INFO] pi_jt EUR not found, trying fallback sources
2026-04-25 11:25:53,772 [INFO] EUR fallback computed: mid=182880 buy=182400 sell=183400
2026-04-25 11:25:53,772 [INFO] Prices fetched: USD buy=155000 sell=156000 (src=dollar_tehran3bze+tahran_sabza) | EUR buy=182400 sell=183400 (src=navasanchannel)
2026-04-25 11:25:54,095 [INFO] TRY mid calculated: 155500.00 / 45.0240 = 3453.71 -> Buy: 3360, Sell: 3460
2026-04-25 11:25:54,095 [INFO] cycle Tehran=14:55 changed=True silent=24.9min -> post (change)
2026-04-25 11:25:54,525 [INFO] cycle result: {'action': 'posted', 'detail': 'change'}
2026-04-25 11:30:54,604 [INFO] pi_jt USD not found, trying fallback sources
2026-04-25 11:30:55,583 [INFO] USD fallback computed: mid=156000 buy=155500 sell=156500
2026-04-25 11:30:55,583 [INFO] pi_jt EUR not found, trying fallback sources
2026-04-25 11:30:56,150 [INFO] EUR fallback computed: mid=182880 buy=182400 sell=183400
2026-04-25 11:30:56,150 [INFO] Prices fetched: USD buy=155500 sell=156500 (src=dollar_tehran3bze+tahran_sabza) | EUR buy=182400 sell=183400 (src=navasanchannel)
2026-04-25 11:30:56,537 [INFO] TRY mid calculated: 156000.00 / 45.0240 = 3464.82 -> Buy: 3370, Sell: 3470
2026-04-25 11:30:56,537 [INFO] cycle Tehran=15:00 changed=True silent=5.1min -> post (change)
2026-04-25 11:30:57,202 [INFO] cycle result: {'action': 'posted', 'detail': 'change'}
2026-04-25 12:02:16,892 [INFO] pi_jt USD not found, trying fallback sources
2026-04-25 12:02:18,028 [INFO] USD fallback computed: mid=155800 buy=155300 sell=156300
2026-04-25 12:02:18,028 [INFO] pi_jt EUR not found, trying fallback sources
2026-04-25 12:02:18,731 [INFO] EUR fallback computed: mid=182760 buy=182250 sell=183250
2026-04-25 12:02:18,732 [INFO] Prices fetched: USD buy=155300 sell=156300 (src=dollar_tehran3bze+tahran_sabza) | EUR buy=182250 sell=183250 (src=navasanchannel)
2026-04-25 12:02:19,101 [INFO] TRY mid calculated: 155800.00 / 45.0240 = 3460.38 -> Buy: 3370, Sell: 3470
2026-04-25 12:02:19,101 [INFO] cycle Tehran=15:32 changed=True silent=31.4min -> post (change)
2026-04-25 12:02:19,660 [INFO] cycle result: {'action': 'posted', 'detail': 'change'}
2026-04-25 12:32:58,565 [INFO] pi_jt USD not found, trying fallback sources
2026-04-25 12:32:59,696 [INFO] USD fallback computed: mid=155800 buy=155300 sell=156300
2026-04-25 12:32:59,696 [INFO] pi_jt EUR not found, trying fallback sources
2026-04-25 12:33:00,380 [INFO] EUR fallback computed: mid=182760 buy=182250 sell=183250
2026-04-25 12:33:00,380 [INFO] Prices fetched: USD buy=155300 sell=156300 (src=dollar_tehran3bze+tahran_sabza) | EUR buy=182250 sell=183250 (src=navasanchannel)
2026-04-25 12:33:00,724 [INFO] TRY mid calculated: 155800.00 / 45.0240 = 3460.38 -> Buy: 3370, Sell: 3470
2026-04-25 12:33:00,724 [INFO] cycle Tehran=16:02 changed=False silent=30.7min -> post (silence_limit)
2026-04-25 12:33:01,353 [INFO] cycle result: {'action': 'posted', 'detail': 'silence_limit'}
2026-04-25 13:05:10,321 [INFO] pi_jt USD not found, trying fallback sources
2026-04-25 13:05:11,370 [INFO] USD fallback computed: mid=155800 buy=155300 sell=156300
2026-04-25 13:05:11,370 [INFO] pi_jt EUR not found, trying fallback sources
2026-04-25 13:05:12,015 [INFO] EUR fallback computed: mid=182640 buy=182150 sell=183150
2026-04-25 13:05:12,015 [INFO] Prices fetched: USD buy=155300 sell=156300 (src=dollar_tehran3bze+tahran_sabza) | EUR buy=182150 sell=183150 (src=navasanchannel)
2026-04-25 13:05:12,471 [INFO] TRY mid calculated: 155800.00 / 45.0240 = 3460.38 -> Buy: 3370, Sell: 3470
2026-04-25 13:05:12,471 [INFO] cycle Tehran=16:35 changed=True silent=32.2min -> post (change)
2026-04-25 13:05:13,070 [INFO] cycle result: {'action': 'posted', 'detail': 'change'}
2026-04-25 13:06:47,953 [INFO] pi_jt USD not found, trying fallback sources
2026-04-25 13:06:49,089 [INFO] USD fallback computed: mid=155800 buy=155300 sell=156300
2026-04-25 13:06:49,089 [INFO] pi_jt EUR not found, trying fallback sources
2026-04-25 13:06:49,770 [INFO] EUR fallback computed: mid=182640 buy=182150 sell=183150
2026-04-25 13:06:49,770 [INFO] Prices fetched: USD buy=155300 sell=156300 (src=dollar_tehran3bze+tahran_sabza) | EUR buy=182150 sell=183150 (src=navasanchannel)
2026-04-25 13:06:50,216 [INFO] TRY mid calculated: 155800.00 / 45.0240 = 3460.38 -> Buy: 3370, Sell: 3470
2026-04-25 13:06:50,216 [INFO] cycle Tehran=16:36 changed=False silent=1.7min -> skip (no_change_within_silence_window)
2026-04-25 13:06:50,216 [INFO] cycle result: {'action': 'skip', 'detail': 'no_change_within_silence_window'}
2026-04-25 13:14:50,481 [INFO] pi_jt USD sell post found: 155800 from: دلار فردایی تهران
⏳
155,800 فروش
🔴
2026-04-25 13:14:50,481 [INFO] pi_jt USD final (sell-only): buy=154800 sell=155800 (spread enforced)
2026-04-25 13:14:50,481 [INFO] pi_jt EUR not found, trying fallback sources
2026-04-25 13:14:50,952 [INFO] EUR fallback computed: mid=155800 buy=155300 sell=156300
2026-04-25 13:14:50,952 [INFO] Prices fetched: USD buy=154800 sell=155800 (src=pi_jt) | EUR buy=155300 sell=156300 (src=navasanchannel)
2026-04-25 13:14:51,107 [INFO] TRY mid calculated: 155300.00 / 45.0240 = 3449.27 -> Buy: 3360, Sell: 3460
2026-04-25 13:14:51,107 [INFO] cycle Tehran=16:44 changed=True silent=9.7min -> post (change)
2026-04-25 13:14:51,530 [INFO] cycle result: {'action': 'posted', 'detail': 'change'}
2026-04-25 13:17:27,379 [INFO] pi_jt USD sell post found: 155800 from: دلار فردایی تهران
⏳
155,800 فروش
🔴
2026-04-25 13:17:27,380 [INFO] pi_jt USD final (sell-only): buy=154800 sell=155800 (spread enforced)
2026-04-25 13:17:27,380 [INFO] pi_jt EUR not found, trying fallback sources
2026-04-25 13:17:27,917 [INFO] EUR fallback (after-keyword): 182640 from دلار آمریکا
🇺🇸
155,800
تغییر 800+▲      %0.52+
یورو
🇪🇺
182,6
2026-04-25 13:17:27,918 [INFO] EUR fallback computed: mid=182640 buy=182150 sell=183150
2026-04-25 13:17:27,918 [INFO] Prices fetched: USD buy=154800 sell=155800 (src=pi_jt) | EUR buy=182150 sell=183150 (src=navasanchannel)
2026-04-25 13:17:28,192 [INFO] TRY mid calculated: 155300.00 / 45.0240 = 3449.27 -> Buy: 3360, Sell: 3460
2026-04-25 13:17:28,192 [INFO] cycle Tehran=16:47 changed=True silent=2.6min -> post (change)
2026-04-25 13:17:28,680 [INFO] cycle result: {'action': 'posted', 'detail': 'change'}
2026-04-25 13:35:00,046 [INFO] pi_jt USD sell post found: 155800 from: دلار فردایی تهران
⏳
155,800 فروش
🔴
2026-04-25 13:35:00,046 [INFO] pi_jt USD final (sell-only): buy=154800 sell=155800 (spread enforced)
2026-04-25 13:35:00,046 [INFO] pi_jt EUR not found, trying fallback sources
2026-04-25 13:35:00,540 [INFO] EUR fallback (sell pattern): 182640 from 💵
دلار آمریکا فروش
🔴
: 155,800 تومان
💵
دلار آمریکا خرید
🔵
: 
2026-04-25 13:35:00,540 [INFO] EUR fallback computed: mid=182640 buy=182150 sell=183150
2026-04-25 13:35:00,540 [INFO] Prices fetched: USD buy=154800 sell=155800 (src=pi_jt) | EUR buy=182150 sell=183150 (src=navasanchannel)
2026-04-25 13:35:00,782 [INFO] TRY mid calculated: 155300.00 / 45.0240 = 3449.27 -> Buy: 3360, Sell: 3460
2026-04-25 13:35:00,782 [INFO] cycle Tehran=17:04 changed=False silent=17.6min -> skip (no_change_within_silence_window)
2026-04-25 13:35:00,783 [INFO] cycle result: {'action': 'skip', 'detail': 'no_change_within_silence_window'}
2026-04-25 14:01:30,595 [INFO] pi_jt USD sell post found: 156000 from: دلار فردایی تهران
⏳
156,000 فروش
🔴
2026-04-25 14:01:30,596 [INFO] pi_jt USD final (sell-only): buy=155000 sell=156000 (spread enforced)
2026-04-25 14:01:30,596 [INFO] pi_jt EUR not found, trying fallback sources
2026-04-25 14:01:31,159 [INFO] EUR fallback (sell pattern): 182880 from 💵
دلار آمریکا فروش
🔴
: 156,000 تومان
💵
دلار آمریکا خرید
🔵
: 
2026-04-25 14:01:31,159 [INFO] EUR fallback computed: mid=182880 buy=182400 sell=183400
2026-04-25 14:01:31,159 [INFO] Prices fetched: USD buy=155000 sell=156000 (src=pi_jt) | EUR buy=182400 sell=183400 (src=navasanchannel)
2026-04-25 14:01:31,483 [INFO] TRY mid calculated: 155500.00 / 45.0240 = 3453.71 -> Buy: 3360, Sell: 3460
2026-04-25 14:01:31,483 [INFO] cycle Tehran=17:31 changed=True silent=44.1min -> post (change)
2026-04-25 14:01:32,001 [INFO] cycle result: {'action': 'posted', 'detail': 'change'}
2026-04-25 14:11:39,526 [INFO] pi_jt USD sell post found: 156000 from: دلار فردایی تهران
⏳
156,000 فروش
🔴
2026-04-25 14:11:39,527 [INFO] pi_jt USD final (sell-only): buy=155000 sell=156000 (spread enforced)
2026-04-25 14:11:39,527 [INFO] pi_jt EUR not found, trying fallback sources
2026-04-25 14:11:40,016 [INFO] EUR fallback (sell pattern): 182880 from 💵
دلار آمریکا فروش
🔴
: 156,000 تومان
💵
دلار آمریکا خرید
🔵
: 
2026-04-25 14:11:40,016 [INFO] EUR fallback computed: mid=182880 buy=182400 sell=183400
2026-04-25 14:11:40,016 [INFO] Prices fetched: USD buy=155000 sell=156000 (src=pi_jt) | EUR buy=182400 sell=183400 (src=navasanchannel)
2026-04-25 14:11:40,184 [INFO] TRY mid calculated: 155500.00 / 45.0240 = 3453.71 -> Buy: 3360, Sell: 3460
2026-04-25 14:11:40,185 [INFO] cycle Tehran=17:41 changed=False silent=10.2min -> skip (no_change_within_silence_window)
2026-04-25 14:11:40,185 [INFO] cycle result: {'action': 'skip', 'detail': 'no_change_within_silence_window'}
2026-04-25 14:31:59,124 [INFO] pi_jt USD sell post found: 156200 from: دلار فردایی تهران
⏳
156,200 فروش
🔴
2026-04-25 14:31:59,124 [INFO] pi_jt USD final (sell-only): buy=155200 sell=156200 (spread enforced)
2026-04-25 14:31:59,124 [INFO] pi_jt EUR not found, trying fallback sources
2026-04-25 14:31:59,562 [INFO] EUR fallback (sell pattern): 183110 from 💵
دلار آمریکا فروش
🔴
: 156,200 تومان
💵
دلار آمریکا خرید
🔵
: 
2026-04-25 14:31:59,562 [INFO] EUR fallback computed: mid=183110 buy=182600 sell=183600
2026-04-25 14:31:59,562 [INFO] Prices fetched: USD buy=155200 sell=156200 (src=pi_jt) | EUR buy=182600 sell=183600 (src=navasanchannel)
2026-04-25 14:31:59,798 [INFO] TRY mid calculated: 155700.00 / 45.0240 = 3458.16 -> Buy: 3370, Sell: 3470
2026-04-25 14:31:59,798 [INFO] cycle Tehran=18:01 changed=True silent=30.5min -> post (change)
2026-04-25 14:32:00,260 [INFO] cycle result: {'action': 'posted', 'detail': 'change'}
2026-04-25 15:01:57,843 [INFO] pi_jt USD sell post found: 156200 from: دلار فردایی تهران
⏳
156,200 فروش
🔴
2026-04-25 15:01:57,843 [INFO] pi_jt USD final (sell-only): buy=155200 sell=156200 (spread enforced)
2026-04-25 15:01:57,843 [INFO] pi_jt EUR not found, trying fallback sources
2026-04-25 15:01:58,428 [INFO] EUR fallback (sell pattern): 183110 from 💵
دلار آمریکا فروش
🔴
: 156,200 تومان
💵
دلار آمریکا خرید
🔵
: 
2026-04-25 15:01:58,428 [INFO] EUR fallback computed: mid=183110 buy=182600 sell=183600
2026-04-25 15:01:58,428 [INFO] Prices fetched: USD buy=155200 sell=156200 (src=pi_jt) | EUR buy=182600 sell=183600 (src=navasanchannel)
2026-04-25 15:01:58,769 [INFO] TRY mid calculated: 155700.00 / 45.0240 = 3458.16 -> Buy: 3370, Sell: 3470
2026-04-25 15:01:58,769 [INFO] cycle Tehran=18:31 changed=False silent=30.0min -> post (silence_limit)
2026-04-25 15:01:59,398 [INFO] cycle result: {'action': 'posted', 'detail': 'silence_limit'}
2026-04-25 15:30:51,914 [INFO] pi_jt USD sell post found: 156200 from: دلار فردایی تهران
⏳
156,200 فروش
🔴
2026-04-25 15:30:51,914 [INFO] pi_jt USD final (sell-only): buy=155200 sell=156200 (spread enforced)
2026-04-25 15:30:51,914 [INFO] pi_jt EUR not found, trying fallback sources
2026-04-25 15:30:52,380 [INFO] EUR fallback (sell pattern): 183110 from 💵
دلار آمریکا فروش
🔴
: 156,200 تومان
💵
دلار آمریکا خرید
🔵
: 
2026-04-25 15:30:52,380 [INFO] EUR fallback computed: mid=183110 buy=182600 sell=183600
2026-04-25 15:30:52,380 [INFO] Prices fetched: USD buy=155200 sell=156200 (src=pi_jt) | EUR buy=182600 sell=183600 (src=navasanchannel)
2026-04-25 15:30:52,647 [INFO] TRY mid calculated: 155700.00 / 45.0240 = 3458.16 -> Buy: 3370, Sell: 3470
2026-04-25 15:30:52,647 [INFO] cycle Tehran=19:00 changed=False silent=28.9min -> skip (no_change_within_silence_window)
2026-04-25 15:30:52,647 [INFO] cycle result: {'action': 'skip', 'detail': 'no_change_within_silence_window'}
2026-04-25 16:02:29,904 [INFO] pi_jt USD sell post found: 156100 from: دلار فردایی تهران
⏳
156,100 فروش
🔴
2026-04-25 16:02:29,904 [INFO] pi_jt USD final (sell-only): buy=155100 sell=156100 (spread enforced)
2026-04-25 16:02:29,904 [INFO] pi_jt EUR not found, trying fallback sources
2026-04-25 16:02:30,409 [INFO] EUR fallback (sell pattern): 182990 from 💵
دلار آمریکا فروش
🔴
: 156,100 تومان
💵
دلار آمریکا خرید
🔵
: 
2026-04-25 16:02:30,409 [INFO] EUR fallback computed: mid=182990 buy=182500 sell=183500
2026-04-25 16:02:30,409 [INFO] Prices fetched: USD buy=155100 sell=156100 (src=pi_jt) | EUR buy=182500 sell=183500 (src=navasanchannel)
2026-04-25 16:02:30,657 [INFO] TRY mid calculated: 155600.00 / 45.0240 = 3455.93 -> Buy: 3370, Sell: 3470
2026-04-25 16:02:30,658 [INFO] cycle Tehran=19:32 changed=True silent=60.6min -> post (change)
2026-04-25 16:02:31,142 [INFO] cycle result: {'action': 'posted', 'detail': 'change'}
2026-04-25 16:08:37,696 [INFO] pi_jt USD sell post found: 156100 from: دلار فردایی تهران
⏳
156,100 فروش
🔴
2026-04-25 16:08:37,696 [INFO] pi_jt USD final (sell-only): buy=155100 sell=156100 (spread enforced)
2026-04-25 16:08:37,697 [INFO] pi_jt EUR not found, trying fallback sources
2026-04-25 16:08:38,394 [INFO] EUR fallback (sell pattern): 182990 from 💵
دلار آمریکا فروش
🔴
: 156,100 تومان
💵
دلار آمریکا خرید
🔵
: 
2026-04-25 16:08:38,394 [INFO] EUR fallback computed: mid=182990 buy=182500 sell=183500
2026-04-25 16:08:38,394 [INFO] Prices fetched: USD buy=155100 sell=156100 (src=pi_jt) | EUR buy=182500 sell=183500 (src=navasanchannel)
2026-04-25 16:08:38,784 [INFO] TRY mid calculated: 155600.00 / 45.0240 = 3455.93 -> Buy: 3370, Sell: 3470
2026-04-25 16:08:38,784 [INFO] cycle Tehran=19:38 changed=False silent=6.2min -> skip (no_change_within_silence_window)
2026-04-25 16:08:38,785 [INFO] cycle result: {'action': 'skip', 'detail': 'no_change_within_silence_window'}
2026-04-25 16:30:56,786 [INFO] pi_jt USD sell post found: 156100 from: دلار فردایی تهران
⏳
156,100 فروش
🔴
2026-04-25 16:30:56,786 [INFO] pi_jt USD final (sell-only): buy=155100 sell=156100 (spread enforced)
2026-04-25 16:30:56,786 [INFO] pi_jt EUR not found, trying fallback sources
2026-04-25 16:30:57,284 [INFO] EUR fallback (sell pattern): 182990 from 💵
دلار آمریکا فروش
🔴
: 156,100 تومان
💵
دلار آمریکا خرید
🔵
: 
2026-04-25 16:30:57,284 [INFO] EUR fallback computed: mid=182990 buy=182500 sell=183500
2026-04-25 16:30:57,284 [INFO] Prices fetched: USD buy=155100 sell=156100 (src=pi_jt) | EUR buy=182500 sell=183500 (src=navasanchannel)
2026-04-25 16:30:57,506 [INFO] TRY mid calculated: 155600.00 / 45.0240 = 3455.93 -> Buy: 3370, Sell: 3470
2026-04-25 16:30:57,507 [INFO] cycle Tehran=20:00 changed=False silent=28.5min -> skip (no_change_within_silence_window)
2026-04-25 16:30:57,507 [INFO] cycle result: {'action': 'skip', 'detail': 'no_change_within_silence_window'}
2026-04-25 17:05:18,982 [INFO] pi_jt USD sell post found: 156100 from: دلار فردایی تهران
⏳
156,100 فروش
🔴
2026-04-25 17:05:18,983 [INFO] pi_jt USD final (sell-only): buy=155100 sell=156100 (spread enforced)
2026-04-25 17:05:18,983 [INFO] pi_jt EUR not found, trying fallback sources
2026-04-25 17:05:19,445 [INFO] EUR fallback (sell pattern): 184630 from 💵
دلار آمریکا فروش
🔴
: 157,500 تومان
💵
دلار آمریکا خرید
🔵
: 
2026-04-25 17:05:19,445 [INFO] EUR fallback computed: mid=184630 buy=184150 sell=185150
2026-04-25 17:05:19,445 [INFO] Prices fetched: USD buy=155100 sell=156100 (src=pi_jt) | EUR buy=184150 sell=185150 (src=navasanchannel)
2026-04-25 17:05:19,765 [INFO] TRY mid calculated: 155600.00 / 45.0240 = 3455.93 -> Buy: 3370, Sell: 3470
2026-04-25 17:05:19,765 [INFO] cycle Tehran=20:35 changed=True silent=62.8min -> post (change)
2026-04-25 17:05:20,222 [INFO] cycle result: {'action': 'posted', 'detail': 'change'}
2026-04-25 17:32:30,100 [INFO] pi_jt USD sell post found: 157500 from: دلار فردایی تهران
⏳
157,500 فروش
🔴
2026-04-25 17:32:30,100 [INFO] pi_jt USD final (sell-only): buy=156500 sell=157500 (spread enforced)
2026-04-25 17:32:30,100 [INFO] pi_jt EUR not found, trying fallback sources
2026-04-25 17:32:30,673 [INFO] EUR fallback (sell pattern): 184870 from 💵
دلار آمریکا فروش
🔴
: 157,700 تومان
💵
دلار آمریکا خرید
🔵
: 
2026-04-25 17:32:30,673 [INFO] EUR fallback computed: mid=184870 buy=184350 sell=185350
2026-04-25 17:32:30,673 [INFO] Prices fetched: USD buy=156500 sell=157500 (src=pi_jt) | EUR buy=184350 sell=185350 (src=navasanchannel)
2026-04-25 17:32:31,077 [INFO] TRY mid calculated: 157000.00 / 45.0240 = 3487.03 -> Buy: 3400, Sell: 3500
2026-04-25 17:32:31,078 [INFO] cycle Tehran=21:02 changed=True silent=27.2min -> post (change)
2026-04-25 17:32:31,619 [INFO] cycle result: {'action': 'posted', 'detail': 'change'}
2026-04-25 18:06:08,596 [INFO] pi_jt USD sell post found: 157500 from: دلار فردایی تهران
⏳
157,500 فروش
🔴
2026-04-25 18:06:08,596 [INFO] pi_jt USD final (sell-only): buy=156500 sell=157500 (spread enforced)
2026-04-25 18:06:08,596 [INFO] pi_jt EUR not found, trying fallback sources
2026-04-25 18:06:09,277 [INFO] EUR fallback (sell pattern): 184870 from 💵
دلار آمریکا فروش
🔴
: 157,700 تومان
💵
دلار آمریکا خرید
🔵
: 
2026-04-25 18:06:09,277 [INFO] EUR fallback computed: mid=184870 buy=184350 sell=185350
2026-04-25 18:06:09,277 [INFO] Prices fetched: USD buy=156500 sell=157500 (src=pi_jt) | EUR buy=184350 sell=185350 (src=navasanchannel)
2026-04-25 18:06:09,805 [INFO] TRY mid calculated: 157000.00 / 45.0240 = 3487.03 -> Buy: 3400, Sell: 3500
2026-04-25 18:06:09,805 [INFO] cycle Tehran=21:36 changed=False silent=33.7min -> post (silence_limit)
2026-04-25 18:06:10,463 [INFO] cycle result: {'action': 'posted', 'detail': 'silence_limit'}
2026-04-25 18:07:57,340 [INFO] pi_jt USD sell post found: 157500 from: دلار فردایی تهران
⏳
157,500 فروش
🔴
2026-04-25 18:07:57,340 [INFO] pi_jt USD final (sell-only): buy=156500 sell=157500 (spread enforced)
2026-04-25 18:07:57,340 [INFO] pi_jt EUR not found, trying fallback sources
2026-04-25 18:07:57,857 [INFO] EUR fallback (sell pattern): 184870 from 💵
دلار آمریکا فروش
🔴
: 157,700 تومان
💵
دلار آمریکا خرید
🔵
: 
2026-04-25 18:07:57,857 [INFO] EUR fallback computed: mid=184870 buy=184350 sell=185350
2026-04-25 18:07:57,857 [INFO] Prices fetched: USD buy=156500 sell=157500 (src=pi_jt) | EUR buy=184350 sell=185350 (src=navasanchannel)
2026-04-25 18:07:58,112 [INFO] TRY mid calculated: 157000.00 / 45.0240 = 3487.03 -> Buy: 3400, Sell: 3500
2026-04-25 18:07:58,113 [INFO] cycle Tehran=21:37 changed=False silent=1.8min -> skip (no_change_within_silence_window)
2026-04-25 18:07:58,113 [INFO] cycle result: {'action': 'skip', 'detail': 'no_change_within_silence_window'}
2026-04-25 18:34:55,784 [INFO] pi_jt USD sell post found: 157500 from: دلار فردایی تهران
⏳
157,500 فروش
🔴
2026-04-25 18:34:55,784 [INFO] pi_jt USD final (sell-only): buy=156500 sell=157500 (spread enforced)
2026-04-25 18:34:55,784 [INFO] pi_jt EUR not found, trying fallback sources
2026-04-25 18:34:56,235 [INFO] EUR fallback (sell pattern): 184870 from 💵
دلار آمریکا فروش
🔴
: 157,700 تومان
💵
دلار آمریکا خرید
🔵
: 
2026-04-25 18:34:56,235 [INFO] EUR fallback computed: mid=184870 buy=184350 sell=185350
2026-04-25 18:34:56,235 [INFO] Prices fetched: USD buy=156500 sell=157500 (src=pi_jt) | EUR buy=184350 sell=185350 (src=navasanchannel)
2026-04-25 18:34:56,404 [INFO] TRY mid calculated: 157000.00 / 45.0240 = 3487.03 -> Buy: 3400, Sell: 3500
2026-04-25 18:34:56,405 [INFO] cycle Tehran=22:04 changed=False silent=28.8min -> skip (no_change_within_silence_window)
2026-04-25 18:34:56,405 [INFO] cycle result: {'action': 'skip', 'detail': 'no_change_within_silence_window'}
2026-04-25 20:07:12,316 [INFO] pi_jt USD sell post found: 157500 from: دلار فردایی تهران
⏳
157,500 فروش
🔴
2026-04-25 20:07:12,316 [INFO] pi_jt USD final (sell-only): buy=156500 sell=157500 (spread enforced)
2026-04-25 20:07:12,316 [INFO] pi_jt EUR not found, trying fallback sources
2026-04-25 20:07:12,758 [INFO] EUR fallback (sell pattern): 184870 from 💵
دلار آمریکا فروش
🔴
: 157,700 تومان
💵
دلار آمریکا خرید
🔵
: 
2026-04-25 20:07:12,758 [INFO] EUR fallback computed: mid=184870 buy=184350 sell=185350
2026-04-25 20:07:12,758 [INFO] Prices fetched: USD buy=156500 sell=157500 (src=pi_jt) | EUR buy=184350 sell=185350 (src=navasanchannel)
2026-04-25 20:07:12,958 [INFO] TRY mid calculated: 157000.00 / 45.0240 = 3487.03 -> Buy: 3400, Sell: 3500
2026-04-25 20:07:12,958 [INFO] cycle Tehran=23:37 changed=False silent=121.1min -> post (silence_limit)
2026-04-25 20:07:13,339 [INFO] cycle result: {'action': 'posted', 'detail': 'silence_limit'}
2026-04-25 22:04:12,530 [INFO] outside working hours (Tehran 01:34); sleeping
2026-04-25 22:04:12,530 [INFO] cycle result: {'action': 'idle', 'detail': 'outside_working_hours'}
2026-04-26 03:04:46,200 [INFO] outside working hours (Tehran 06:34); sleeping
2026-04-26 03:04:46,201 [INFO] cycle result: {'action': 'idle', 'detail': 'outside_working_hours'}
2026-04-26 03:34:36,064 [INFO] outside working hours (Tehran 07:04); sleeping
2026-04-26 03:34:36,065 [INFO] cycle result: {'action': 'idle', 'detail': 'outside_working_hours'}
2026-04-26 04:05:23,006 [INFO] outside working hours (Tehran 07:35); sleeping
2026-04-26 04:05:23,006 [INFO] cycle result: {'action': 'idle', 'detail': 'outside_working_hours'}
2026-04-26 04:31:21,878 [INFO] outside working hours (Tehran 08:01); sleeping
2026-04-26 04:31:21,879 [INFO] cycle result: {'action': 'idle', 'detail': 'outside_working_hours'}
2026-04-26 05:05:55,019 [INFO] outside working hours (Tehran 08:35); sleeping
2026-04-26 05:05:55,019 [INFO] cycle result: {'action': 'idle', 'detail': 'outside_working_hours'}
2026-04-26 05:33:34,436 [INFO] pi_jt USD sell post found: 157500 from: دلار فردایی تهران
⏳
157,500 فروش
🔴
2026-04-26 05:33:34,436 [INFO] pi_jt USD final (sell-only): buy=156500 sell=157500 (spread enforced)
2026-04-26 05:33:34,436 [INFO] pi_jt EUR not found, trying fallback sources
2026-04-26 05:33:35,002 [INFO] EUR fallback (sell pattern): 184870 from 💵
دلار آمریکا فروش
🔴
: 157,700 تومان
💵
دلار آمریکا خرید
🔵
: 
2026-04-26 05:33:35,002 [INFO] EUR fallback computed: mid=184870 buy=184350 sell=185350
2026-04-26 05:33:35,002 [INFO] Prices fetched: USD buy=156500 sell=157500 (src=pi_jt) | EUR buy=184350 sell=185350 (src=navasanchannel)
2026-04-26 05:33:35,410 [INFO] TRY mid calculated: 157000.00 / 45.0250 = 3486.95 -> Buy: 3400, Sell: 3500
2026-04-26 05:33:35,410 [INFO] cycle Tehran=09:03 changed=False silent=566.4min -> post (silence_limit)
2026-04-26 05:33:35,913 [INFO] cycle result: {'action': 'posted', 'detail': 'silence_limit'}
2026-04-26 06:04:22,458 [INFO] pi_jt USD sell post found: 157500 from: دلار فردایی تهران
⏳
157,500 فروش
🔴
2026-04-26 06:04:22,458 [INFO] pi_jt USD final (sell-only): buy=156500 sell=157500 (spread enforced)
2026-04-26 06:04:22,458 [INFO] pi_jt EUR not found, trying fallback sources
2026-04-26 06:04:22,882 [INFO] EUR fallback (sell pattern): 184870 from 💵
دلار آمریکا فروش
🔴
: 157,700 تومان
💵
دلار آمریکا خرید
🔵
: 
2026-04-26 06:04:22,882 [INFO] EUR fallback computed: mid=184870 buy=184350 sell=185350
2026-04-26 06:04:22,882 [INFO] Prices fetched: USD buy=156500 sell=157500 (src=pi_jt) | EUR buy=184350 sell=185350 (src=navasanchannel)
2026-04-26 06:04:23,043 [INFO] TRY mid calculated: 157000.00 / 45.0250 = 3486.95 -> Buy: 3400, Sell: 3500
2026-04-26 06:04:23,043 [INFO] cycle Tehran=09:34 changed=False silent=30.8min -> post (silence_limit)
2026-04-26 06:04:23,402 [INFO] cycle result: {'action': 'posted', 'detail': 'silence_limit'}
2026-04-26 06:31:49,311 [INFO] pi_jt USD sell post found: 157500 from: دلار فردایی تهران
⏳
157,500 فروش
🔴
2026-04-26 06:31:49,311 [INFO] pi_jt USD final (sell-only): buy=156500 sell=157500 (spread enforced)
2026-04-26 06:31:49,311 [INFO] pi_jt EUR not found, trying fallback sources
2026-04-26 06:31:49,756 [INFO] EUR fallback (after-keyword): 184630 from دلار آمریکا
🇺🇸
157,500
تغییر 0◄      %0.00
یورو
🇪🇺
184,630
ت
2026-04-26 06:31:49,756 [INFO] EUR fallback computed: mid=184630 buy=184150 sell=185150
2026-04-26 06:31:49,757 [INFO] Prices fetched: USD buy=156500 sell=157500 (src=pi_jt) | EUR buy=184150 sell=185150 (src=navasanchannel)
2026-04-26 06:31:49,904 [INFO] TRY mid calculated: 157000.00 / 45.0250 = 3486.95 -> Buy: 3400, Sell: 3500
2026-04-26 06:31:49,904 [INFO] cycle Tehran=10:01 changed=True silent=27.5min -> post (change)
2026-04-26 06:31:50,334 [INFO] cycle result: {'action': 'posted', 'detail': 'change'}
2026-04-26 07:03:30,852 [INFO] pi_jt USD sell post found: 157500 from: دلار فردایی تهران
⏳
157,500 فروش
🔴
2026-04-26 07:03:30,853 [INFO] pi_jt USD final (sell-only): buy=156500 sell=157500 (spread enforced)
2026-04-26 07:03:30,853 [INFO] pi_jt EUR not found, trying fallback sources
2026-04-26 07:03:31,411 [INFO] EUR fallback (sell pattern): 184630 from 💵
دلار آمریکا فروش
🔴
: 157,500 تومان
💵
دلار آمریکا خرید
🔵
: 
2026-04-26 07:03:31,411 [INFO] EUR fallback computed: mid=184630 buy=184150 sell=185150
2026-04-26 07:03:31,411 [INFO] Prices fetched: USD buy=156500 sell=157500 (src=pi_jt) | EUR buy=184150 sell=185150 (src=navasanchannel)
2026-04-26 07:03:31,683 [INFO] TRY mid calculated: 157000.00 / 45.0250 = 3486.95 -> Buy: 3400, Sell: 3500
2026-04-26 07:03:31,684 [INFO] cycle Tehran=10:33 changed=False silent=31.7min -> post (silence_limit)
2026-04-26 07:03:32,174 [INFO] cycle result: {'action': 'posted', 'detail': 'silence_limit'}
2026-04-26 07:33:27,085 [INFO] pi_jt USD sell post found: 157400 from: دلار فردایی تهران
⏳
157,400 فروش
🔴
2026-04-26 07:33:27,085 [INFO] pi_jt USD final (sell-only): buy=156400 sell=157400 (spread enforced)
2026-04-26 07:33:27,086 [INFO] pi_jt EUR not found, trying fallback sources
2026-04-26 07:33:27,522 [INFO] EUR fallback (sell pattern): 184630 from 💵
دلار آمریکا فروش
🔴
: 157,500 تومان
💵
دلار آمریکا خرید
🔵
: 
2026-04-26 07:33:27,522 [INFO] EUR fallback computed: mid=184630 buy=184150 sell=185150
2026-04-26 07:33:27,522 [INFO] Prices fetched: USD buy=156400 sell=157400 (src=pi_jt) | EUR buy=184150 sell=185150 (src=navasanchannel)
2026-04-26 07:33:27,668 [INFO] TRY mid calculated: 156900.00 / 45.0250 = 3484.73 -> Buy: 3390, Sell: 3490
2026-04-26 07:33:27,668 [INFO] cycle Tehran=11:03 changed=True silent=30.0min -> post (change)
2026-04-26 07:33:28,063 [INFO] cycle result: {'action': 'posted', 'detail': 'change'}
2026-04-26 08:02:21,182 [INFO] pi_jt USD sell post found: 157400 from: دلار فردایی تهران
⏳
157,400 فروش
🔴
2026-04-26 08:02:21,183 [INFO] pi_jt USD final (sell-only): buy=156400 sell=157400 (spread enforced)
2026-04-26 08:02:21,183 [INFO] pi_jt EUR not found, trying fallback sources
2026-04-26 08:02:21,632 [INFO] EUR fallback (sell pattern): 184400 from 💵
دلار آمریکا فروش
🔴
: 157,300 تومان
💵
دلار آمریکا خرید
🔵
: 
2026-04-26 08:02:21,632 [INFO] EUR fallback computed: mid=184400 buy=183900 sell=184900
2026-04-26 08:02:21,633 [INFO] Prices fetched: USD buy=156400 sell=157400 (src=pi_jt) | EUR buy=183900 sell=184900 (src=navasanchannel)
2026-04-26 08:02:21,853 [INFO] TRY mid calculated: 156900.00 / 45.0250 = 3484.73 -> Buy: 3390, Sell: 3490
2026-04-26 08:02:21,853 [INFO] cycle Tehran=11:32 changed=True silent=28.9min -> post (change)
2026-04-26 08:02:22,245 [INFO] cycle result: {'action': 'posted', 'detail': 'change'}
2026-04-26 08:32:47,476 [INFO] pi_jt USD sell post found: 157400 from: دلار فردایی تهران
⏳
157,400 فروش
🔴
2026-04-26 08:32:47,476 [INFO] pi_jt USD final (sell-only): buy=156400 sell=157400 (spread enforced)
2026-04-26 08:32:47,476 [INFO] pi_jt EUR not found, trying fallback sources
2026-04-26 08:32:48,131 [INFO] EUR fallback (sell pattern): 184280 from 💵
دلار آمریکا فروش
🔴
: 157,200 تومان
💵
دلار آمریکا خرید
🔵
: 
2026-04-26 08:32:48,132 [INFO] EUR fallback computed: mid=184280 buy=183800 sell=184800
2026-04-26 08:32:48,132 [INFO] Prices fetched: USD buy=156400 sell=157400 (src=pi_jt) | EUR buy=183800 sell=184800 (src=navasanchannel)
2026-04-26 08:32:48,521 [INFO] TRY mid calculated: 156900.00 / 45.0250 = 3484.73 -> Buy: 3390, Sell: 3490
2026-04-26 08:32:48,522 [INFO] cycle Tehran=12:02 changed=True silent=30.5min -> post (change)
2026-04-26 08:32:49,191 [INFO] cycle result: {'action': 'posted', 'detail': 'change'}
2026-04-26 09:02:47,929 [INFO] pi_jt USD sell post found: 157300 from: دلار فردایی تهران
⏳
157,300 فروش
🔴
2026-04-26 09:02:47,929 [INFO] pi_jt USD final (sell-only): buy=156300 sell=157300 (spread enforced)
2026-04-26 09:02:47,929 [INFO] pi_jt EUR not found, trying fallback sources
2026-04-26 09:02:48,599 [INFO] EUR fallback (sell pattern): 184280 from 💵
دلار آمریکا فروش
🔴
: 157,200 تومان
💵
دلار آمریکا خرید
🔵
: 
2026-04-26 09:02:48,600 [INFO] EUR fallback computed: mid=184280 buy=183800 sell=184800
2026-04-26 09:02:48,600 [INFO] Prices fetched: USD buy=156300 sell=157300 (src=pi_jt) | EUR buy=183800 sell=184800 (src=navasanchannel)
2026-04-26 09:02:48,931 [INFO] TRY mid calculated: 156800.00 / 45.0250 = 3482.51 -> Buy: 3390, Sell: 3490
2026-04-26 09:02:48,931 [INFO] cycle Tehran=12:32 changed=True silent=30.0min -> post (change)
2026-04-26 09:02:49,530 [INFO] cycle result: {'action': 'posted', 'detail': 'change'}
2026-04-26 09:16:08,377 [INFO] pi_jt USD sell post found: 157300 from: دلار فردایی تهران
⏳
157,300 فروش
🔴
2026-04-26 09:16:08,377 [INFO] pi_jt USD final (sell-only): buy=156300 sell=157300 (spread enforced)
2026-04-26 09:16:08,377 [INFO] pi_jt EUR not found, trying fallback sources
2026-04-26 09:16:08,870 [INFO] EUR fallback (after-keyword): 184280 from دلار آمریکا
🇺🇸
157,200
تغییر 300-▼      %0.19-
یورو
🇪🇺
184,2
2026-04-26 09:16:08,870 [INFO] EUR fallback computed: mid=184280 buy=183800 sell=184800
2026-04-26 09:16:08,870 [INFO] Prices fetched: USD buy=156300 sell=157300 (src=pi_jt) | EUR buy=183800 sell=184800 (src=navasanchannel)
2026-04-26 09:16:09,103 [INFO] TRY mid calculated: 156800.00 / 45.0250 = 3482.51 -> Buy: 3390, Sell: 3490
2026-04-26 09:16:09,103 [INFO] cycle Tehran=12:46 changed=False silent=13.4min -> skip (no_change_within_silence_window)
2026-04-26 09:16:09,104 [INFO] cycle result: {'action': 'skip', 'detail': 'no_change_within_silence_window'}
2026-04-26 09:34:05,473 [INFO] pi_jt USD sell post found: 157200 from: دلار فردایی تهران
⏳
157,200 فروش
🔴
2026-04-26 09:34:05,474 [INFO] pi_jt USD final (sell-only): buy=156200 sell=157200 (spread enforced)
2026-04-26 09:34:05,474 [INFO] pi_jt EUR not found, trying fallback sources
2026-04-26 09:34:06,021 [INFO] EUR fallback (sell pattern): 184280 from 💵
دلار آمریکا فروش
🔴
: 157,200 تومان
💵
دلار آمریکا خرید
🔵
: 
2026-04-26 09:34:06,021 [INFO] EUR fallback computed: mid=184280 buy=183800 sell=184800
2026-04-26 09:34:06,021 [INFO] Prices fetched: USD buy=156200 sell=157200 (src=pi_jt) | EUR buy=183800 sell=184800 (src=navasanchannel)
2026-04-26 09:34:06,346 [INFO] TRY mid calculated: 156700.00 / 45.0250 = 3480.29 -> Buy: 3390, Sell: 3490
2026-04-26 09:34:06,346 [INFO] cycle Tehran=13:04 changed=True silent=31.3min -> post (change)
2026-04-26 09:34:06,855 [INFO] cycle result: {'action': 'posted', 'detail': 'change'}
2026-04-26 10:04:56,600 [INFO] pi_jt USD sell post found: 157200 from: دلار فردایی تهران
⏳
157,200 فروش
🔴
2026-04-26 10:04:56,600 [INFO] pi_jt USD final (sell-only): buy=156200 sell=157200 (spread enforced)
2026-04-26 10:04:56,600 [INFO] pi_jt EUR not found, trying fallback sources
2026-04-26 10:04:57,121 [INFO] EUR fallback (sell pattern): 184400 from 💵
دلار آمریکا فروش
🔴
: 157,300 تومان
💵
دلار آمریکا خرید
🔵
: 
2026-04-26 10:04:57,122 [INFO] EUR fallback computed: mid=184400 buy=183900 sell=184900
2026-04-26 10:04:57,122 [INFO] Prices fetched: USD buy=156200 sell=157200 (src=pi_jt) | EUR buy=183900 sell=184900 (src=navasanchannel)
2026-04-26 10:04:57,378 [INFO] TRY mid calculated: 156700.00 / 45.0250 = 3480.29 -> Buy: 3390, Sell: 3490
2026-04-26 10:04:57,378 [INFO] cycle Tehran=13:34 changed=True silent=30.9min -> post (change)
2026-04-26 10:04:57,819 [INFO] cycle result: {'action': 'posted', 'detail': 'change'}
2026-04-26 10:33:55,025 [INFO] pi_jt USD sell post found: 157300 from: دلار فردایی تهران
⏳
157,300 فروش
🔴
2026-04-26 10:33:55,025 [INFO] pi_jt USD final (sell-only): buy=156300 sell=157300 (spread enforced)
2026-04-26 10:33:55,025 [INFO] pi_jt EUR not found, trying fallback sources
2026-04-26 10:33:55,618 [INFO] EUR fallback (sell pattern): 184400 from 💵
دلار آمریکا فروش
🔴
: 157,300 تومان
💵
دلار آمریکا خرید
🔵
: 
2026-04-26 10:33:55,618 [INFO] EUR fallback computed: mid=184400 buy=183900 sell=184900
2026-04-26 10:33:55,618 [INFO] Prices fetched: USD buy=156300 sell=157300 (src=pi_jt) | EUR buy=183900 sell=184900 (src=navasanchannel)
2026-04-26 10:33:55,985 [INFO] TRY mid calculated: 156800.00 / 45.0250 = 3482.51 -> Buy: 3390, Sell: 3490
2026-04-26 10:33:55,986 [INFO] cycle Tehran=14:03 changed=True silent=29.0min -> post (change)
2026-04-26 10:33:56,532 [INFO] cycle result: {'action': 'posted', 'detail': 'change'}
2026-04-26 11:04:43,743 [INFO] pi_jt USD sell post found: 157300 from: دلار فردایی تهران
⏳
157,300 فروش
🔴
2026-04-26 11:04:43,743 [INFO] pi_jt USD final (sell-only): buy=156300 sell=157300 (spread enforced)
2026-04-26 11:04:43,743 [INFO] pi_jt EUR not found, trying fallback sources
2026-04-26 11:04:44,443 [INFO] EUR fallback (sell pattern): 184630 from 💵
دلار آمریکا فروش
🔴
: 157,500 تومان
💵
دلار آمریکا خرید
🔵
: 
2026-04-26 11:04:44,443 [INFO] EUR fallback computed: mid=184630 buy=184150 sell=185150
2026-04-26 11:04:44,443 [INFO] Prices fetched: USD buy=156300 sell=157300 (src=pi_jt) | EUR buy=184150 sell=185150 (src=navasanchannel)
2026-04-26 11:04:44,789 [INFO] TRY mid calculated: 156800.00 / 45.0250 = 3482.51 -> Buy: 3390, Sell: 3490
2026-04-26 11:04:44,790 [INFO] cycle Tehran=14:34 changed=True silent=30.8min -> post (change)
2026-04-26 11:04:45,450 [INFO] cycle result: {'action': 'posted', 'detail': 'change'}
2026-04-26 11:29:24,263 [INFO] pi_jt USD sell post found: 157300 from: دلار فردایی تهران
⏳
157,300 فروش
🔴
2026-04-26 11:29:24,264 [INFO] pi_jt USD final (sell-only): buy=156300 sell=157300 (spread enforced)
2026-04-26 11:29:24,264 [INFO] pi_jt EUR not found, trying fallback sources
2026-04-26 11:29:24,794 [INFO] EUR fallback (after-keyword): 184630 from دلار آمریکا
🇺🇸
157,500
تغییر 0◄      %0.00
یورو
🇪🇺
184,630
ت
2026-04-26 11:29:24,794 [INFO] EUR fallback computed: mid=184630 buy=184150 sell=185150
2026-04-26 11:29:24,794 [INFO] Prices fetched: USD buy=156300 sell=157300 (src=pi_jt) | EUR buy=184150 sell=185150 (src=navasanchannel)
2026-04-26 11:29:25,015 [INFO] TRY mid calculated: 156800.00 / 45.0250 = 3482.51 -> Buy: 3390, Sell: 3490
2026-04-26 11:29:25,016 [INFO] cycle Tehran=14:59 changed=False silent=24.7min -> skip (no_change_within_silence_window)
2026-04-26 11:29:25,016 [INFO] cycle result: {'action': 'skip', 'detail': 'no_change_within_silence_window'}
2026-04-26 11:34:14,754 [INFO] pi_jt USD sell post found: 157300 from: دلار فردایی تهران
⏳
157,300 فروش
🔴
2026-04-26 11:34:14,755 [INFO] pi_jt USD final (sell-only): buy=156300 sell=157300 (spread enforced)
2026-04-26 11:34:14,755 [INFO] pi_jt EUR not found, trying fallback sources
2026-04-26 11:34:15,283 [INFO] EUR fallback (sell pattern): 184400 from 💵
دلار آمریکا فروش
🔴
: 157,300 تومان
💵
دلار آمریکا خرید
🔵
: 
2026-04-26 11:34:15,283 [INFO] EUR fallback computed: mid=184400 buy=183900 sell=184900
2026-04-26 11:34:15,283 [INFO] Prices fetched: USD buy=156300 sell=157300 (src=pi_jt) | EUR buy=183900 sell=184900 (src=navasanchannel)
2026-04-26 11:34:15,566 [INFO] TRY mid calculated: 156800.00 / 45.0250 = 3482.51 -> Buy: 3390, Sell: 3490
2026-04-26 11:34:15,566 [INFO] cycle Tehran=15:04 changed=True silent=29.5min -> post (change)
2026-04-26 11:34:16,167 [INFO] cycle result: {'action': 'posted', 'detail': 'change'}
2026-04-26 12:04:39,524 [INFO] pi_jt USD sell post found: 157200 from: دلار فردایی تهران
⏳
157,200 فروش
🔴
2026-04-26 12:04:39,524 [INFO] pi_jt USD final (sell-only): buy=156200 sell=157200 (spread enforced)
2026-04-26 12:04:39,524 [INFO] pi_jt EUR not found, trying fallback sources
2026-04-26 12:04:40,197 [INFO] EUR fallback (sell pattern): 184280 from 💵
دلار آمریکا فروش
🔴
: 157,200 تومان
💵
دلار آمریکا خرید
🔵
: 
2026-04-26 12:04:40,197 [INFO] EUR fallback computed: mid=184280 buy=183800 sell=184800
2026-04-26 12:04:40,197 [INFO] Prices fetched: USD buy=156200 sell=157200 (src=pi_jt) | EUR buy=183800 sell=184800 (src=navasanchannel)
2026-04-26 12:04:40,617 [INFO] TRY mid calculated: 156700.00 / 45.0250 = 3480.29 -> Buy: 3390, Sell: 3490
2026-04-26 12:04:40,618 [INFO] cycle Tehran=15:34 changed=True silent=30.4min -> post (change)
2026-04-26 12:04:41,200 [INFO] cycle result: {'action': 'posted', 'detail': 'change'}
2026-04-26 12:35:14,097 [INFO] pi_jt USD sell post found: 157200 from: دلار فردایی تهران
⏳
157,200 فروش
🔴
2026-04-26 12:35:14,098 [INFO] pi_jt USD final (sell-only): buy=156200 sell=157200 (spread enforced)
2026-04-26 12:35:14,098 [INFO] pi_jt EUR not found, trying fallback sources
2026-04-26 12:35:14,748 [INFO] EUR fallback (sell pattern): 184280 from 💵
دلار آمریکا فروش
🔴
: 157,200 تومان
💵
دلار آمریکا خرید
🔵
: 
2026-04-26 12:35:14,748 [INFO] EUR fallback computed: mid=184280 buy=183800 sell=184800
2026-04-26 12:35:14,748 [INFO] Prices fetched: USD buy=156200 sell=157200 (src=pi_jt) | EUR buy=183800 sell=184800 (src=navasanchannel)
2026-04-26 12:35:15,077 [INFO] TRY mid calculated: 156700.00 / 45.0250 = 3480.29 -> Buy: 3390, Sell: 3490
2026-04-26 12:35:15,077 [INFO] cycle Tehran=16:05 changed=False silent=30.6min -> post (silence_limit)
2026-04-26 12:35:15,720 [INFO] cycle result: {'action': 'posted', 'detail': 'silence_limit'}
2026-04-26 13:04:23,082 [INFO] pi_jt USD sell post found: 157200 from: دلار فردایی تهران
⏳
157,200 فروش
🔴
2026-04-26 13:04:23,082 [INFO] pi_jt USD final (sell-only): buy=156200 sell=157200 (spread enforced)
2026-04-26 13:04:23,082 [INFO] pi_jt EUR not found, trying fallback sources
2026-04-26 13:04:23,759 [INFO] EUR fallback (sell pattern): 184280 from 💵
دلار آمریکا فروش
🔴
: 157,200 تومان
💵
دلار آمریکا خرید
🔵
: 
2026-04-26 13:04:23,760 [INFO] EUR fallback computed: mid=184280 buy=183800 sell=184800
2026-04-26 13:04:23,760 [INFO] Prices fetched: USD buy=156200 sell=157200 (src=pi_jt) | EUR buy=183800 sell=184800 (src=navasanchannel)
2026-04-26 13:04:24,107 [INFO] TRY mid calculated: 156700.00 / 45.0250 = 3480.29 -> Buy: 3390, Sell: 3490
2026-04-26 13:04:24,107 [INFO] cycle Tehran=16:34 changed=False silent=29.2min -> skip (no_change_within_silence_window)
2026-04-26 13:04:24,108 [INFO] cycle result: {'action': 'skip', 'detail': 'no_change_within_silence_window'}
2026-04-26 13:33:18,024 [INFO] pi_jt USD sell post found: 157200 from: دلار فردایی تهران
⏳
157,200 فروش
🔴
2026-04-26 13:33:18,024 [INFO] pi_jt USD final (sell-only): buy=156200 sell=157200 (spread enforced)
2026-04-26 13:33:18,025 [INFO] pi_jt EUR not found, trying fallback sources
2026-04-26 13:33:18,509 [INFO] EUR fallback (sell pattern): 184400 from 💵
دلار آمریکا فروش
🔴
: 157,300 تومان
💵
دلار آمریکا خرید
🔵
: 
2026-04-26 13:33:18,509 [INFO] EUR fallback computed: mid=184400 buy=183900 sell=184900
2026-04-26 13:33:18,509 [INFO] Prices fetched: USD buy=156200 sell=157200 (src=pi_jt) | EUR buy=183900 sell=184900 (src=navasanchannel)
2026-04-26 13:33:18,781 [INFO] TRY mid calculated: 156700.00 / 45.0250 = 3480.29 -> Buy: 3390, Sell: 3490
2026-04-26 13:33:18,781 [INFO] cycle Tehran=17:03 changed=True silent=58.1min -> post (change)
2026-04-26 13:33:19,273 [INFO] cycle result: {'action': 'posted', 'detail': 'change'}
2026-04-26 14:05:40,830 [INFO] pi_jt USD sell post found: 157000 from: دلار فردایی تهران
⏳
157,000 فروش
🔴
2026-04-26 14:05:40,831 [INFO] pi_jt USD final (sell-only): buy=156000 sell=157000 (spread enforced)
2026-04-26 14:05:40,831 [INFO] pi_jt EUR not found, trying fallback sources
2026-04-26 14:05:41,315 [INFO] EUR fallback (sell pattern): 184050 from 💵
دلار آمریکا فروش
🔴
: 157,000 تومان
💵
دلار آمریکا خرید
🔵
: 
2026-04-26 14:05:41,316 [INFO] EUR fallback computed: mid=184050 buy=183550 sell=184550
2026-04-26 14:05:41,316 [INFO] Prices fetched: USD buy=156000 sell=157000 (src=pi_jt) | EUR buy=183550 sell=184550 (src=navasanchannel)
2026-04-26 14:05:41,644 [INFO] TRY mid calculated: 156500.00 / 45.0250 = 3475.85 -> Buy: 3390, Sell: 3490
2026-04-26 14:05:41,644 [INFO] cycle Tehran=17:35 changed=True silent=32.4min -> post (change)
2026-04-26 14:05:42,176 [INFO] cycle result: {'action': 'posted', 'detail': 'change'}
2026-04-26 14:12:26,509 [INFO] pi_jt USD sell post found: 157000 from: دلار فردایی تهران
⏳
157,000 فروش
🔴
2026-04-26 14:12:26,509 [INFO] pi_jt USD final (sell-only): buy=156000 sell=157000 (spread enforced)
2026-04-26 14:12:26,509 [INFO] pi_jt EUR not found, trying fallback sources
2026-04-26 14:12:26,960 [INFO] EUR fallback (sell pattern): 184050 from 💵
دلار آمریکا فروش
🔴
: 157,000 تومان
💵
دلار آمریکا خرید
🔵
: 
2026-04-26 14:12:26,960 [INFO] EUR fallback computed: mid=184050 buy=183550 sell=184550
2026-04-26 14:12:26,960 [INFO] Prices fetched: USD buy=156000 sell=157000 (src=pi_jt) | EUR buy=183550 sell=184550 (src=navasanchannel)
2026-04-26 14:12:27,205 [INFO] TRY mid calculated: 156500.00 / 45.0250 = 3475.85 -> Buy: 3390, Sell: 3490
2026-04-26 14:12:27,205 [INFO] cycle Tehran=17:42 changed=False silent=6.8min -> skip (no_change_within_silence_window)
2026-04-26 14:12:27,206 [INFO] cycle result: {'action': 'skip', 'detail': 'no_change_within_silence_window'}
2026-04-26 14:32:24,151 [INFO] pi_jt USD sell post found: 157000 from: دلار فردایی تهران
⏳
157,000 فروش
🔴
2026-04-26 14:32:24,152 [INFO] pi_jt USD final (sell-only): buy=156000 sell=157000 (spread enforced)
2026-04-26 14:32:24,152 [INFO] pi_jt EUR not found, trying fallback sources
2026-04-26 14:32:24,608 [INFO] EUR fallback (sell pattern): 183810 from 💵
دلار آمریکا فروش
🔴
: 156,800 تومان
💵
دلار آمریکا خرید
🔵
: 
2026-04-26 14:32:24,608 [INFO] EUR fallback computed: mid=183810 buy=183300 sell=184300
2026-04-26 14:32:24,608 [INFO] Prices fetched: USD buy=156000 sell=157000 (src=pi_jt) | EUR buy=183300 sell=184300 (src=navasanchannel)
2026-04-26 14:32:24,841 [INFO] TRY mid calculated: 156500.00 / 45.0250 = 3475.85 -> Buy: 3390, Sell: 3490
2026-04-26 14:32:24,841 [INFO] cycle Tehran=18:02 changed=True silent=26.7min -> post (change)
2026-04-26 14:32:25,240 [INFO] cycle result: {'action': 'posted', 'detail': 'change'}
2026-04-26 15:01:36,361 [INFO] pi_jt USD sell post found: 156800 from: دلار فردایی تهران
⏳
156,800 فروش
🔴
2026-04-26 15:01:36,361 [INFO] pi_jt USD final (sell-only): buy=155800 sell=156800 (spread enforced)
2026-04-26 15:01:36,361 [INFO] pi_jt EUR not found, trying fallback sources
2026-04-26 15:01:36,820 [INFO] EUR fallback (sell pattern): 183810 from 💵
دلار آمریکا فروش
🔴
: 156,800 تومان
💵
دلار آمریکا خرید
🔵
: 
2026-04-26 15:01:36,820 [INFO] EUR fallback computed: mid=183810 buy=183300 sell=184300
2026-04-26 15:01:36,821 [INFO] Prices fetched: USD buy=155800 sell=156800 (src=pi_jt) | EUR buy=183300 sell=184300 (src=navasanchannel)
2026-04-26 15:01:37,068 [INFO] TRY mid calculated: 156300.00 / 45.0250 = 3471.40 -> Buy: 3380, Sell: 3480
2026-04-26 15:01:37,068 [INFO] cycle Tehran=18:31 changed=True silent=29.2min -> post (change)
2026-04-26 15:01:37,483 [INFO] cycle result: {'action': 'posted', 'detail': 'change'}
2026-04-26 15:34:20,374 [INFO] pi_jt USD sell post found: 156800 from: دلار فردایی تهران
⏳
156,800 فروش
🔴
2026-04-26 15:34:20,374 [INFO] pi_jt USD final (sell-only): buy=155800 sell=156800 (spread enforced)
2026-04-26 15:34:20,374 [INFO] pi_jt EUR not found, trying fallback sources
2026-04-26 15:34:20,888 [INFO] EUR fallback (sell pattern): 183810 from 💵
دلار آمریکا فروش
🔴
: 156,800 تومان
💵
دلار آمریکا خرید
🔵
: 
2026-04-26 15:34:20,889 [INFO] EUR fallback computed: mid=183810 buy=183300 sell=184300
2026-04-26 15:34:20,889 [INFO] Prices fetched: USD buy=155800 sell=156800 (src=pi_jt) | EUR buy=183300 sell=184300 (src=navasanchannel)
2026-04-26 15:34:21,199 [INFO] TRY mid calculated: 156300.00 / 45.0250 = 3471.40 -> Buy: 3380, Sell: 3480
2026-04-26 15:34:21,199 [INFO] cycle Tehran=19:04 changed=False silent=32.8min -> post (silence_limit)
2026-04-26 15:34:21,703 [INFO] cycle result: {'action': 'posted', 'detail': 'silence_limit'}
2026-04-26 16:02:03,514 [INFO] pi_jt USD sell post found: 156600 from: دلار فردایی تهران
⏳
156,600 فروش
🔴
2026-04-26 16:02:03,514 [INFO] pi_jt USD final (sell-only): buy=155600 sell=156600 (spread enforced)
2026-04-26 16:02:03,514 [INFO] pi_jt EUR not found, trying fallback sources
2026-04-26 16:02:04,001 [INFO] EUR fallback (sell pattern): 183580 from 💵
دلار آمریکا فروش
🔴
: 156,600 تومان
💵
دلار آمریکا خرید
🔵
: 
2026-04-26 16:02:04,001 [INFO] EUR fallback computed: mid=183580 buy=183100 sell=184100
2026-04-26 16:02:04,001 [INFO] Prices fetched: USD buy=155600 sell=156600 (src=pi_jt) | EUR buy=183100 sell=184100 (src=navasanchannel)
2026-04-26 16:02:04,237 [INFO] TRY mid calculated: 156100.00 / 45.0250 = 3466.96 -> Buy: 3380, Sell: 3480
2026-04-26 16:02:04,238 [INFO] cycle Tehran=19:32 changed=True silent=27.7min -> post (change)
2026-04-26 16:02:04,683 [INFO] cycle result: {'action': 'posted', 'detail': 'change'}
2026-04-26 16:26:12,198 [INFO] pi_jt USD sell post found: 156600 from: دلار فردایی تهران
⏳
156,600 فروش
🔴
2026-04-26 16:26:12,199 [INFO] pi_jt USD final (sell-only): buy=155600 sell=156600 (spread enforced)
2026-04-26 16:26:12,199 [INFO] pi_jt EUR not found, trying fallback sources
2026-04-26 16:26:12,778 [INFO] EUR fallback (after-keyword): 183580 from دلار آمریکا
🇺🇸
156,600
تغییر 900-▼      %0.57-
یورو
🇪🇺
183,5
2026-04-26 16:26:12,778 [INFO] EUR fallback computed: mid=183580 buy=183100 sell=184100
2026-04-26 16:26:12,778 [INFO] Prices fetched: USD buy=155600 sell=156600 (src=pi_jt) | EUR buy=183100 sell=184100 (src=navasanchannel)
2026-04-26 16:26:13,137 [INFO] TRY mid calculated: 156100.00 / 45.0250 = 3466.96 -> Buy: 3380, Sell: 3480
2026-04-26 16:26:13,138 [INFO] cycle Tehran=19:56 changed=False silent=24.2min -> skip (no_change_within_silence_window)
2026-04-26 16:26:13,138 [INFO] cycle result: {'action': 'skip', 'detail': 'no_change_within_silence_window'}
2026-04-26 16:34:36,338 [INFO] pi_jt USD sell post found: 156600 from: دلار فردایی تهران
⏳
156,600 فروش
🔴
2026-04-26 16:34:36,338 [INFO] pi_jt USD final (sell-only): buy=155600 sell=156600 (spread enforced)
2026-04-26 16:34:36,338 [INFO] pi_jt EUR not found, trying fallback sources
2026-04-26 16:34:36,906 [INFO] EUR fallback (sell pattern): 183580 from 💵
دلار آمریکا فروش
🔴
: 156,600 تومان
💵
دلار آمریکا خرید
🔵
: 
2026-04-26 16:34:36,907 [INFO] EUR fallback computed: mid=183580 buy=183100 sell=184100
2026-04-26 16:34:36,907 [INFO] Prices fetched: USD buy=155600 sell=156600 (src=pi_jt) | EUR buy=183100 sell=184100 (src=navasanchannel)
2026-04-26 16:34:37,324 [INFO] TRY mid calculated: 156100.00 / 45.0250 = 3466.96 -> Buy: 3380, Sell: 3480
2026-04-26 16:34:37,324 [INFO] cycle Tehran=20:04 changed=False silent=32.6min -> post (silence_limit)
2026-04-26 16:34:37,846 [INFO] cycle result: {'action': 'posted', 'detail': 'silence_limit'}
2026-04-26 17:04:04,707 [INFO] pi_jt USD sell post found: 156600 from: دلار فردایی تهران
⏳
156,600 فروش
🔴
2026-04-26 17:04:04,708 [INFO] pi_jt USD final (sell-only): buy=155600 sell=156600 (spread enforced)
2026-04-26 17:04:04,708 [INFO] pi_jt EUR not found, trying fallback sources
2026-04-26 17:04:05,295 [INFO] EUR fallback (sell pattern): 183580 from 💵
دلار آمریکا فروش
🔴
: 156,600 تومان
💵
دلار آمریکا خرید
🔵
: 
2026-04-26 17:04:05,295 [INFO] EUR fallback computed: mid=183580 buy=183100 sell=184100
2026-04-26 17:04:05,295 [INFO] Prices fetched: USD buy=155600 sell=156600 (src=pi_jt) | EUR buy=183100 sell=184100 (src=navasanchannel)
2026-04-26 17:04:05,609 [INFO] TRY mid calculated: 156100.00 / 45.0250 = 3466.96 -> Buy: 3380, Sell: 3480
2026-04-26 17:04:05,610 [INFO] cycle Tehran=20:34 changed=False silent=29.5min -> skip (no_change_within_silence_window)
2026-04-26 17:04:05,610 [INFO] cycle result: {'action': 'skip', 'detail': 'no_change_within_silence_window'}
2026-04-26 17:33:56,001 [INFO] pi_jt USD sell post found: 156600 from: دلار فردایی تهران
⏳
156,600 فروش
🔴
2026-04-26 17:33:56,001 [INFO] pi_jt USD final (sell-only): buy=155600 sell=156600 (spread enforced)
2026-04-26 17:33:56,001 [INFO] pi_jt EUR not found, trying fallback sources
2026-04-26 17:33:56,598 [INFO] EUR fallback (sell pattern): 183580 from 💵
دلار آمریکا فروش
🔴
: 156,600 تومان
💵
دلار آمریکا خرید
🔵
: 
2026-04-26 17:33:56,598 [INFO] EUR fallback computed: mid=183580 buy=183100 sell=184100
2026-04-26 17:33:56,598 [INFO] Prices fetched: USD buy=155600 sell=156600 (src=pi_jt) | EUR buy=183100 sell=184100 (src=navasanchannel)
2026-04-26 17:33:56,937 [INFO] TRY mid calculated: 156100.00 / 45.0250 = 3466.96 -> Buy: 3380, Sell: 3480
2026-04-26 17:33:56,938 [INFO] cycle Tehran=21:03 changed=False silent=59.4min -> post (silence_limit)
2026-04-26 17:33:57,466 [INFO] cycle result: {'action': 'posted', 'detail': 'silence_limit'}
2026-04-26 18:04:32,289 [INFO] pi_jt USD sell post found: 156600 from: دلار فردایی تهران
⏳
156,600 فروش
🔴
2026-04-26 18:04:32,289 [INFO] pi_jt USD final (sell-only): buy=155600 sell=156600 (spread enforced)
2026-04-26 18:04:32,289 [INFO] pi_jt EUR not found, trying fallback sources
2026-04-26 18:04:32,969 [INFO] EUR fallback (sell pattern): 183580 from 💵
دلار آمریکا فروش
🔴
: 156,600 تومان
💵
دلار آمریکا خرید
🔵
: 
2026-04-26 18:04:32,969 [INFO] EUR fallback computed: mid=183580 buy=183100 sell=184100
2026-04-26 18:04:32,969 [INFO] Prices fetched: USD buy=155600 sell=156600 (src=pi_jt) | EUR buy=183100 sell=184100 (src=navasanchannel)
2026-04-26 18:04:33,353 [INFO] TRY mid calculated: 156100.00 / 45.0250 = 3466.96 -> Buy: 3380, Sell: 3480
2026-04-26 18:04:33,353 [INFO] cycle Tehran=21:34 changed=False silent=30.6min -> post (silence_limit)
2026-04-26 18:04:34,034 [INFO] cycle result: {'action': 'posted', 'detail': 'silence_limit'}
2026-04-26 18:35:31,543 [INFO] pi_jt USD sell post found: 156600 from: دلار فردایی تهران
⏳
156,600 فروش
🔴
2026-04-26 18:35:31,544 [INFO] pi_jt USD final (sell-only): buy=155600 sell=156600 (spread enforced)
2026-04-26 18:35:31,544 [INFO] pi_jt EUR not found, trying fallback sources
2026-04-26 18:35:32,008 [INFO] EUR fallback (sell pattern): 183580 from 💵
دلار آمریکا فروش
🔴
: 156,600 تومان
💵
دلار آمریکا خرید
🔵
: 
2026-04-26 18:35:32,008 [INFO] EUR fallback computed: mid=183580 buy=183100 sell=184100
2026-04-26 18:35:32,008 [INFO] Prices fetched: USD buy=155600 sell=156600 (src=pi_jt) | EUR buy=183100 sell=184100 (src=navasanchannel)
2026-04-26 18:35:32,279 [INFO] TRY mid calculated: 156100.00 / 45.0250 = 3466.96 -> Buy: 3380, Sell: 3480
2026-04-26 18:35:32,279 [INFO] cycle Tehran=22:05 changed=False silent=31.0min -> post (silence_limit)
2026-04-26 18:35:32,680 [INFO] cycle result: {'action': 'posted', 'detail': 'silence_limit'}
2026-04-26 19:33:58,621 [INFO] pi_jt USD sell post found: 156600 from: دلار فردایی تهران
⏳
156,600 فروش
🔴
2026-04-26 19:33:58,622 [INFO] pi_jt USD final (sell-only): buy=155600 sell=156600 (spread enforced)
2026-04-26 19:33:58,622 [INFO] pi_jt EUR not found, trying fallback sources
2026-04-26 19:33:59,313 [INFO] EUR fallback (sell pattern): 183580 from 💵
دلار آمریکا فروش
🔴
: 156,600 تومان
💵
دلار آمریکا خرید
🔵
: 
2026-04-26 19:33:59,314 [INFO] EUR fallback computed: mid=183580 buy=183100 sell=184100
2026-04-26 19:33:59,314 [INFO] Prices fetched: USD buy=155600 sell=156600 (src=pi_jt) | EUR buy=183100 sell=184100 (src=navasanchannel)
2026-04-26 19:33:59,653 [INFO] TRY mid calculated: 156100.00 / 45.0250 = 3466.96 -> Buy: 3380, Sell: 3480
2026-04-26 19:33:59,653 [INFO] cycle Tehran=23:03 changed=False silent=58.5min -> post (silence_limit)
2026-04-26 19:34:00,253 [INFO] cycle result: {'action': 'posted', 'detail': 'silence_limit'}
2026-04-26 21:56:02,043 [INFO] outside working hours (Tehran 01:26); sleeping
2026-04-26 21:56:02,043 [INFO] cycle result: {'action': 'idle', 'detail': 'outside_working_hours'}
2026-04-27 03:05:30,880 [INFO] outside working hours (Tehran 06:35); sleeping
2026-04-27 03:05:30,880 [INFO] cycle result: {'action': 'idle', 'detail': 'outside_working_hours'}
2026-04-27 03:31:57,105 [INFO] outside working hours (Tehran 07:01); sleeping
2026-04-27 03:31:57,105 [INFO] cycle result: {'action': 'idle', 'detail': 'outside_working_hours'}
2026-04-27 04:02:39,767 [INFO] outside working hours (Tehran 07:32); sleeping
2026-04-27 04:02:39,768 [INFO] cycle result: {'action': 'idle', 'detail': 'outside_working_hours'}
2026-04-27 04:32:16,528 [INFO] outside working hours (Tehran 08:02); sleeping
2026-04-27 04:32:16,529 [INFO] cycle result: {'action': 'idle', 'detail': 'outside_working_hours'}
2026-04-27 05:06:02,872 [INFO] outside working hours (Tehran 08:36); sleeping
2026-04-27 05:06:02,872 [INFO] cycle result: {'action': 'idle', 'detail': 'outside_working_hours'}
2026-04-27 05:35:32,344 [INFO] pi_jt USD sell post found: 156600 from: دلار فردایی تهران
⏳
156,600 فروش
🔴
2026-04-27 05:35:32,344 [INFO] pi_jt USD final (sell-only): buy=155600 sell=156600 (spread enforced)
2026-04-27 05:35:32,344 [INFO] pi_jt EUR not found, trying fallback sources
2026-04-27 05:35:32,815 [INFO] EUR fallback (sell pattern): 183580 from 💵
دلار آمریکا فروش
🔴
: 156,600 تومان
💵
دلار آمریکا خرید
🔵
: 
2026-04-27 05:35:32,815 [INFO] EUR fallback computed: mid=183580 buy=183100 sell=184100
2026-04-27 05:35:32,815 [INFO] Prices fetched: USD buy=155600 sell=156600 (src=pi_jt) | EUR buy=183100 sell=184100 (src=navasanchannel)
2026-04-27 05:35:32,991 [INFO] TRY mid calculated: 156100.00 / 45.0431 = 3465.57 -> Buy: 3380, Sell: 3480
2026-04-27 05:35:32,992 [INFO] cycle Tehran=09:05 changed=False silent=601.6min -> post (silence_limit)
2026-04-27 05:35:33,432 [INFO] cycle result: {'action': 'posted', 'detail': 'silence_limit'}
2026-04-27 06:02:46,820 [INFO] pi_jt USD sell post found: 156600 from: دلار فردایی تهران
⏳
156,600 فروش
🔴
2026-04-27 06:02:46,820 [INFO] pi_jt USD final (sell-only): buy=155600 sell=156600 (spread enforced)
2026-04-27 06:02:46,821 [INFO] pi_jt EUR not found, trying fallback sources
2026-04-27 06:02:47,293 [INFO] EUR fallback (sell pattern): 183580 from 💵
دلار آمریکا فروش
🔴
: 156,600 تومان
💵
دلار آمریکا خرید
🔵
: 
2026-04-27 06:02:47,293 [INFO] EUR fallback computed: mid=183580 buy=183100 sell=184100
2026-04-27 06:02:47,293 [INFO] Prices fetched: USD buy=155600 sell=156600 (src=pi_jt) | EUR buy=183100 sell=184100 (src=navasanchannel)
2026-04-27 06:02:47,524 [INFO] TRY mid calculated: 156100.00 / 45.0431 = 3465.57 -> Buy: 3380, Sell: 3480
2026-04-27 06:02:47,525 [INFO] cycle Tehran=09:32 changed=False silent=27.3min -> skip (no_change_within_silence_window)
2026-04-27 06:02:47,525 [INFO] cycle result: {'action': 'skip', 'detail': 'no_change_within_silence_window'}
2026-04-27 06:34:18,683 [INFO] pi_jt USD sell post found: 156600 from: دلار فردایی تهران
⏳
156,600 فروش
🔴
2026-04-27 06:34:18,683 [INFO] pi_jt USD final (sell-only): buy=155600 sell=156600 (spread enforced)
2026-04-27 06:34:18,683 [INFO] pi_jt EUR not found, trying fallback sources
2026-04-27 06:34:19,147 [INFO] EUR fallback (after-keyword): 183580 from دلار آمریکا
🇺🇸
156,600
تغییر 0◄      %0.00
یورو
🇪🇺
183,580
ت
2026-04-27 06:34:19,147 [INFO] EUR fallback computed: mid=183580 buy=183100 sell=184100
2026-04-27 06:34:19,147 [INFO] Prices fetched: USD buy=155600 sell=156600 (src=pi_jt) | EUR buy=183100 sell=184100 (src=navasanchannel)
2026-04-27 06:34:19,406 [INFO] TRY mid calculated: 156100.00 / 45.0431 = 3465.57 -> Buy: 3380, Sell: 3480
2026-04-27 06:34:19,406 [INFO] cycle Tehran=10:04 changed=False silent=58.8min -> post (silence_limit)
2026-04-27 06:34:19,843 [INFO] cycle result: {'action': 'posted', 'detail': 'silence_limit'}
2026-04-27 07:04:09,684 [INFO] pi_jt USD sell post found: 156600 from: دلار فردایی تهران
⏳
156,600 فروش
🔴
2026-04-27 07:04:09,684 [INFO] pi_jt USD final (sell-only): buy=155600 sell=156600 (spread enforced)
2026-04-27 07:04:09,684 [INFO] pi_jt EUR not found, trying fallback sources
2026-04-27 07:04:10,127 [INFO] EUR fallback (after-keyword): 183580 from دلار آمریکا
🇺🇸
156,600
تغییر 0◄      %0.00
یورو
🇪🇺
183,580
ت
2026-04-27 07:04:10,128 [INFO] EUR fallback computed: mid=183580 buy=183100 sell=184100
2026-04-27 07:04:10,128 [INFO] Prices fetched: USD buy=155600 sell=156600 (src=pi_jt) | EUR buy=183100 sell=184100 (src=navasanchannel)
2026-04-27 07:04:10,308 [INFO] TRY mid calculated: 156100.00 / 45.0431 = 3465.57 -> Buy: 3380, Sell: 3480
2026-04-27 07:04:10,308 [INFO] cycle Tehran=10:34 changed=False silent=29.9min -> skip (no_change_within_silence_window)
2026-04-27 07:04:10,308 [INFO] cycle result: {'action': 'skip', 'detail': 'no_change_within_silence_window'}
2026-04-27 07:35:04,279 [INFO] pi_jt USD sell post found: 157500 from: دلار فردایی تهران
⏳
157,500 فروش
🔴
2026-04-27 07:35:04,279 [INFO] pi_jt USD final (sell-only): buy=156500 sell=157500 (spread enforced)
2026-04-27 07:35:04,279 [INFO] pi_jt EUR not found, trying fallback sources
2026-04-27 07:35:04,885 [INFO] EUR fallback (sell pattern): 184740 from 💵
دلار آمریکا فروش
🔴
: 157,500 تومان
💵
دلار آمریکا خرید
🔵
: 
2026-04-27 07:35:04,885 [INFO] EUR fallback computed: mid=184740 buy=184250 sell=185250
2026-04-27 07:35:04,885 [INFO] Prices fetched: USD buy=156500 sell=157500 (src=pi_jt) | EUR buy=184250 sell=185250 (src=navasanchannel)
2026-04-27 07:35:05,294 [INFO] TRY mid calculated: 157000.00 / 45.0431 = 3485.55 -> Buy: 3400, Sell: 3500
2026-04-27 07:35:05,294 [INFO] cycle Tehran=11:05 changed=True silent=60.8min -> post (change)
2026-04-27 07:35:05,804 [INFO] cycle result: {'action': 'posted', 'detail': 'change'}
2026-04-27 08:04:17,172 [INFO] pi_jt USD sell post found: 157500 from: دلار فردایی تهران
⏳
157,500 فروش
🔴
2026-04-27 08:04:17,172 [INFO] pi_jt USD final (sell-only): buy=156500 sell=157500 (spread enforced)
2026-04-27 08:04:17,173 [INFO] pi_jt EUR not found, trying fallback sources
2026-04-27 08:04:17,860 [INFO] EUR fallback (sell pattern): 185090 from 💵
دلار آمریکا فروش
🔴
: 157,800 تومان
💵
دلار آمریکا خرید
🔵
: 
2026-04-27 08:04:17,860 [INFO] EUR fallback computed: mid=185090 buy=184600 sell=185600
2026-04-27 08:04:17,860 [INFO] Prices fetched: USD buy=156500 sell=157500 (src=pi_jt) | EUR buy=184600 sell=185600 (src=navasanchannel)
2026-04-27 08:04:18,174 [INFO] TRY mid calculated: 157000.00 / 45.0431 = 3485.55 -> Buy: 3400, Sell: 3500
2026-04-27 08:04:18,174 [INFO] cycle Tehran=11:34 changed=True silent=29.2min -> post (change)
2026-04-27 08:04:18,858 [INFO] cycle result: {'action': 'posted', 'detail': 'change'}
2026-04-27 08:34:25,601 [INFO] pi_jt USD sell post found: 157500 from: دلار فردایی تهران
⏳
157,500 فروش
🔴
2026-04-27 08:34:25,601 [INFO] pi_jt USD final (sell-only): buy=156500 sell=157500 (spread enforced)
2026-04-27 08:34:25,601 [INFO] pi_jt EUR not found, trying fallback sources
2026-04-27 08:34:26,048 [INFO] EUR fallback (sell pattern): 184860 from 💵
دلار آمریکا فروش
🔴
: 157,600 تومان
💵
دلار آمریکا خرید
🔵
: 
2026-04-27 08:34:26,048 [INFO] EUR fallback computed: mid=184860 buy=184350 sell=185350
2026-04-27 08:34:26,048 [INFO] Prices fetched: USD buy=156500 sell=157500 (src=pi_jt) | EUR buy=184350 sell=185350 (src=navasanchannel)
2026-04-27 08:34:26,210 [INFO] TRY mid calculated: 157000.00 / 45.0431 = 3485.55 -> Buy: 3400, Sell: 3500
2026-04-27 08:34:26,211 [INFO] cycle Tehran=12:04 changed=True silent=30.2min -> post (change)
2026-04-27 08:34:26,642 [INFO] cycle result: {'action': 'posted', 'detail': 'change'}
2026-04-27 09:05:18,398 [INFO] pi_jt USD sell post found: 156800 from: دلار نـــقـدی تهران
💵
156,800 فروش
🔴
2026-04-27 09:05:18,398 [INFO] pi_jt USD final (sell-only): buy=155800 sell=156800 (spread enforced)
2026-04-27 09:05:18,398 [INFO] pi_jt EUR not found, trying fallback sources
2026-04-27 09:05:19,109 [INFO] EUR fallback (sell pattern): 185090 from 💵
دلار آمریکا فروش
🔴
: 157,800 تومان
💵
دلار آمریکا خرید
🔵
: 
2026-04-27 09:05:19,109 [INFO] EUR fallback computed: mid=185090 buy=184600 sell=185600
2026-04-27 09:05:19,109 [INFO] Prices fetched: USD buy=155800 sell=156800 (src=pi_jt) | EUR buy=184600 sell=185600 (src=navasanchannel)
2026-04-27 09:05:19,460 [INFO] TRY mid calculated: 156300.00 / 45.0431 = 3470.01 -> Buy: 3380, Sell: 3480
2026-04-27 09:05:19,461 [INFO] cycle Tehran=12:35 changed=True silent=30.9min -> post (change)
2026-04-27 09:05:20,128 [INFO] cycle result: {'action': 'posted', 'detail': 'change'}
2026-04-27 09:33:09,249 [INFO] pi_jt USD sell post found: 158000 from: دلار فردایی تهران
⏳
158,000 فروش
🔴
2026-04-27 09:33:09,249 [INFO] pi_jt USD final (sell-only): buy=157000 sell=158000 (spread enforced)
2026-04-27 09:33:09,249 [INFO] pi_jt EUR not found, trying fallback sources
2026-04-27 09:33:09,698 [INFO] EUR fallback (sell pattern): 185330 from 💵
دلار آمریکا فروش
🔴
: 158,000 تومان
💵
دلار آمریکا خرید
🔵
: 
2026-04-27 09:33:09,699 [INFO] EUR fallback computed: mid=185330 buy=184850 sell=185850
2026-04-27 09:33:09,699 [INFO] Prices fetched: USD buy=157000 sell=158000 (src=pi_jt) | EUR buy=184850 sell=185850 (src=navasanchannel)
2026-04-27 09:33:09,865 [INFO] TRY mid calculated: 157500.00 / 45.0431 = 3496.65 -> Buy: 3410, Sell: 3510
2026-04-27 09:33:09,866 [INFO] cycle Tehran=13:03 changed=True silent=27.9min -> post (change)
2026-04-27 09:33:10,248 [INFO] cycle result: {'action': 'posted', 'detail': 'change'}
2026-04-27 10:02:14,340 [INFO] pi_jt USD sell post found: 158000 from: دلار فردایی تهران
⏳
158,000 فروش
🔴
2026-04-27 10:02:14,340 [INFO] pi_jt USD final (sell-only): buy=157000 sell=158000 (spread enforced)
2026-04-27 10:02:14,340 [INFO] pi_jt EUR not found, trying fallback sources
2026-04-27 10:02:16,483 [INFO] EUR fallback (sell pattern): 185330 from 💵
دلار آمریکا فروش
🔴
: 158,000 تومان
💵
دلار آمریکا خرید
🔵
: 
2026-04-27 10:02:16,483 [INFO] EUR fallback computed: mid=185330 buy=184850 sell=185850
2026-04-27 10:02:16,483 [INFO] Prices fetched: USD buy=157000 sell=158000 (src=pi_jt) | EUR buy=184850 sell=185850 (src=navasanchannel)
2026-04-27 10:02:16,829 [INFO] TRY mid calculated: 157500.00 / 45.0431 = 3496.65 -> Buy: 3410, Sell: 3510
2026-04-27 10:02:16,829 [INFO] cycle Tehran=13:32 changed=False silent=29.1min -> skip (no_change_within_silence_window)
2026-04-27 10:02:16,829 [INFO] cycle result: {'action': 'skip', 'detail': 'no_change_within_silence_window'}
2026-04-27 10:31:51,397 [INFO] pi_jt USD sell post found: 158000 from: دلار فردایی تهران
⏳
158,000 فروش
🔴
2026-04-27 10:31:51,397 [INFO] pi_jt USD final (sell-only): buy=157000 sell=158000 (spread enforced)
2026-04-27 10:31:51,397 [INFO] pi_jt EUR not found, trying fallback sources
2026-04-27 10:31:52,003 [INFO] EUR fallback (sell pattern): 185910 from 💵
دلار آمریکا فروش
🔴
: 158,500 تومان
💵
دلار آمریکا خرید
🔵
: 
2026-04-27 10:31:52,004 [INFO] EUR fallback computed: mid=185910 buy=185400 sell=186400
2026-04-27 10:31:52,004 [INFO] Prices fetched: USD buy=157000 sell=158000 (src=pi_jt) | EUR buy=185400 sell=186400 (src=navasanchannel)
2026-04-27 10:31:52,398 [INFO] TRY mid calculated: 157500.00 / 45.0431 = 3496.65 -> Buy: 3410, Sell: 3510
2026-04-27 10:31:52,398 [INFO] cycle Tehran=14:01 changed=True silent=58.7min -> post (change)
2026-04-27 10:31:52,979 [INFO] cycle result: {'action': 'posted', 'detail': 'change'}
2026-04-27 11:04:58,635 [INFO] pi_jt USD sell post found: 158000 from: دلار فردایی تهران
⏳
158,000 فروش
🔴
2026-04-27 11:04:58,635 [INFO] pi_jt USD final (sell-only): buy=157000 sell=158000 (spread enforced)
2026-04-27 11:04:58,635 [INFO] pi_jt EUR not found, trying fallback sources
2026-04-27 11:04:59,111 [INFO] EUR fallback (sell pattern): 186140 from 💵
دلار آمریکا فروش
🔴
: 158,500 تومان
💵
دلار آمریکا خرید
🔵
: 
2026-04-27 11:04:59,112 [INFO] EUR fallback computed: mid=186140 buy=185650 sell=186650
2026-04-27 11:04:59,112 [INFO] Prices fetched: USD buy=157000 sell=158000 (src=pi_jt) | EUR buy=185650 sell=186650 (src=navasanchannel)
2026-04-27 11:04:59,304 [INFO] TRY mid calculated: 157500.00 / 45.0431 = 3496.65 -> Buy: 3410, Sell: 3510
2026-04-27 11:04:59,304 [INFO] cycle Tehran=14:34 changed=True silent=33.1min -> post (change)
2026-04-27 11:04:59,697 [INFO] cycle result: {'action': 'posted', 'detail': 'change'}
2026-04-27 11:34:57,162 [INFO] pi_jt USD sell post found: 158500 from: دلار فردایی تهران
⏳
158,500 فروش
🔴
2026-04-27 11:34:57,163 [INFO] pi_jt USD final (sell-only): buy=157500 sell=158500 (spread enforced)
2026-04-27 11:34:57,163 [INFO] pi_jt EUR not found, trying fallback sources
2026-04-27 11:34:57,855 [INFO] EUR fallback (sell pattern): 186500 from 💵
دلار آمریکا فروش
🔴
: 158,800 تومان
💵
دلار آمریکا خرید
🔵
: 
2026-04-27 11:34:57,855 [INFO] EUR fallback computed: mid=186500 buy=186000 sell=187000
2026-04-27 11:34:57,855 [INFO] Prices fetched: USD buy=157500 sell=158500 (src=pi_jt) | EUR buy=186000 sell=187000 (src=navasanchannel)
2026-04-27 11:34:58,248 [INFO] TRY mid calculated: 158000.00 / 45.0431 = 3507.75 -> Buy: 3420, Sell: 3520
2026-04-27 11:34:58,249 [INFO] cycle Tehran=15:04 changed=True silent=30.0min -> post (change)
2026-04-27 11:34:58,823 [INFO] cycle result: {'action': 'posted', 'detail': 'change'}
2026-04-27 12:02:26,261 [INFO] pi_jt USD sell post found: 158800 from: دلار فردایی تهران
⏳
158,800 فروش
🔴
2026-04-27 12:02:26,261 [INFO] pi_jt USD final (sell-only): buy=157800 sell=158800 (spread enforced)
2026-04-27 12:02:26,261 [INFO] pi_jt EUR not found, trying fallback sources
2026-04-27 12:02:26,959 [INFO] EUR fallback (sell pattern): 186500 from 💵
دلار آمریکا فروش
🔴
: 158,800 تومان
💵
دلار آمریکا خرید
🔵
: 
2026-04-27 12:02:26,959 [INFO] EUR fallback computed: mid=186500 buy=186000 sell=187000
2026-04-27 12:02:26,959 [INFO] Prices fetched: USD buy=157800 sell=158800 (src=pi_jt) | EUR buy=186000 sell=187000 (src=navasanchannel)
2026-04-27 12:02:27,326 [INFO] TRY mid calculated: 158300.00 / 45.0431 = 3514.41 -> Buy: 3420, Sell: 3520
2026-04-27 12:02:27,326 [INFO] cycle Tehran=15:32 changed=True silent=27.5min -> post (change)
2026-04-27 12:02:27,999 [INFO] cycle result: {'action': 'posted', 'detail': 'change'}
2026-04-27 12:08:01,498 [INFO] pi_jt USD sell post found: 158800 from: دلار فردایی تهران
⏳
158,800 فروش
🔴
2026-04-27 12:08:01,498 [INFO] pi_jt USD final (sell-only): buy=157800 sell=158800 (spread enforced)
2026-04-27 12:08:01,498 [INFO] pi_jt EUR not found, trying fallback sources
2026-04-27 12:08:01,983 [INFO] EUR fallback (sell pattern): 186500 from 💵
دلار آمریکا فروش
🔴
: 158,800 تومان
💵
دلار آمریکا خرید
🔵
: 
2026-04-27 12:08:01,983 [INFO] EUR fallback computed: mid=186500 buy=186000 sell=187000
2026-04-27 12:08:01,983 [INFO] Prices fetched: USD buy=157800 sell=158800 (src=pi_jt) | EUR buy=186000 sell=187000 (src=navasanchannel)
2026-04-27 12:08:02,235 [INFO] TRY mid calculated: 158300.00 / 45.0431 = 3514.41 -> Buy: 3420, Sell: 3520
2026-04-27 12:08:02,235 [INFO] cycle Tehran=15:38 changed=False silent=5.6min -> skip (no_change_within_silence_window)
2026-04-27 12:08:02,235 [INFO] cycle result: {'action': 'skip', 'detail': 'no_change_within_silence_window'}
2026-04-27 12:35:28,410 [INFO] pi_jt USD sell post found: 158800 from: دلار فردایی تهران
⏳
158,800 فروش
🔴
2026-04-27 12:35:28,410 [INFO] pi_jt USD final (sell-only): buy=157800 sell=158800 (spread enforced)
2026-04-27 12:35:28,411 [INFO] pi_jt EUR not found, trying fallback sources
2026-04-27 12:35:29,093 [INFO] EUR fallback (sell pattern): 186500 from 💵
دلار آمریکا فروش
🔴
: 158,800 تومان
💵
دلار آمریکا خرید
🔵
: 
2026-04-27 12:35:29,093 [INFO] EUR fallback computed: mid=186500 buy=186000 sell=187000
2026-04-27 12:35:29,093 [INFO] Prices fetched: USD buy=157800 sell=158800 (src=pi_jt) | EUR buy=186000 sell=187000 (src=navasanchannel)
2026-04-27 12:35:29,434 [INFO] TRY mid calculated: 158300.00 / 45.0431 = 3514.41 -> Buy: 3420, Sell: 3520
2026-04-27 12:35:29,434 [INFO] cycle Tehran=16:05 changed=False silent=33.1min -> post (silence_limit)
2026-04-27 12:35:30,052 [INFO] cycle result: {'action': 'posted', 'detail': 'silence_limit'}
2026-04-27 13:06:26,688 [INFO] pi_jt USD sell post found: 158800 from: دلار فردایی تهران
⏳
158,800 فروش
🔴
2026-04-27 13:06:26,688 [INFO] pi_jt USD final (sell-only): buy=157800 sell=158800 (spread enforced)
2026-04-27 13:06:26,689 [INFO] pi_jt EUR not found, trying fallback sources
2026-04-27 13:06:27,311 [INFO] EUR fallback (sell pattern): 186500 from 💵
دلار آمریکا فروش
🔴
: 158,800 تومان
💵
دلار آمریکا خرید
🔵
: 
2026-04-27 13:06:27,311 [INFO] EUR fallback computed: mid=186500 buy=186000 sell=187000
2026-04-27 13:06:27,311 [INFO] Prices fetched: USD buy=157800 sell=158800 (src=pi_jt) | EUR buy=186000 sell=187000 (src=navasanchannel)
2026-04-27 13:06:27,656 [INFO] TRY mid calculated: 158300.00 / 45.0431 = 3514.41 -> Buy: 3420, Sell: 3520
2026-04-27 13:06:27,656 [INFO] cycle Tehran=16:36 changed=False silent=31.0min -> post (silence_limit)
2026-04-27 13:06:28,256 [INFO] cycle result: {'action': 'posted', 'detail': 'silence_limit'}
2026-04-27 13:33:13,154 [INFO] pi_jt USD sell post found: 158800 from: دلار فردایی تهران
⏳
158,800 فروش
🔴
2026-04-27 13:33:13,154 [INFO] pi_jt USD final (sell-only): buy=157800 sell=158800 (spread enforced)
2026-04-27 13:33:13,154 [INFO] pi_jt EUR not found, trying fallback sources
2026-04-27 13:33:13,610 [INFO] EUR fallback (sell pattern): 186730 from 💵
دلار آمریکا فروش
🔴
: 159,000 تومان
💵
دلار آمریکا خرید
🔵
: 
2026-04-27 13:33:13,610 [INFO] EUR fallback computed: mid=186730 buy=186250 sell=187250
2026-04-27 13:33:13,610 [INFO] Prices fetched: USD buy=157800 sell=158800 (src=pi_jt) | EUR buy=186250 sell=187250 (src=navasanchannel)
2026-04-27 13:33:13,800 [INFO] TRY mid calculated: 158300.00 / 45.0431 = 3514.41 -> Buy: 3420, Sell: 3520
2026-04-27 13:33:13,800 [INFO] cycle Tehran=17:03 changed=True silent=26.8min -> post (change)
2026-04-27 13:33:14,229 [INFO] cycle result: {'action': 'posted', 'detail': 'change'}
2026-04-27 14:05:22,541 [INFO] pi_jt USD sell post found: 159000 from: دلار فردایی تهران
⏳
159,000 فروش
🔴
2026-04-27 14:05:22,541 [INFO] pi_jt USD final (sell-only): buy=158000 sell=159000 (spread enforced)
2026-04-27 14:05:22,541 [INFO] pi_jt EUR not found, trying fallback sources
2026-04-27 14:05:23,067 [INFO] EUR fallback (sell pattern): 186730 from 💵
دلار آمریکا فروش
🔴
: 159,000 تومان
💵
دلار آمریکا خرید
🔵
: 
2026-04-27 14:05:23,068 [INFO] EUR fallback computed: mid=186730 buy=186250 sell=187250
2026-04-27 14:05:23,068 [INFO] Prices fetched: USD buy=158000 sell=159000 (src=pi_jt) | EUR buy=186250 sell=187250 (src=navasanchannel)
2026-04-27 14:05:23,347 [INFO] TRY mid calculated: 158500.00 / 45.0431 = 3518.85 -> Buy: 3430, Sell: 3530
2026-04-27 14:05:23,347 [INFO] cycle Tehran=17:35 changed=True silent=32.2min -> post (change)
2026-04-27 14:05:23,840 [INFO] cycle result: {'action': 'posted', 'detail': 'change'}
2026-04-27 14:33:14,527 [INFO] pi_jt USD sell post found: 159000 from: دلار فردایی تهران
⏳
159,000 فروش
🔴
2026-04-27 14:33:14,527 [INFO] pi_jt USD final (sell-only): buy=158000 sell=159000 (spread enforced)
2026-04-27 14:33:14,527 [INFO] pi_jt EUR not found, trying fallback sources
2026-04-27 14:33:14,977 [INFO] EUR fallback (sell pattern): 186730 from 💵
دلار آمریکا فروش
🔴
: 159,000 تومان
💵
دلار آمریکا خرید
🔵
: 
2026-04-27 14:33:14,977 [INFO] EUR fallback computed: mid=186730 buy=186250 sell=187250
2026-04-27 14:33:14,977 [INFO] Prices fetched: USD buy=158000 sell=159000 (src=pi_jt) | EUR buy=186250 sell=187250 (src=navasanchannel)
2026-04-27 14:33:15,202 [INFO] TRY mid calculated: 158500.00 / 45.0431 = 3518.85 -> Buy: 3430, Sell: 3530
2026-04-27 14:33:15,203 [INFO] cycle Tehran=18:03 changed=False silent=27.9min -> skip (no_change_within_silence_window)
2026-04-27 14:33:15,203 [INFO] cycle result: {'action': 'skip', 'detail': 'no_change_within_silence_window'}
2026-04-27 15:06:45,936 [INFO] pi_jt USD sell post found: 159000 from: دلار فردایی تهران
⏳
159,000 فروش
🔴
2026-04-27 15:06:45,937 [INFO] pi_jt USD final (sell-only): buy=158000 sell=159000 (spread enforced)
2026-04-27 15:06:45,937 [INFO] pi_jt EUR not found, trying fallback sources
2026-04-27 15:06:46,539 [INFO] EUR fallback (sell pattern): 186610 from 💵
دلار آمریکا فروش
🔴
: 158,900 تومان
💵
دلار آمریکا خرید
🔵
: 
2026-04-27 15:06:46,539 [INFO] EUR fallback computed: mid=186610 buy=186100 sell=187100
2026-04-27 15:06:46,539 [INFO] Prices fetched: USD buy=158000 sell=159000 (src=pi_jt) | EUR buy=186100 sell=187100 (src=navasanchannel)
2026-04-27 15:06:46,996 [INFO] TRY mid calculated: 158500.00 / 45.0431 = 3518.85 -> Buy: 3430, Sell: 3530
2026-04-27 15:06:46,996 [INFO] cycle Tehran=18:36 changed=True silent=61.4min -> post (change)
2026-04-27 15:06:47,716 [INFO] cycle result: {'action': 'posted', 'detail': 'change'}
2026-04-27 15:34:06,483 [INFO] pi_jt USD sell post found: 158900 from: دلار فردایی تهران
⏳
158,900 فروش
🔴
2026-04-27 15:34:06,483 [INFO] pi_jt USD final (sell-only): buy=157900 sell=158900 (spread enforced)
2026-04-27 15:34:06,483 [INFO] pi_jt EUR not found, trying fallback sources
2026-04-27 15:34:06,986 [INFO] EUR fallback (sell pattern): 186610 from 💵
دلار آمریکا فروش
🔴
: 158,900 تومان
💵
دلار آمریکا خرید
🔵
: 
2026-04-27 15:34:06,986 [INFO] EUR fallback computed: mid=186610 buy=186100 sell=187100
2026-04-27 15:34:06,986 [INFO] Prices fetched: USD buy=157900 sell=158900 (src=pi_jt) | EUR buy=186100 sell=187100 (src=navasanchannel)
2026-04-27 15:34:07,265 [INFO] TRY mid calculated: 158400.00 / 45.0431 = 3516.63 -> Buy: 3430, Sell: 3530
2026-04-27 15:34:07,266 [INFO] cycle Tehran=19:04 changed=True silent=27.4min -> post (change)
2026-04-27 15:34:07,737 [INFO] cycle result: {'action': 'posted', 'detail': 'change'}
2026-04-27 15:47:34,187 [INFO] pi_jt USD sell post found: 158900 from: دلار فردایی تهران
⏳
158,900 فروش
🔴
2026-04-27 15:47:34,187 [INFO] pi_jt USD final (sell-only): buy=157900 sell=158900 (spread enforced)
2026-04-27 15:47:34,187 [INFO] pi_jt EUR not found, trying fallback sources
2026-04-27 15:47:34,680 [INFO] EUR fallback (sell pattern): 186610 from 💵
دلار آمریکا فروش
🔴
: 158,900 تومان
💵
دلار آمریکا خرید
🔵
: 
2026-04-27 15:47:34,680 [INFO] EUR fallback computed: mid=186610 buy=186100 sell=187100
2026-04-27 15:47:34,680 [INFO] Prices fetched: USD buy=157900 sell=158900 (src=pi_jt) | EUR buy=186100 sell=187100 (src=navasanchannel)
2026-04-27 15:47:34,939 [INFO] TRY mid calculated: 158400.00 / 45.0431 = 3516.63 -> Buy: 3430, Sell: 3530
2026-04-27 15:47:34,939 [INFO] cycle Tehran=19:17 changed=False silent=13.5min -> skip (no_change_within_silence_window)
2026-04-27 15:47:34,939 [INFO] cycle result: {'action': 'skip', 'detail': 'no_change_within_silence_window'}
2026-04-27 15:54:26,561 [INFO] pi_jt USD sell post found: 158900 from: دلار فردایی تهران
⏳
158,900 فروش
🔴
2026-04-27 15:54:26,561 [INFO] pi_jt USD final (sell-only): buy=157900 sell=158900 (spread enforced)
2026-04-27 15:54:26,562 [INFO] pi_jt EUR not found, trying fallback sources
2026-04-27 15:54:27,017 [INFO] EUR fallback (sell pattern): 186610 from 💵
دلار آمریکا فروش
🔴
: 158,900 تومان
💵
دلار آمریکا خرید
🔵
: 
2026-04-27 15:54:27,017 [INFO] EUR fallback computed: mid=186610 buy=186100 sell=187100
2026-04-27 15:54:27,017 [INFO] Prices fetched: USD buy=157900 sell=158900 (src=pi_jt) | EUR buy=186100 sell=187100 (src=navasanchannel)
2026-04-27 15:54:27,350 [INFO] Wise TRY rates: USD/TRY=45.0239 EUR/TRY=52.8265
2026-04-27 15:54:27,352 [INFO] TRY mid calculated: 158400.00 / 45.0239 = 3518.13 -> Buy: 3430, Sell: 3530
2026-04-27 15:54:27,353 [INFO] cycle Tehran=19:24 changed=False silent=20.4min -> skip (no_change_within_silence_window)
2026-04-27 15:54:27,353 [INFO] cycle result: {'action': 'skip', 'detail': 'no_change_within_silence_window'}
2026-04-27 15:57:27,152 [INFO] pi_jt USD sell post found: 158900 from: دلار فردایی تهران
⏳
158,900 فروش
🔴
2026-04-27 15:57:27,152 [INFO] pi_jt USD final (sell-only): buy=157900 sell=158900 (spread enforced)
2026-04-27 15:57:27,152 [INFO] pi_jt EUR not found, trying fallback sources
2026-04-27 15:57:27,711 [INFO] EUR fallback (sell pattern): 186610 from 💵
دلار آمریکا فروش
🔴
: 158,900 تومان
💵
دلار آمریکا خرید
🔵
: 
2026-04-27 15:57:27,711 [INFO] EUR fallback computed: mid=186610 buy=186100 sell=187100
2026-04-27 15:57:27,711 [INFO] Prices fetched: USD buy=157900 sell=158900 (src=pi_jt) | EUR buy=186100 sell=187100 (src=navasanchannel)
2026-04-27 15:57:28,103 [INFO] Wise TRY rates: USD/TRY=45.0239 EUR/TRY=52.8108
2026-04-27 15:57:28,105 [INFO] TRY mid calculated: 158400.00 / 45.0239 = 3518.13 -> Buy: 3430, Sell: 3530
2026-04-27 15:57:28,105 [INFO] cycle Tehran=19:27 changed=False silent=23.4min -> skip (no_change_within_silence_window)
2026-04-27 15:57:28,105 [INFO] cycle result: {'action': 'skip', 'detail': 'no_change_within_silence_window'}
2026-04-27 16:04:51,959 [INFO] pi_jt USD sell post found: 158900 from: دلار فردایی تهران
⏳
158,900 فروش
🔴
2026-04-27 16:04:51,959 [INFO] pi_jt USD final (sell-only): buy=157900 sell=158900 (spread enforced)
2026-04-27 16:04:51,959 [INFO] pi_jt EUR not found, trying fallback sources
2026-04-27 16:04:52,439 [INFO] EUR fallback (sell pattern): 186610 from 💵
دلار آمریکا فروش
🔴
: 158,900 تومان
💵
دلار آمریکا خرید
🔵
: 
2026-04-27 16:04:52,439 [INFO] EUR fallback computed: mid=186610 buy=186100 sell=187100
2026-04-27 16:04:52,439 [INFO] Prices fetched: USD buy=157900 sell=158900 (src=pi_jt) | EUR buy=186100 sell=187100 (src=navasanchannel)
2026-04-27 16:04:52,836 [INFO] Wise TRY rates: USD/TRY=45.0202 EUR/TRY=52.8199
2026-04-27 16:04:52,837 [INFO] TRY mid calculated: 158400.00 / 45.0202 = 3518.42 -> Buy: 3430, Sell: 3530
2026-04-27 16:04:52,838 [INFO] cycle Tehran=19:34 changed=False silent=30.8min -> post (silence_limit)
2026-04-27 16:04:53,306 [INFO] cycle result: {'action': 'posted', 'detail': 'silence_limit'}
2026-04-27 16:31:57,148 [INFO] pi_jt USD sell post found: 159000 from: دلار فردایی تهران
⏳
159,000 فروش
🔴
2026-04-27 16:31:57,148 [INFO] pi_jt USD final (sell-only): buy=158000 sell=159000 (spread enforced)
2026-04-27 16:31:57,149 [INFO] pi_jt EUR not found, trying fallback sources
2026-04-27 16:31:57,751 [INFO] EUR fallback (sell pattern): 186610 from 💵
دلار آمریکا فروش
🔴
: 158,900 تومان
💵
دلار آمریکا خرید
🔵
: 
2026-04-27 16:31:57,751 [INFO] EUR fallback computed: mid=186610 buy=186100 sell=187100
2026-04-27 16:31:57,751 [INFO] Prices fetched: USD buy=158000 sell=159000 (src=pi_jt) | EUR buy=186100 sell=187100 (src=navasanchannel)
2026-04-27 16:31:58,303 [INFO] Wise TRY rates: USD/TRY=45.0196 EUR/TRY=52.8080
2026-04-27 16:31:58,305 [INFO] TRY mid calculated: 158500.00 / 45.0196 = 3520.69 -> Buy: 3430, Sell: 3530
2026-04-27 16:31:58,306 [INFO] cycle Tehran=20:01 changed=True silent=27.1min -> post (change)
2026-04-27 16:31:58,848 [INFO] cycle result: {'action': 'posted', 'detail': 'change'}
2026-04-27 17:04:26,447 [INFO] pi_jt USD sell post found: 159500 from: دلار فردایی تهران
⏳
159,500 فروش
🔴
2026-04-27 17:04:26,447 [INFO] pi_jt USD final (sell-only): buy=158500 sell=159500 (spread enforced)
2026-04-27 17:04:26,448 [INFO] pi_jt EUR not found, trying fallback sources
2026-04-27 17:04:27,149 [INFO] EUR fallback (sell pattern): 186750 from 💵
دلار آمریکا فروش
🔴
: 159,200 تومان
💵
دلار آمریکا خرید
🔵
: 
2026-04-27 17:04:27,149 [INFO] EUR fallback computed: mid=186750 buy=186250 sell=187250
2026-04-27 17:04:27,149 [INFO] Prices fetched: USD buy=158500 sell=159500 (src=pi_jt) | EUR buy=186250 sell=187250 (src=navasanchannel)
2026-04-27 17:04:27,726 [INFO] Wise TRY rates: USD/TRY=45.0224 EUR/TRY=52.7933
2026-04-27 17:04:27,727 [INFO] TRY mid calculated: 159000.00 / 45.0224 = 3531.58 -> Buy: 3440, Sell: 3540
2026-04-27 17:04:27,728 [INFO] cycle Tehran=20:34 changed=True silent=32.5min -> post (change)
2026-04-27 17:04:28,358 [INFO] cycle result: {'action': 'posted', 'detail': 'change'}
2026-04-27 17:35:23,801 [INFO] pi_jt USD sell post found: 159500 from: دلار فردایی تهران
⏳
159,500 فروش
🔴
2026-04-27 17:35:23,802 [INFO] pi_jt USD final (sell-only): buy=158500 sell=159500 (spread enforced)
2026-04-27 17:35:23,802 [INFO] pi_jt EUR not found, trying fallback sources
2026-04-27 17:35:24,272 [INFO] EUR fallback (sell pattern): 186750 from 💵
دلار آمریکا فروش
🔴
: 159,200 تومان
💵
دلار آمریکا خرید
🔵
: 
2026-04-27 17:35:24,272 [INFO] EUR fallback computed: mid=186750 buy=186250 sell=187250
2026-04-27 17:35:24,272 [INFO] Prices fetched: USD buy=158500 sell=159500 (src=pi_jt) | EUR buy=186250 sell=187250 (src=navasanchannel)
2026-04-27 17:35:24,642 [INFO] Wise TRY rates: USD/TRY=45.0217 EUR/TRY=52.8014
2026-04-27 17:35:24,644 [INFO] TRY mid calculated: 159000.00 / 45.0217 = 3531.63 -> Buy: 3440, Sell: 3540
2026-04-27 17:35:24,644 [INFO] cycle Tehran=21:05 changed=False silent=31.0min -> post (silence_limit)
2026-04-27 17:35:25,040 [INFO] cycle result: {'action': 'posted', 'detail': 'silence_limit'}
2026-04-27 17:44:43,397 [INFO] pi_jt USD sell post found: 159500 from: دلار فردایی تهران
⏳
159,500 فروش
🔴
2026-04-27 17:44:43,397 [INFO] pi_jt USD final (sell-only): buy=158500 sell=159500 (spread enforced)
2026-04-27 17:44:43,397 [INFO] pi_jt EUR not found, trying fallback sources
2026-04-27 17:44:44,033 [INFO] EUR fallback (sell pattern): 186750 from 💵
دلار آمریکا فروش
🔴
: 159,200 تومان
💵
دلار آمریکا خرید
🔵
: 
2026-04-27 17:44:44,033 [INFO] EUR fallback computed: mid=186750 buy=186250 sell=187250
2026-04-27 17:44:44,033 [INFO] Prices fetched: USD buy=158500 sell=159500 (src=pi_jt) | EUR buy=186250 sell=187250 (src=navasanchannel)
2026-04-27 17:44:44,593 [INFO] Wise TRY rates: USD/TRY=45.0217 EUR/TRY=52.7902
2026-04-27 17:44:44,594 [INFO] TRY mid calculated: 159000.00 / 45.0217 = 3531.63 -> Buy: 3440, Sell: 3540
2026-04-27 17:44:44,595 [INFO] cycle Tehran=21:14 changed=False silent=9.4min -> skip (no_change_within_silence_window)
2026-04-27 17:44:44,595 [INFO] cycle result: {'action': 'skip', 'detail': 'no_change_within_silence_window'}
2026-04-27 18:04:39,443 [INFO] pi_jt USD sell post found: 159500 from: دلار فردایی تهران
⏳
159,500 فروش
🔴
2026-04-27 18:04:39,443 [INFO] pi_jt USD final (sell-only): buy=158500 sell=159500 (spread enforced)
2026-04-27 18:04:39,443 [INFO] pi_jt EUR not found, trying fallback sources
2026-04-27 18:04:39,929 [INFO] EUR fallback (sell pattern): 186750 from 💵
دلار آمریکا فروش
🔴
: 159,200 تومان
💵
دلار آمریکا خرید
🔵
: 
2026-04-27 18:04:39,929 [INFO] EUR fallback computed: mid=186750 buy=186250 sell=187250
2026-04-27 18:04:39,929 [INFO] Prices fetched: USD buy=158500 sell=159500 (src=pi_jt) | EUR buy=186250 sell=187250 (src=navasanchannel)
2026-04-27 18:04:40,282 [INFO] Wise TRY rates: USD/TRY=45.0217 EUR/TRY=52.7789
2026-04-27 18:04:40,284 [INFO] TRY mid calculated: 159000.00 / 45.0217 = 3531.63 -> Buy: 3440, Sell: 3540
2026-04-27 18:04:40,284 [INFO] cycle Tehran=21:34 changed=False silent=29.3min -> skip (no_change_within_silence_window)
2026-04-27 18:04:40,284 [INFO] cycle result: {'action': 'skip', 'detail': 'no_change_within_silence_window'}
2026-04-27 18:33:59,127 [INFO] pi_jt USD sell post found: 159500 from: دلار فردایی تهران
⏳
159,500 فروش
🔴
2026-04-27 18:33:59,127 [INFO] pi_jt USD final (sell-only): buy=158500 sell=159500 (spread enforced)
2026-04-27 18:33:59,127 [INFO] pi_jt EUR not found, trying fallback sources
2026-04-27 18:33:59,728 [INFO] EUR fallback (sell pattern): 186750 from 💵
دلار آمریکا فروش
🔴
: 159,200 تومان
💵
دلار آمریکا خرید
🔵
: 
2026-04-27 18:33:59,728 [INFO] EUR fallback computed: mid=186750 buy=186250 sell=187250
2026-04-27 18:33:59,728 [INFO] Prices fetched: USD buy=158500 sell=159500 (src=pi_jt) | EUR buy=186250 sell=187250 (src=navasanchannel)
2026-04-27 18:34:00,268 [INFO] Wise TRY rates: USD/TRY=45.0215 EUR/TRY=52.7742
2026-04-27 18:34:00,270 [INFO] TRY mid calculated: 159000.00 / 45.0215 = 3531.65 -> Buy: 3440, Sell: 3540
2026-04-27 18:34:00,270 [INFO] cycle Tehran=22:03 changed=False silent=58.6min -> post (silence_limit)
2026-04-27 18:34:00,823 [INFO] cycle result: {'action': 'posted', 'detail': 'silence_limit'}
2026-04-27 21:36:54,842 [INFO] outside working hours (Tehran 01:06); sleeping
2026-04-27 21:36:54,842 [INFO] cycle result: {'action': 'idle', 'detail': 'outside_working_hours'}
2026-04-28 03:04:27,534 [INFO] outside working hours (Tehran 06:34); sleeping
2026-04-28 03:04:27,534 [INFO] cycle result: {'action': 'idle', 'detail': 'outside_working_hours'}
2026-04-28 03:35:29,437 [INFO] outside working hours (Tehran 07:05); sleeping
2026-04-28 03:35:29,437 [INFO] cycle result: {'action': 'idle', 'detail': 'outside_working_hours'}
2026-04-28 04:02:07,466 [INFO] outside working hours (Tehran 07:32); sleeping
2026-04-28 04:02:07,466 [INFO] cycle result: {'action': 'idle', 'detail': 'outside_working_hours'}
2026-04-28 04:32:28,832 [INFO] outside working hours (Tehran 08:02); sleeping
2026-04-28 04:32:28,832 [INFO] cycle result: {'action': 'idle', 'detail': 'outside_working_hours'}
2026-04-28 05:05:41,185 [INFO] outside working hours (Tehran 08:35); sleeping
2026-04-28 05:05:41,186 [INFO] cycle result: {'action': 'idle', 'detail': 'outside_working_hours'}
2026-04-28 05:32:13,293 [INFO] pi_jt USD sell post found: 159500 from: دلار فردایی تهران
⏳
159,500 فروش
🔴
2026-04-28 05:32:13,293 [INFO] pi_jt USD final (sell-only): buy=158500 sell=159500 (spread enforced)
2026-04-28 05:32:13,294 [INFO] pi_jt EUR not found, trying fallback sources
2026-04-28 05:32:13,755 [INFO] EUR fallback (sell pattern): 186750 from 💵
دلار آمریکا فروش
🔴
: 159,200 تومان
💵
دلار آمریکا خرید
🔵
: 
2026-04-28 05:32:13,756 [INFO] EUR fallback computed: mid=186750 buy=186250 sell=187250
2026-04-28 05:32:13,756 [INFO] Prices fetched: USD buy=158500 sell=159500 (src=pi_jt) | EUR buy=186250 sell=187250 (src=navasanchannel)
2026-04-28 05:32:14,204 [INFO] Wise TRY rates: USD/TRY=45.0285 EUR/TRY=52.7374
2026-04-28 05:32:14,206 [INFO] TRY mid calculated: 159000.00 / 45.0285 = 3531.10 -> Buy: 3440, Sell: 3540
2026-04-28 05:32:14,206 [INFO] cycle Tehran=09:02 changed=False silent=658.3min -> post (silence_limit)
2026-04-28 05:32:14,717 [INFO] cycle result: {'action': 'posted', 'detail': 'silence_limit'}
2026-04-28 06:04:57,441 [INFO] pi_jt USD sell post found: 159500 from: دلار فردایی تهران
⏳
159,500 فروش
🔴
2026-04-28 06:04:57,441 [INFO] pi_jt USD final (sell-only): buy=158500 sell=159500 (spread enforced)
2026-04-28 06:04:57,441 [INFO] pi_jt EUR not found, trying fallback sources
2026-04-28 06:04:57,884 [INFO] EUR fallback (sell pattern): 186750 from 💵
دلار آمریکا فروش
🔴
: 159,200 تومان
💵
دلار آمریکا خرید
🔵
: 
2026-04-28 06:04:57,884 [INFO] EUR fallback computed: mid=186750 buy=186250 sell=187250
2026-04-28 06:04:57,884 [INFO] Prices fetched: USD buy=158500 sell=159500 (src=pi_jt) | EUR buy=186250 sell=187250 (src=navasanchannel)
2026-04-28 06:04:58,214 [INFO] Wise TRY rates: USD/TRY=45.0524 EUR/TRY=52.7293
2026-04-28 06:04:58,216 [INFO] TRY mid calculated: 159000.00 / 45.0524 = 3529.22 -> Buy: 3440, Sell: 3540
2026-04-28 06:04:58,216 [INFO] cycle Tehran=09:34 changed=False silent=32.8min -> post (silence_limit)
2026-04-28 06:04:58,577 [INFO] cycle result: {'action': 'posted', 'detail': 'silence_limit'}
2026-04-28 06:35:29,443 [INFO] pi_jt USD sell post found: 159500 from: دلار فردایی تهران
⏳
159,500 فروش
🔴
2026-04-28 06:35:29,443 [INFO] pi_jt USD final (sell-only): buy=158500 sell=159500 (spread enforced)
2026-04-28 06:35:29,444 [INFO] pi_jt EUR not found, trying fallback sources
2026-04-28 06:35:30,097 [INFO] EUR fallback (after-keyword): 187100 from دلار آمریکا
🇺🇸
159,500
تغییر 0◄      %0.00
یورو
🇪🇺
187,100
ت
2026-04-28 06:35:30,097 [INFO] EUR fallback computed: mid=187100 buy=186600 sell=187600
2026-04-28 06:35:30,097 [INFO] Prices fetched: USD buy=158500 sell=159500 (src=pi_jt) | EUR buy=186600 sell=187600 (src=navasanchannel)
2026-04-28 06:35:30,503 [INFO] Wise TRY rates: USD/TRY=45.0471 EUR/TRY=52.7164
2026-04-28 06:35:30,505 [INFO] TRY mid calculated: 159000.00 / 45.0471 = 3529.64 -> Buy: 3440, Sell: 3540
2026-04-28 06:35:30,505 [INFO] cycle Tehran=10:05 changed=True silent=30.6min -> post (change)
2026-04-28 06:35:31,155 [INFO] cycle result: {'action': 'posted', 'detail': 'change'}
2026-04-28 07:03:36,842 [INFO] pi_jt USD sell post found: 159500 from: دلار فردایی تهران
⏳
159,500 فروش
🔴
2026-04-28 07:03:36,843 [INFO] pi_jt USD final (sell-only): buy=158500 sell=159500 (spread enforced)
2026-04-28 07:03:36,843 [INFO] pi_jt EUR not found, trying fallback sources
2026-04-28 07:03:37,422 [INFO] EUR fallback (after-keyword): 187100 from دلار آمریکا
🇺🇸
159,500
تغییر 0◄      %0.00
یورو
🇪🇺
187,100
ت
2026-04-28 07:03:37,422 [INFO] EUR fallback computed: mid=187100 buy=186600 sell=187600
2026-04-28 07:03:37,422 [INFO] Prices fetched: USD buy=158500 sell=159500 (src=pi_jt) | EUR buy=186600 sell=187600 (src=navasanchannel)
2026-04-28 07:03:37,861 [INFO] Wise TRY rates: USD/TRY=45.0416 EUR/TRY=52.6536
2026-04-28 07:03:37,863 [INFO] TRY mid calculated: 159000.00 / 45.0416 = 3530.07 -> Buy: 3440, Sell: 3540
2026-04-28 07:03:37,863 [INFO] cycle Tehran=10:33 changed=False silent=28.2min -> skip (no_change_within_silence_window)
2026-04-28 07:03:37,864 [INFO] cycle result: {'action': 'skip', 'detail': 'no_change_within_silence_window'}
2026-04-28 07:33:19,194 [INFO] pi_jt USD sell post found: 159500 from: دلار فردایی تهران
⏳
159,500 فروش
🔴
2026-04-28 07:33:19,194 [INFO] pi_jt USD final (sell-only): buy=158500 sell=159500 (spread enforced)
2026-04-28 07:33:19,195 [INFO] pi_jt EUR not found, trying fallback sources
2026-04-28 07:33:19,847 [INFO] EUR fallback (after-keyword): 187100 from دلار آمریکا
🇺🇸
159,500
تغییر 0◄      %0.00
یورو
🇪🇺
187,100
ت
2026-04-28 07:33:19,847 [INFO] EUR fallback computed: mid=187100 buy=186600 sell=187600
2026-04-28 07:33:19,847 [INFO] Prices fetched: USD buy=158500 sell=159500 (src=pi_jt) | EUR buy=186600 sell=187600 (src=navasanchannel)
2026-04-28 07:33:20,299 [INFO] Wise TRY rates: USD/TRY=45.0100 EUR/TRY=52.6504
2026-04-28 07:33:20,301 [INFO] TRY mid calculated: 159000.00 / 45.0100 = 3532.55 -> Buy: 3440, Sell: 3540
2026-04-28 07:33:20,301 [INFO] cycle Tehran=11:03 changed=False silent=57.9min -> post (silence_limit)
2026-04-28 07:33:20,969 [INFO] cycle result: {'action': 'posted', 'detail': 'silence_limit'}
2026-04-28 08:05:42,334 [INFO] pi_jt USD sell post found: 159500 from: دلار فردایی تهران
⏳
159,500 فروش
🔴
2026-04-28 08:05:42,335 [INFO] pi_jt USD final (sell-only): buy=158500 sell=159500 (spread enforced)
2026-04-28 08:05:42,335 [INFO] pi_jt EUR not found, trying fallback sources
2026-04-28 08:05:42,913 [INFO] EUR fallback (sell pattern): 189180 from 💵
دلار آمریکا فروش
🔴
: 161,500 تومان
💵
دلار آمریکا خرید
🔵
: 
2026-04-28 08:05:42,913 [INFO] EUR fallback computed: mid=189180 buy=188700 sell=189700
2026-04-28 08:05:42,913 [INFO] Prices fetched: USD buy=158500 sell=159500 (src=pi_jt) | EUR buy=188700 sell=189700 (src=navasanchannel)
2026-04-28 08:05:43,531 [INFO] Wise TRY rates: USD/TRY=45.0498 EUR/TRY=52.6880
2026-04-28 08:05:43,533 [INFO] TRY mid calculated: 159000.00 / 45.0498 = 3529.43 -> Buy: 3440, Sell: 3540
2026-04-28 08:05:43,534 [INFO] cycle Tehran=11:35 changed=True silent=32.4min -> post (change)
2026-04-28 08:05:44,119 [INFO] cycle result: {'action': 'posted', 'detail': 'change'}
2026-04-28 08:11:29,591 [INFO] pi_jt USD sell post found: 159500 from: دلار فردایی تهران
⏳
159,500 فروش
🔴
2026-04-28 08:11:29,592 [INFO] pi_jt USD final (sell-only): buy=158500 sell=159500 (spread enforced)
2026-04-28 08:11:29,592 [INFO] pi_jt EUR not found, trying fallback sources
2026-04-28 08:11:30,155 [INFO] EUR fallback (sell pattern): 189180 from 💵
دلار آمریکا فروش
🔴
: 161,500 تومان
💵
دلار آمریکا خرید
🔵
: 
2026-04-28 08:11:30,155 [INFO] EUR fallback computed: mid=189180 buy=188700 sell=189700
2026-04-28 08:11:30,155 [INFO] Prices fetched: USD buy=158500 sell=159500 (src=pi_jt) | EUR buy=188700 sell=189700 (src=navasanchannel)
2026-04-28 08:11:30,754 [INFO] Wise TRY rates: USD/TRY=45.0105 EUR/TRY=52.6758
2026-04-28 08:11:30,755 [INFO] TRY mid calculated: 159000.00 / 45.0105 = 3532.51 -> Buy: 3440, Sell: 3540
2026-04-28 08:11:30,755 [INFO] cycle Tehran=11:41 changed=False silent=5.8min -> skip (no_change_within_silence_window)
2026-04-28 08:11:30,756 [INFO] cycle result: {'action': 'skip', 'detail': 'no_change_within_silence_window'}
2026-04-28 08:15:09,625 [INFO] pi_jt USD sell post found: 159500 from: دلار فردایی تهران
⏳
159,500 فروش
🔴
2026-04-28 08:15:09,625 [INFO] pi_jt USD final (sell-only): buy=158500 sell=159500 (spread enforced)
2026-04-28 08:15:09,625 [INFO] pi_jt EUR not found, trying fallback sources
2026-04-28 08:15:10,274 [INFO] EUR fallback (sell pattern): 189530 from 💵
دلار آمریکا فروش
🔴
: 161,800 تومان
💵
دلار آمریکا خرید
🔵
: 
2026-04-28 08:15:10,274 [INFO] EUR fallback computed: mid=189530 buy=189050 sell=190050
2026-04-28 08:15:10,274 [INFO] Prices fetched: USD buy=158500 sell=159500 (src=pi_jt) | EUR buy=189050 sell=190050 (src=navasanchannel)
2026-04-28 08:15:10,737 [INFO] Wise TRY rates: USD/TRY=45.0481 EUR/TRY=52.7153
2026-04-28 08:15:10,739 [INFO] TRY mid calculated: 159000.00 / 45.0481 = 3529.56 -> Buy: 3440, Sell: 3540
2026-04-28 08:15:10,739 [INFO] cycle Tehran=11:45 changed=True silent=9.5min -> post (change)
2026-04-28 08:15:11,418 [INFO] cycle result: {'action': 'posted', 'detail': 'change'}
2026-04-28 08:33:42,981 [INFO] pi_jt USD sell post found: 159500 from: دلار فردایی تهران
⏳
159,500 فروش
🔴
2026-04-28 08:33:42,981 [INFO] pi_jt USD final (sell-only): buy=158500 sell=159500 (spread enforced)
2026-04-28 08:33:42,982 [INFO] pi_jt EUR not found, trying fallback sources
2026-04-28 08:33:43,442 [INFO] EUR fallback (sell pattern): 189530 from 💵
دلار آمریکا فروش
🔴
: 161,800 تومان
💵
دلار آمریکا خرید
🔵
: 
2026-04-28 08:33:43,442 [INFO] EUR fallback computed: mid=189530 buy=189050 sell=190050
2026-04-28 08:33:43,442 [INFO] Prices fetched: USD buy=158500 sell=159500 (src=pi_jt) | EUR buy=189050 sell=190050 (src=navasanchannel)
2026-04-28 08:33:43,891 [INFO] Wise TRY rates: USD/TRY=45.0530 EUR/TRY=52.7413
2026-04-28 08:33:43,892 [INFO] TRY mid calculated: 159000.00 / 45.0530 = 3529.18 -> Buy: 3440, Sell: 3540
2026-04-28 08:33:43,892 [INFO] cycle Tehran=12:03 changed=False silent=18.6min -> skip (no_change_within_silence_window)
2026-04-28 08:33:43,893 [INFO] cycle result: {'action': 'skip', 'detail': 'no_change_within_silence_window'}
2026-04-28 08:40:52,914 [INFO] pi_jt USD sell post found: 159500 from: دلار فردایی تهران
⏳
159,500 فروش
🔴
2026-04-28 08:40:52,914 [INFO] pi_jt USD final (sell-only): buy=158500 sell=159500 (spread enforced)
2026-04-28 08:40:52,914 [INFO] pi_jt EUR not found, trying fallback sources
2026-04-28 08:40:53,366 [INFO] EUR fallback (sell pattern): 189530 from 💵
دلار آمریکا فروش
🔴
: 161,800 تومان
💵
دلار آمریکا خرید
🔵
: 
2026-04-28 08:40:53,367 [INFO] EUR fallback computed: mid=189530 buy=189050 sell=190050
2026-04-28 08:40:53,367 [INFO] Prices fetched: USD buy=158500 sell=159500 (src=pi_jt) | EUR buy=189050 sell=190050 (src=navasanchannel)
2026-04-28 08:40:53,715 [INFO] Wise TRY rates: USD/TRY=45.0545 EUR/TRY=52.7183
2026-04-28 08:40:53,717 [INFO] TRY mid calculated: 159000.00 / 45.0545 = 3529.06 -> Buy: 3440, Sell: 3540
2026-04-28 08:40:53,717 [INFO] cycle Tehran=12:10 changed=False silent=25.7min -> skip (no_change_within_silence_window)
2026-04-28 08:40:53,718 [INFO] cycle result: {'action': 'skip', 'detail': 'no_change_within_silence_window'}
2026-04-28 08:41:46,246 [WARNING] pi_jt latest post is 907.0 min old (STALE > 180 min) — skipping pi_jt
2026-04-28 08:41:46,247 [INFO] pi_jt USD not found, trying fallback sources
2026-04-28 08:41:46,977 [INFO] USD fallback computed: mid=161800 buy=161300 sell=162300
2026-04-28 08:41:46,977 [INFO] pi_jt EUR not found, trying fallback sources
2026-04-28 08:41:47,420 [INFO] EUR fallback (sell pattern): 189530 from 💵
دلار آمریکا فروش
🔴
: 161,800 تومان
💵
دلار آمریکا خرید
🔵
: 
2026-04-28 08:41:47,420 [INFO] EUR fallback computed: mid=189530 buy=189050 sell=190050
2026-04-28 08:41:47,421 [INFO] Prices fetched: USD buy=161300 sell=162300 (src=dollar_tehran3bze+tahran_sabza) | EUR buy=189050 sell=190050 (src=navasanchannel)
2026-04-28 08:41:47,774 [INFO] Wise TRY rates: USD/TRY=45.0544 EUR/TRY=52.7159
2026-04-28 08:41:47,776 [INFO] TRY mid calculated: 161800.00 / 45.0544 = 3591.21 -> Buy: 3500, Sell: 3600
2026-04-28 08:41:47,776 [INFO] cycle Tehran=12:11 changed=True silent=26.6min -> post (change)
2026-04-28 08:41:48,360 [INFO] cycle result: {'action': 'posted', 'detail': 'change'}
2026-04-28 09:06:14,215 [INFO] pi_jt latest post age: 3.9 min (fresh)
2026-04-28 09:06:14,216 [INFO] pi_jt USD sell post found: 161800 from: دلار فردایی تهران
⏳
161,800 فروش
🔴
2026-04-28 09:06:14,216 [INFO] pi_jt USD final (sell-only): buy=160800 sell=161800 (spread enforced)
2026-04-28 09:06:14,216 [INFO] pi_jt EUR not found, trying fallback sources
2026-04-28 09:06:14,724 [INFO] EUR fallback (sell pattern): 189530 from 💵
دلار آمریکا فروش
🔴
: 161,800 تومان
💵
دلار آمریکا خرید
🔵
: 
2026-04-28 09:06:14,724 [INFO] EUR fallback computed: mid=189530 buy=189050 sell=190050
2026-04-28 09:06:14,724 [INFO] Prices fetched: USD buy=160800 sell=161800 (src=pi_jt) | EUR buy=189050 sell=190050 (src=navasanchannel)
2026-04-28 09:06:15,137 [INFO] Wise TRY rates: USD/TRY=45.0409 EUR/TRY=52.7024
2026-04-28 09:06:15,139 [INFO] TRY mid calculated: 161300.00 / 45.0409 = 3581.19 -> Buy: 3490, Sell: 3590
2026-04-28 09:06:15,139 [INFO] cycle Tehran=12:36 changed=True silent=24.5min -> post (change)
2026-04-28 09:06:15,644 [INFO] cycle result: {'action': 'posted', 'detail': 'change'}
2026-04-28 09:35:34,849 [INFO] pi_jt latest post age: 5.8 min (fresh)
2026-04-28 09:35:34,849 [INFO] pi_jt USD sell post found: 162000 from: دلار فردایی تهران
⏳
162,000 فروش
🔴
2026-04-28 09:35:34,849 [INFO] pi_jt USD final (sell-only): buy=161000 sell=162000 (spread enforced)
2026-04-28 09:35:34,849 [INFO] pi_jt EUR not found, trying fallback sources
2026-04-28 09:35:35,299 [INFO] EUR fallback (sell pattern): 189530 from 💵
دلار آمریکا فروش
🔴
: 161,800 تومان
💵
دلار آمریکا خرید
🔵
: 
2026-04-28 09:35:35,299 [INFO] EUR fallback computed: mid=189530 buy=189050 sell=190050
2026-04-28 09:35:35,299 [INFO] Prices fetched: USD buy=161000 sell=162000 (src=pi_jt) | EUR buy=189050 sell=190050 (src=navasanchannel)
2026-04-28 09:35:35,712 [INFO] Wise TRY rates: USD/TRY=45.0551 EUR/TRY=52.6694
2026-04-28 09:35:35,714 [INFO] TRY mid calculated: 161500.00 / 45.0551 = 3584.50 -> Buy: 3490, Sell: 3590
2026-04-28 09:35:35,715 [INFO] cycle Tehran=13:05 changed=True silent=29.4min -> post (change)
2026-04-28 09:35:36,106 [INFO] cycle result: {'action': 'posted', 'detail': 'change'}
2026-04-28 10:04:33,055 [INFO] pi_jt latest post age: 6.0 min (fresh)
2026-04-28 10:04:33,055 [INFO] pi_jt USD sell post found: 163000 from: دلار فردایی تهران
⏳
163,000 فروش
🔴
2026-04-28 10:04:33,056 [INFO] pi_jt USD final (sell-only): buy=162000 sell=163000 (spread enforced)
2026-04-28 10:04:33,056 [INFO] pi_jt EUR not found, trying fallback sources
2026-04-28 10:04:33,680 [INFO] EUR fallback (sell pattern): 190930 from 💵
دلار آمریکا فروش
🔴
: 163,000 تومان
💵
دلار آمریکا خرید
🔵
: 
2026-04-28 10:04:33,680 [INFO] EUR fallback computed: mid=190930 buy=190450 sell=191450
2026-04-28 10:04:33,680 [INFO] Prices fetched: USD buy=162000 sell=163000 (src=pi_jt) | EUR buy=190450 sell=191450 (src=navasanchannel)
2026-04-28 10:04:34,230 [INFO] Wise TRY rates: USD/TRY=45.0545 EUR/TRY=52.6845
2026-04-28 10:04:34,232 [INFO] TRY mid calculated: 162500.00 / 45.0545 = 3606.74 -> Buy: 3520, Sell: 3620
2026-04-28 10:04:34,232 [INFO] cycle Tehran=13:34 changed=True silent=29.0min -> post (change)
2026-04-28 10:04:34,819 [INFO] cycle result: {'action': 'posted', 'detail': 'change'}
2026-04-28 10:34:12,950 [INFO] pi_jt latest post age: 22.4 min (fresh)
2026-04-28 10:34:12,950 [INFO] pi_jt USD sell post found: 163000 from: دلار فردایی تهران
⏳
163,000 فروش
🔴
2026-04-28 10:34:12,950 [INFO] pi_jt USD final (sell-only): buy=162000 sell=163000 (spread enforced)
2026-04-28 10:34:12,950 [INFO] pi_jt EUR not found, trying fallback sources
2026-04-28 10:34:13,561 [INFO] EUR fallback (sell pattern): 190600 from 💵
دلار آمریکا فروش
🔴
: 163,000 تومان
💵
دلار آمریکا خرید
🔵
: 
2026-04-28 10:34:13,561 [INFO] EUR fallback computed: mid=190600 buy=190100 sell=191100
2026-04-28 10:34:13,561 [INFO] Prices fetched: USD buy=162000 sell=163000 (src=pi_jt) | EUR buy=190100 sell=191100 (src=navasanchannel)
2026-04-28 10:34:14,118 [INFO] Wise TRY rates: USD/TRY=45.0548 EUR/TRY=52.6826
2026-04-28 10:34:14,119 [INFO] TRY mid calculated: 162500.00 / 45.0548 = 3606.72 -> Buy: 3520, Sell: 3620
2026-04-28 10:34:14,120 [INFO] cycle Tehran=14:04 changed=True silent=29.7min -> post (change)
2026-04-28 10:34:14,676 [INFO] cycle result: {'action': 'posted', 'detail': 'change'}
2026-04-28 11:06:44,969 [INFO] pi_jt latest post age: 12.3 min (fresh)
2026-04-28 11:06:44,969 [INFO] pi_jt USD sell post found: 164000 from: دلار فردایی تهران
⏳
164,000 فروش
🔴
2026-04-28 11:06:44,969 [INFO] pi_jt USD final (sell-only): buy=163000 sell=164000 (spread enforced)
2026-04-28 11:06:44,969 [INFO] pi_jt EUR not found, trying fallback sources
2026-04-28 11:06:45,490 [INFO] EUR fallback (sell pattern): 191770 from 💵
دلار آمریکا فروش
🔴
: 164,000 تومان
💵
دلار آمریکا خرید
🔵
: 
2026-04-28 11:06:45,490 [INFO] EUR fallback computed: mid=191770 buy=191250 sell=192250
2026-04-28 11:06:45,490 [INFO] Prices fetched: USD buy=163000 sell=164000 (src=pi_jt) | EUR buy=191250 sell=192250 (src=navasanchannel)
2026-04-28 11:06:45,844 [INFO] Wise TRY rates: USD/TRY=45.0547 EUR/TRY=52.7117
2026-04-28 11:06:45,846 [INFO] TRY mid calculated: 163500.00 / 45.0547 = 3628.92 -> Buy: 3540, Sell: 3640
2026-04-28 11:06:45,846 [INFO] cycle Tehran=14:36 changed=True silent=32.6min -> post (change)
2026-04-28 11:06:46,338 [INFO] cycle result: {'action': 'posted', 'detail': 'change'}
2026-04-28 11:34:35,047 [INFO] pi_jt latest post age: 9.1 min (fresh)
2026-04-28 11:34:35,048 [INFO] pi_jt USD sell post found: 164500 from: دلار فردایی تهران
⏳
164,500 فروش
🔴
2026-04-28 11:34:35,048 [INFO] pi_jt USD final (sell-only): buy=163500 sell=164500 (spread enforced)
2026-04-28 11:34:35,048 [INFO] pi_jt EUR not found, trying fallback sources
2026-04-28 11:34:35,555 [INFO] EUR fallback (sell pattern): 192940 from 💵
دلار آمریکا فروش
🔴
: 165,000 تومان
💵
دلار آمریکا خرید
🔵
: 
2026-04-28 11:34:35,555 [INFO] EUR fallback computed: mid=192940 buy=192450 sell=193450
2026-04-28 11:34:35,555 [INFO] Prices fetched: USD buy=163500 sell=164500 (src=pi_jt) | EUR buy=192450 sell=193450 (src=navasanchannel)
2026-04-28 11:34:35,900 [INFO] Wise TRY rates: USD/TRY=45.0545 EUR/TRY=52.6777
2026-04-28 11:34:35,902 [INFO] TRY mid calculated: 164000.00 / 45.0545 = 3640.04 -> Buy: 3550, Sell: 3650
2026-04-28 11:34:35,903 [INFO] cycle Tehran=15:04 changed=True silent=27.9min -> post (change)
2026-04-28 11:34:36,390 [INFO] cycle result: {'action': 'posted', 'detail': 'change'}
2026-04-28 12:02:49,543 [INFO] pi_jt latest post age: 19.6 min (fresh)
2026-04-28 12:02:49,543 [INFO] pi_jt USD sell post found: 164500 from: دلار نـــقـدی تهران
💵
164,500 فروش
🔴
2026-04-28 12:02:49,543 [INFO] pi_jt USD final (sell-only): buy=163500 sell=164500 (spread enforced)
2026-04-28 12:02:49,543 [INFO] pi_jt EUR not found, trying fallback sources
2026-04-28 12:02:50,051 [INFO] EUR fallback (sell pattern): 192940 from 💵
دلار آمریکا فروش
🔴
: 165,000 تومان
💵
دلار آمریکا خرید
🔵
: 
2026-04-28 12:02:50,051 [INFO] EUR fallback computed: mid=192940 buy=192450 sell=193450
2026-04-28 12:02:50,051 [INFO] Prices fetched: USD buy=163500 sell=164500 (src=pi_jt) | EUR buy=192450 sell=193450 (src=navasanchannel)
2026-04-28 12:02:50,416 [INFO] Wise TRY rates: USD/TRY=45.0542 EUR/TRY=52.6188
2026-04-28 12:02:50,418 [INFO] TRY mid calculated: 164000.00 / 45.0542 = 3640.06 -> Buy: 3550, Sell: 3650
2026-04-28 12:02:50,418 [INFO] cycle Tehran=15:32 changed=False silent=28.3min -> skip (no_change_within_silence_window)
2026-04-28 12:02:50,418 [INFO] cycle result: {'action': 'skip', 'detail': 'no_change_within_silence_window'}
2026-04-28 12:13:05,280 [INFO] pi_jt latest post age: 29.8 min (fresh)
2026-04-28 12:13:05,280 [INFO] pi_jt USD sell post found: 164500 from: دلار نـــقـدی تهران
💵
164,500 فروش
🔴
2026-04-28 12:13:05,280 [INFO] pi_jt USD final (sell-only): buy=163500 sell=164500 (spread enforced)
2026-04-28 12:13:05,280 [INFO] pi_jt EUR not found, trying fallback sources
2026-04-28 12:13:05,751 [INFO] EUR fallback (sell pattern): 192940 from 💵
دلار آمریکا فروش
🔴
: 165,000 تومان
💵
دلار آمریکا خرید
🔵
: 
2026-04-28 12:13:05,751 [INFO] EUR fallback computed: mid=192940 buy=192450 sell=193450
2026-04-28 12:13:05,751 [INFO] Prices fetched: USD buy=163500 sell=164500 (src=pi_jt) | EUR buy=192450 sell=193450 (src=navasanchannel)
2026-04-28 12:13:06,227 [INFO] Wise TRY rates: USD/TRY=45.0549 EUR/TRY=52.6129
2026-04-28 12:13:06,228 [INFO] TRY mid calculated: 164000.00 / 45.0549 = 3640.00 -> Buy: 3550, Sell: 3650
2026-04-28 12:13:06,229 [INFO] cycle Tehran=15:43 changed=False silent=38.5min -> skip (no_change_within_silence_window)
2026-04-28 12:13:06,229 [INFO] cycle result: {'action': 'skip', 'detail': 'no_change_within_silence_window'}
2026-04-28 12:33:49,082 [INFO] pi_jt latest post age: 8.8 min (fresh)
2026-04-28 12:33:49,082 [INFO] pi_jt USD sell post found: 165000 from: دلار فردایی تهران
⏳
165,000 فروش
🔴
2026-04-28 12:33:49,083 [INFO] pi_jt USD final (sell-only): buy=164000 sell=165000 (spread enforced)
2026-04-28 12:33:49,083 [INFO] pi_jt EUR not found, trying fallback sources
2026-04-28 12:33:49,677 [INFO] EUR fallback (sell pattern): 192940 from 💵
دلار آمریکا فروش
🔴
: 165,000 تومان
💵
دلار آمریکا خرید
🔵
: 
2026-04-28 12:33:49,677 [INFO] EUR fallback computed: mid=192940 buy=192450 sell=193450
2026-04-28 12:33:49,677 [INFO] Prices fetched: USD buy=164000 sell=165000 (src=pi_jt) | EUR buy=192450 sell=193450 (src=navasanchannel)
2026-04-28 12:33:50,132 [INFO] Wise TRY rates: USD/TRY=45.0549 EUR/TRY=52.6579
2026-04-28 12:33:50,134 [INFO] TRY mid calculated: 164500.00 / 45.0549 = 3651.10 -> Buy: 3560, Sell: 3660
2026-04-28 12:33:50,134 [INFO] cycle Tehran=16:03 changed=True silent=59.3min -> post (change)
2026-04-28 12:33:50,653 [INFO] cycle result: {'action': 'posted', 'detail': 'change'}
2026-04-28 13:06:55,653 [INFO] pi_jt latest post age: 42.0 min (fresh)
2026-04-28 13:06:55,653 [INFO] pi_jt USD sell post found: 165000 from: دلار فردایی تهران
⏳
165,000 فروش
🔴
2026-04-28 13:06:55,654 [INFO] pi_jt USD final (sell-only): buy=164000 sell=165000 (spread enforced)
2026-04-28 13:06:55,654 [INFO] pi_jt EUR not found, trying fallback sources
2026-04-28 13:06:56,138 [INFO] EUR fallback (sell pattern): 192940 from 💵
دلار آمریکا فروش
🔴
: 165,000 تومان
💵
دلار آمریکا خرید
🔵
: 
2026-04-28 13:06:56,138 [INFO] EUR fallback computed: mid=192940 buy=192450 sell=193450
2026-04-28 13:06:56,139 [INFO] Prices fetched: USD buy=164000 sell=165000 (src=pi_jt) | EUR buy=192450 sell=193450 (src=navasanchannel)
2026-04-28 13:06:56,460 [INFO] Wise TRY rates: USD/TRY=45.0538 EUR/TRY=52.6949
2026-04-28 13:06:56,462 [INFO] TRY mid calculated: 164500.00 / 45.0538 = 3651.19 -> Buy: 3560, Sell: 3660
2026-04-28 13:06:56,463 [INFO] cycle Tehran=16:36 changed=False silent=33.1min -> skip (no_change_within_silence_window)
2026-04-28 13:06:56,463 [INFO] cycle result: {'action': 'skip', 'detail': 'no_change_within_silence_window'}
2026-04-28 13:34:07,989 [INFO] pi_jt latest post age: 8.0 min (fresh)
2026-04-28 13:34:07,989 [INFO] pi_jt USD sell post found: 165500 from: دلار فردایی تهران
⏳
165,500 فروش
🔴
2026-04-28 13:34:07,989 [INFO] pi_jt USD final (sell-only): buy=164500 sell=165500 (spread enforced)
2026-04-28 13:34:07,989 [INFO] pi_jt EUR not found, trying fallback sources
2026-04-28 13:34:08,441 [INFO] EUR fallback (sell pattern): 192940 from 💵
دلار آمریکا فروش
🔴
: 165,000 تومان
💵
دلار آمریکا خرید
🔵
: 
2026-04-28 13:34:08,441 [INFO] EUR fallback computed: mid=192940 buy=192450 sell=193450
2026-04-28 13:34:08,441 [INFO] Prices fetched: USD buy=164500 sell=165500 (src=pi_jt) | EUR buy=192450 sell=193450 (src=navasanchannel)
2026-04-28 13:34:08,897 [INFO] Wise TRY rates: USD/TRY=45.0545 EUR/TRY=52.6822
2026-04-28 13:34:08,899 [INFO] TRY mid calculated: 165000.00 / 45.0545 = 3662.23 -> Buy: 3570, Sell: 3670
2026-04-28 13:34:08,900 [INFO] cycle Tehran=17:04 changed=True silent=60.3min -> post (change)
2026-04-28 13:34:09,373 [INFO] cycle result: {'action': 'posted', 'detail': 'change'}
2026-04-28 16:10:43,556 [INFO] pi_jt latest post age: 46.6 min (fresh)
2026-04-28 16:10:43,556 [INFO] pi_jt USD sell post found: 166000 from: دلار فردایی تهران
⏳
166,000 فروش
🔴
2026-04-28 16:10:43,556 [INFO] pi_jt USD final (sell-only): buy=165000 sell=166000 (spread enforced)
2026-04-28 16:10:43,556 [INFO] pi_jt EUR not found, trying fallback sources
2026-04-28 16:10:44,012 [INFO] EUR fallback (sell pattern): 194110 from 💵
دلار آمریکا فروش
🔴
: 166,000 تومان
💵
دلار آمریکا خرید
🔵
: 
2026-04-28 16:10:44,012 [INFO] EUR fallback computed: mid=194110 buy=193600 sell=194600
2026-04-28 16:10:44,012 [INFO] Prices fetched: USD buy=165000 sell=166000 (src=pi_jt) | EUR buy=193600 sell=194600 (src=navasanchannel)
2026-04-28 16:10:44,353 [INFO] Wise TRY rates: USD/TRY=45.0509 EUR/TRY=52.7771
2026-04-28 16:10:44,355 [INFO] TRY mid calculated: 165500.00 / 45.0509 = 3673.62 -> Buy: 3580, Sell: 3680
2026-04-28 16:10:44,356 [INFO] cycle Tehran=19:40 changed=True silent=156.6min -> post (change)
2026-04-28 16:10:44,806 [INFO] cycle result: {'action': 'posted', 'detail': 'change'}
2026-04-28 16:31:56,242 [INFO] pi_jt latest post age: 16.6 min (fresh)
2026-04-28 16:31:56,242 [INFO] pi_jt USD sell post found: 166000 from: دلار فردایی تهران
⏳
166,000 فروش
🔴
2026-04-28 16:31:56,242 [INFO] pi_jt USD final (sell-only): buy=165000 sell=166000 (spread enforced)
2026-04-28 16:31:56,242 [INFO] pi_jt EUR not found, trying fallback sources
2026-04-28 16:31:56,696 [INFO] EUR fallback (sell pattern): 194110 from 💵
دلار آمریکا فروش
🔴
: 166,000 تومان
💵
دلار آمریکا خرید
🔵
: 
2026-04-28 16:31:56,696 [INFO] EUR fallback computed: mid=194110 buy=193600 sell=194600
2026-04-28 16:31:56,696 [INFO] Prices fetched: USD buy=165000 sell=166000 (src=pi_jt) | EUR buy=193600 sell=194600 (src=navasanchannel)
2026-04-28 16:31:57,119 [INFO] Wise TRY rates: USD/TRY=45.0478 EUR/TRY=52.7307
2026-04-28 16:31:57,121 [INFO] TRY mid calculated: 165500.00 / 45.0478 = 3673.88 -> Buy: 3580, Sell: 3680
2026-04-28 16:31:57,121 [INFO] cycle Tehran=20:01 changed=False silent=21.2min -> skip (no_change_within_silence_window)
2026-04-28 16:31:57,122 [INFO] cycle result: {'action': 'skip', 'detail': 'no_change_within_silence_window'}
2026-04-28 17:03:23,605 [INFO] pi_jt latest post age: 22.1 min (fresh)
2026-04-28 17:03:23,605 [INFO] pi_jt USD sell post found: 166500 from: دلار فردایی تهران
⏳
166,500 فروش
🔴
2026-04-28 17:03:23,605 [INFO] pi_jt USD final (sell-only): buy=165500 sell=166500 (spread enforced)
2026-04-28 17:03:23,605 [INFO] pi_jt EUR not found, trying fallback sources
2026-04-28 17:03:24,221 [INFO] EUR fallback (sell pattern): 195550 from 💵
دلار آمریکا فروش
🔴
: 167,000 تومان
💵
دلار آمریکا خرید
🔵
: 
2026-04-28 17:03:24,221 [INFO] EUR fallback computed: mid=195550 buy=195050 sell=196050
2026-04-28 17:03:24,221 [INFO] Prices fetched: USD buy=165500 sell=166500 (src=pi_jt) | EUR buy=195050 sell=196050 (src=navasanchannel)
2026-04-28 17:03:24,912 [INFO] Wise TRY rates: USD/TRY=45.0472 EUR/TRY=52.7548
2026-04-28 17:03:24,913 [INFO] TRY mid calculated: 166000.00 / 45.0472 = 3685.02 -> Buy: 3600, Sell: 3700
2026-04-28 17:03:24,913 [INFO] cycle Tehran=20:33 changed=True silent=52.7min -> post (change)
2026-04-28 17:03:25,490 [INFO] cycle result: {'action': 'posted', 'detail': 'change'}
2026-04-28 17:35:19,059 [INFO] pi_jt latest post age: 24.4 min (fresh)
2026-04-28 17:35:19,060 [INFO] pi_jt USD sell post found: 167000 from: دلار فردایی تهران
⏳
167,000 فروش
🔴
2026-04-28 17:35:19,060 [INFO] pi_jt USD final (sell-only): buy=166000 sell=167000 (spread enforced)
2026-04-28 17:35:19,060 [INFO] pi_jt EUR not found, trying fallback sources
2026-04-28 17:35:19,518 [INFO] EUR fallback (sell pattern): 195550 from 💵
دلار آمریکا فروش
🔴
: 167,000 تومان
💵
دلار آمریکا خرید
🔵
: 
2026-04-28 17:35:19,519 [INFO] EUR fallback computed: mid=195550 buy=195050 sell=196050
2026-04-28 17:35:19,519 [INFO] Prices fetched: USD buy=166000 sell=167000 (src=pi_jt) | EUR buy=195050 sell=196050 (src=navasanchannel)
2026-04-28 17:35:19,860 [INFO] Wise TRY rates: USD/TRY=45.0402 EUR/TRY=52.7488
2026-04-28 17:35:19,861 [INFO] TRY mid calculated: 166500.00 / 45.0402 = 3696.70 -> Buy: 3610, Sell: 3710
2026-04-28 17:35:19,862 [INFO] cycle Tehran=21:05 changed=True silent=31.9min -> post (change)
2026-04-28 17:35:20,289 [INFO] cycle result: {'action': 'posted', 'detail': 'change'}
2026-04-28 18:03:37,180 [INFO] pi_jt latest post age: 16.0 min (fresh)
2026-04-28 18:03:37,180 [INFO] pi_jt USD sell post found: 167500 from: دلار فردایی تهران
⏳
167,500 فروش
🔴
2026-04-28 18:03:37,180 [INFO] pi_jt USD final (sell-only): buy=166500 sell=167500 (spread enforced)
2026-04-28 18:03:37,180 [INFO] pi_jt EUR not found, trying fallback sources
2026-04-28 18:03:37,788 [INFO] EUR fallback (sell pattern): 195550 from 💵
دلار آمریکا فروش
🔴
: 167,000 تومان
💵
دلار آمریکا خرید
🔵
: 
2026-04-28 18:03:37,788 [INFO] EUR fallback computed: mid=195550 buy=195050 sell=196050
2026-04-28 18:03:37,788 [INFO] Prices fetched: USD buy=166500 sell=167500 (src=pi_jt) | EUR buy=195050 sell=196050 (src=navasanchannel)
2026-04-28 18:03:38,351 [INFO] Wise TRY rates: USD/TRY=45.0485 EUR/TRY=52.7766
2026-04-28 18:03:38,352 [INFO] TRY mid calculated: 167000.00 / 45.0485 = 3707.12 -> Buy: 3620, Sell: 3720
2026-04-28 18:03:38,353 [INFO] cycle Tehran=21:33 changed=True silent=28.3min -> post (change)
2026-04-28 18:03:38,935 [INFO] cycle result: {'action': 'posted', 'detail': 'change'}
2026-04-28 18:08:31,990 [INFO] pi_jt latest post age: 20.9 min (fresh)
2026-04-28 18:08:31,990 [INFO] pi_jt USD sell post found: 167500 from: دلار فردایی تهران
⏳
167,500 فروش
🔴
2026-04-28 18:08:31,990 [INFO] pi_jt USD final (sell-only): buy=166500 sell=167500 (spread enforced)
2026-04-28 18:08:31,990 [INFO] pi_jt EUR not found, trying fallback sources
2026-04-28 18:08:32,619 [INFO] EUR fallback (sell pattern): 195550 from 💵
دلار آمریکا فروش
🔴
: 167,000 تومان
💵
دلار آمریکا خرید
🔵
: 
2026-04-28 18:08:32,619 [INFO] EUR fallback computed: mid=195550 buy=195050 sell=196050
2026-04-28 18:08:32,619 [INFO] Prices fetched: USD buy=166500 sell=167500 (src=pi_jt) | EUR buy=195050 sell=196050 (src=navasanchannel)
2026-04-28 18:08:33,126 [INFO] Wise TRY rates: USD/TRY=45.0401 EUR/TRY=52.7510
2026-04-28 18:08:33,127 [INFO] TRY mid calculated: 167000.00 / 45.0401 = 3707.81 -> Buy: 3620, Sell: 3720
2026-04-28 18:08:33,127 [INFO] cycle Tehran=21:38 changed=False silent=4.9min -> skip (no_change_within_silence_window)
2026-04-28 18:08:33,128 [INFO] cycle result: {'action': 'skip', 'detail': 'no_change_within_silence_window'}
2026-04-28 18:33:02,013 [INFO] pi_jt latest post age: 45.4 min (fresh)
2026-04-28 18:33:02,013 [INFO] pi_jt USD sell post found: 167500 from: دلار فردایی تهران
⏳
167,500 فروش
🔴
2026-04-28 18:33:02,013 [INFO] pi_jt USD final (sell-only): buy=166500 sell=167500 (spread enforced)
2026-04-28 18:33:02,013 [INFO] pi_jt EUR not found, trying fallback sources
2026-04-28 18:33:02,657 [INFO] EUR fallback (sell pattern): 195550 from 💵
دلار آمریکا فروش
🔴
: 167,000 تومان
💵
دلار آمریکا خرید
🔵
: 
2026-04-28 18:33:02,657 [INFO] EUR fallback computed: mid=195550 buy=195050 sell=196050
2026-04-28 18:33:02,657 [INFO] Prices fetched: USD buy=166500 sell=167500 (src=pi_jt) | EUR buy=195050 sell=196050 (src=navasanchannel)
2026-04-28 18:33:03,163 [INFO] Wise TRY rates: USD/TRY=45.0399 EUR/TRY=52.7597
2026-04-28 18:33:03,164 [INFO] TRY mid calculated: 167000.00 / 45.0399 = 3707.82 -> Buy: 3620, Sell: 3720
2026-04-28 18:33:03,165 [INFO] cycle Tehran=22:03 changed=False silent=29.4min -> skip (no_change_within_silence_window)
2026-04-28 18:33:03,165 [INFO] cycle result: {'action': 'skip', 'detail': 'no_change_within_silence_window'}
2026-04-28 21:45:51,718 [INFO] outside working hours (Tehran 01:15); sleeping
2026-04-28 21:45:51,719 [INFO] cycle result: {'action': 'idle', 'detail': 'outside_working_hours'}
2026-04-29 03:05:24,193 [INFO] outside working hours (Tehran 06:35); sleeping
2026-04-29 03:05:24,193 [INFO] cycle result: {'action': 'idle', 'detail': 'outside_working_hours'}
2026-04-29 03:31:40,926 [INFO] outside working hours (Tehran 07:01); sleeping
2026-04-29 03:31:40,926 [INFO] cycle result: {'action': 'idle', 'detail': 'outside_working_hours'}
2026-04-29 04:06:24,263 [INFO] outside working hours (Tehran 07:36); sleeping
2026-04-29 04:06:24,264 [INFO] cycle result: {'action': 'idle', 'detail': 'outside_working_hours'}
2026-04-29 04:31:44,971 [INFO] outside working hours (Tehran 08:01); sleeping
2026-04-29 04:31:44,971 [INFO] cycle result: {'action': 'idle', 'detail': 'outside_working_hours'}
2026-04-29 05:04:43,723 [INFO] outside working hours (Tehran 08:34); sleeping
2026-04-29 05:04:43,723 [INFO] cycle result: {'action': 'idle', 'detail': 'outside_working_hours'}
2026-04-29 05:35:38,761 [WARNING] pi_jt latest post is 708.0 min old (STALE > 180 min) — skipping pi_jt
2026-04-29 05:35:38,762 [INFO] pi_jt USD not found, trying fallback sources
2026-04-29 05:35:39,608 [INFO] USD fallback computed: mid=167000 buy=166500 sell=167500
2026-04-29 05:35:39,608 [INFO] pi_jt EUR not found, trying fallback sources
2026-04-29 05:35:40,133 [INFO] EUR fallback (sell pattern): 195550 from 💵
دلار آمریکا فروش
🔴
: 167,000 تومان
💵
دلار آمریکا خرید
🔵
: 
2026-04-29 05:35:40,133 [INFO] EUR fallback computed: mid=195550 buy=195050 sell=196050
2026-04-29 05:35:40,133 [INFO] Prices fetched: USD buy=166500 sell=167500 (src=dollar_tehran3bze+tahran_sabza) | EUR buy=195050 sell=196050 (src=navasanchannel)
2026-04-29 05:35:40,482 [INFO] Wise TRY rates: USD/TRY=45.0695 EUR/TRY=52.7313
2026-04-29 05:35:40,483 [INFO] TRY mid calculated: 167000.00 / 45.0695 = 3705.39 -> Buy: 3620, Sell: 3720
2026-04-29 05:35:40,483 [INFO] cycle Tehran=09:05 changed=False silent=692.1min -> post (silence_limit)
2026-04-29 05:35:40,934 [INFO] cycle result: {'action': 'posted', 'detail': 'silence_limit'}
2026-04-29 06:05:32,774 [WARNING] pi_jt latest post is 737.9 min old (STALE > 180 min) — skipping pi_jt
2026-04-29 06:05:32,774 [INFO] pi_jt USD not found, trying fallback sources
2026-04-29 06:05:33,522 [INFO] USD fallback computed: mid=167000 buy=166500 sell=167500
2026-04-29 06:05:33,522 [INFO] pi_jt EUR not found, trying fallback sources
2026-04-29 06:05:33,992 [INFO] EUR fallback (sell pattern): 195550 from 💵
دلار آمریکا فروش
🔴
: 167,000 تومان
💵
دلار آمریکا خرید
🔵
: 
2026-04-29 06:05:33,992 [INFO] EUR fallback computed: mid=195550 buy=195050 sell=196050
2026-04-29 06:05:33,992 [INFO] Prices fetched: USD buy=166500 sell=167500 (src=dollar_tehran3bze+tahran_sabza) | EUR buy=195050 sell=196050 (src=navasanchannel)
2026-04-29 06:05:34,408 [INFO] Wise TRY rates: USD/TRY=45.0699 EUR/TRY=52.7453
2026-04-29 06:05:34,410 [INFO] TRY mid calculated: 167000.00 / 45.0699 = 3705.36 -> Buy: 3620, Sell: 3720
2026-04-29 06:05:34,410 [INFO] cycle Tehran=09:35 changed=False silent=29.9min -> skip (no_change_within_silence_window)
2026-04-29 06:05:34,411 [INFO] cycle result: {'action': 'skip', 'detail': 'no_change_within_silence_window'}
2026-04-29 06:34:33,654 [WARNING] pi_jt latest post is 766.9 min old (STALE > 180 min) — skipping pi_jt
2026-04-29 06:34:33,654 [INFO] pi_jt USD not found, trying fallback sources
2026-04-29 06:34:34,517 [INFO] USD fallback computed: mid=167000 buy=166500 sell=167500
2026-04-29 06:34:34,517 [INFO] pi_jt EUR not found, trying fallback sources
2026-04-29 06:34:35,016 [INFO] EUR fallback (after-keyword): 195550 from دلار آمریکا
🇺🇸
167,000
تغییر 0◄      %0.00
یورو
🇪🇺
195,550
ت
2026-04-29 06:34:35,017 [INFO] EUR fallback computed: mid=195550 buy=195050 sell=196050
2026-04-29 06:34:35,017 [INFO] Prices fetched: USD buy=166500 sell=167500 (src=dollar_tehran3bze+tahran_sabza) | EUR buy=195050 sell=196050 (src=navasanchannel)
2026-04-29 06:34:35,474 [INFO] Wise TRY rates: USD/TRY=45.0699 EUR/TRY=52.7183
2026-04-29 06:34:35,476 [INFO] TRY mid calculated: 167000.00 / 45.0699 = 3705.36 -> Buy: 3620, Sell: 3720
2026-04-29 06:34:35,476 [INFO] cycle Tehran=10:04 changed=False silent=59.0min -> post (silence_limit)
2026-04-29 06:34:35,917 [INFO] cycle result: {'action': 'posted', 'detail': 'silence_limit'}
2026-04-29 07:05:13,193 [WARNING] pi_jt latest post is 797.6 min old (STALE > 180 min) — skipping pi_jt
2026-04-29 07:05:13,194 [INFO] pi_jt USD not found, trying fallback sources
2026-04-29 07:05:13,944 [INFO] USD fallback computed: mid=167000 buy=166500 sell=167500
2026-04-29 07:05:13,944 [INFO] pi_jt EUR not found, trying fallback sources
2026-04-29 07:05:14,374 [INFO] EUR fallback (after-keyword): 195550 from دلار آمریکا
🇺🇸
167,000
تغییر 0◄      %0.00
یورو
🇪🇺
195,550
ت
2026-04-29 07:05:14,374 [INFO] EUR fallback computed: mid=195550 buy=195050 sell=196050
2026-04-29 07:05:14,374 [INFO] Prices fetched: USD buy=166500 sell=167500 (src=dollar_tehran3bze+tahran_sabza) | EUR buy=195050 sell=196050 (src=navasanchannel)
2026-04-29 07:05:14,851 [INFO] Wise TRY rates: USD/TRY=45.0698 EUR/TRY=52.7362
2026-04-29 07:05:14,853 [INFO] TRY mid calculated: 167000.00 / 45.0698 = 3705.36 -> Buy: 3620, Sell: 3720
2026-04-29 07:05:14,854 [INFO] cycle Tehran=10:35 changed=False silent=30.7min -> skip (no_change_within_silence_window)
2026-04-29 07:05:14,854 [INFO] cycle result: {'action': 'skip', 'detail': 'no_change_within_silence_window'}
2026-04-29 07:34:12,755 [INFO] pi_jt latest post age: 4.9 min (fresh)
2026-04-29 07:34:12,756 [INFO] pi_jt USD sell post found: 174000 from: دلار فردایی تهران
⏳
174,000 فروش
🔴
2026-04-29 07:34:12,756 [INFO] pi_jt USD final (sell-only): buy=173000 sell=174000 (spread enforced)
2026-04-29 07:34:12,756 [INFO] pi_jt EUR not found, trying fallback sources
2026-04-29 07:34:13,219 [INFO] EUR fallback (sell pattern): 203690 from 💵
دلار آمریکا فروش
🔴
: 174,000 تومان
💵
دلار آمریکا خرید
🔵
: 
2026-04-29 07:34:13,220 [INFO] EUR fallback computed: mid=203690 buy=203200 sell=204200
2026-04-29 07:34:13,220 [INFO] Prices fetched: USD buy=173000 sell=174000 (src=pi_jt) | EUR buy=203200 sell=204200 (src=navasanchannel)
2026-04-29 07:34:13,555 [INFO] Wise TRY rates: USD/TRY=45.0699 EUR/TRY=52.7543
2026-04-29 07:34:13,557 [INFO] TRY mid calculated: 173500.00 / 45.0699 = 3849.58 -> Buy: 3760, Sell: 3860
2026-04-29 07:34:13,557 [INFO] cycle Tehran=11:03 changed=True silent=59.7min -> post (change)
2026-04-29 07:34:14,055 [INFO] cycle result: {'action': 'posted', 'detail': 'change'}
2026-04-29 08:05:53,179 [INFO] pi_jt latest post age: 36.9 min (fresh)
2026-04-29 08:05:53,180 [INFO] pi_jt USD sell post found: 174000 from: دلار فردایی تهران
⏳
174,000 فروش
🔴
2026-04-29 08:05:53,180 [INFO] pi_jt USD final (sell-only): buy=173000 sell=174000 (spread enforced)
2026-04-29 08:05:53,180 [INFO] pi_jt EUR not found, trying fallback sources
2026-04-29 08:05:53,893 [INFO] EUR fallback (sell pattern): 206030 from 💵
دلار آمریکا فروش
🔴
: 176,000 تومان
💵
دلار آمریکا خرید
🔵
: 
2026-04-29 08:05:53,893 [INFO] EUR fallback computed: mid=206030 buy=205550 sell=206550
2026-04-29 08:05:53,893 [INFO] Prices fetched: USD buy=173000 sell=174000 (src=pi_jt) | EUR buy=205550 sell=206550 (src=navasanchannel)
2026-04-29 08:05:54,327 [INFO] Wise TRY rates: USD/TRY=45.0702 EUR/TRY=52.7231
2026-04-29 08:05:54,328 [INFO] TRY mid calculated: 173500.00 / 45.0702 = 3849.55 -> Buy: 3760, Sell: 3860
2026-04-29 08:05:54,329 [INFO] cycle Tehran=11:35 changed=True silent=32.0min -> post (change)
2026-04-29 08:05:54,981 [INFO] cycle result: {'action': 'posted', 'detail': 'change'}
2026-04-29 08:34:07,041 [INFO] pi_jt latest post age: 6.6 min (fresh)
2026-04-29 08:34:07,041 [INFO] pi_jt USD sell post found: 176000 from: دلار فردایی تهران
⏳
176,000 فروش
🔴
2026-04-29 08:34:07,041 [INFO] pi_jt USD final (sell-only): buy=175000 sell=176000 (spread enforced)
2026-04-29 08:34:07,041 [INFO] pi_jt EUR not found, trying fallback sources
2026-04-29 08:34:07,490 [INFO] EUR fallback (sell pattern): 207200 from 💵
دلار آمریکا فروش
🔴
: 177,000 تومان
💵
دلار آمریکا خرید
🔵
: 
2026-04-29 08:34:07,490 [INFO] EUR fallback computed: mid=207200 buy=206700 sell=207700
2026-04-29 08:34:07,490 [INFO] Prices fetched: USD buy=175000 sell=176000 (src=pi_jt) | EUR buy=206700 sell=207700 (src=navasanchannel)
2026-04-29 08:34:07,882 [INFO] Wise TRY rates: USD/TRY=45.0702 EUR/TRY=52.7254
2026-04-29 08:34:07,884 [INFO] TRY mid calculated: 175500.00 / 45.0702 = 3893.93 -> Buy: 3800, Sell: 3900
2026-04-29 08:34:07,885 [INFO] cycle Tehran=12:04 changed=True silent=28.3min -> post (change)
2026-04-29 08:34:08,262 [INFO] cycle result: {'action': 'posted', 'detail': 'change'}
2026-04-29 09:02:15,784 [INFO] pi_jt latest post age: 4.0 min (fresh)
2026-04-29 09:02:15,784 [INFO] pi_jt USD sell post found: 178000 from: دلار فردایی تهران
⏳
178,000 فروش
🔴
2026-04-29 09:02:15,784 [INFO] pi_jt USD final (sell-only): buy=177000 sell=178000 (spread enforced)
2026-04-29 09:02:15,784 [INFO] pi_jt EUR not found, trying fallback sources
2026-04-29 09:02:16,235 [INFO] EUR fallback (sell pattern): 210710 from 💵
دلار آمریکا فروش
🔴
: 180,000 تومان
💵
دلار آمریکا خرید
🔵
: 
2026-04-29 09:02:16,236 [INFO] EUR fallback computed: mid=210710 buy=210200 sell=211200
2026-04-29 09:02:16,236 [INFO] Prices fetched: USD buy=177000 sell=178000 (src=pi_jt) | EUR buy=210200 sell=211200 (src=navasanchannel)
2026-04-29 09:02:16,627 [INFO] Wise TRY rates: USD/TRY=45.0700 EUR/TRY=52.7364
2026-04-29 09:02:16,629 [INFO] TRY mid calculated: 177500.00 / 45.0700 = 3938.32 -> Buy: 3850, Sell: 3950
2026-04-29 09:02:16,630 [INFO] cycle Tehran=12:32 changed=True silent=28.2min -> post (change)
2026-04-29 09:02:17,036 [INFO] cycle result: {'action': 'posted', 'detail': 'change'}
2026-04-29 09:30:55,897 [INFO] pi_jt latest post age: 18.1 min (fresh)
2026-04-29 09:30:55,898 [INFO] pi_jt USD sell post found: 181000 from: دلار فردایی تهران
⏳
181,000 فروش
🔴
2026-04-29 09:30:55,898 [INFO] pi_jt USD final (sell-only): buy=180000 sell=181000 (spread enforced)
2026-04-29 09:30:55,898 [INFO] pi_jt EUR not found, trying fallback sources
2026-04-29 09:30:56,451 [INFO] EUR fallback (sell pattern): 211880 from 💵
دلار آمریکا فروش
🔴
: 181,000 تومان
💵
دلار آمریکا خرید
🔵
: 
2026-04-29 09:30:56,452 [INFO] EUR fallback computed: mid=211880 buy=211400 sell=212400
2026-04-29 09:30:56,452 [INFO] Prices fetched: USD buy=180000 sell=181000 (src=pi_jt) | EUR buy=211400 sell=212400 (src=navasanchannel)
2026-04-29 09:30:56,977 [INFO] Wise TRY rates: USD/TRY=45.0700 EUR/TRY=52.7409
2026-04-29 09:30:56,979 [INFO] TRY mid calculated: 180500.00 / 45.0700 = 4004.88 -> Buy: 3910, Sell: 4010
2026-04-29 09:30:56,979 [INFO] cycle Tehran=13:00 changed=True silent=28.7min -> post (change)
2026-04-29 09:30:57,516 [INFO] cycle result: {'action': 'posted', 'detail': 'change'}
2026-04-29 10:05:00,007 [INFO] pi_jt latest post age: 14.6 min (fresh)
2026-04-29 10:05:00,007 [INFO] pi_jt USD sell post found: 179000 from: دلار فردایی تهران
⏳
179,000 فروش
🔴
2026-04-29 10:05:00,007 [INFO] pi_jt USD final (sell-only): buy=178000 sell=179000 (spread enforced)
2026-04-29 10:05:00,007 [INFO] pi_jt EUR not found, trying fallback sources
2026-04-29 10:05:00,534 [INFO] EUR fallback (sell pattern): 211880 from 💵
دلار آمریکا فروش
🔴
: 181,000 تومان
💵
دلار آمریکا خرید
🔵
: 
2026-04-29 10:05:00,534 [INFO] EUR fallback computed: mid=211880 buy=211400 sell=212400
2026-04-29 10:05:00,534 [INFO] Prices fetched: USD buy=178000 sell=179000 (src=pi_jt) | EUR buy=211400 sell=212400 (src=navasanchannel)
2026-04-29 10:05:00,981 [INFO] Wise TRY rates: USD/TRY=45.0699 EUR/TRY=52.7385
2026-04-29 10:05:00,982 [INFO] TRY mid calculated: 178500.00 / 45.0699 = 3960.51 -> Buy: 3870, Sell: 3970
2026-04-29 10:05:00,983 [INFO] cycle Tehran=13:34 changed=True silent=34.1min -> post (change)
2026-04-29 10:05:01,417 [INFO] cycle result: {'action': 'posted', 'detail': 'change'}
2026-04-29 10:31:32,147 [INFO] pi_jt latest post age: 7.4 min (fresh)
2026-04-29 10:31:32,147 [INFO] pi_jt USD sell post found: 178000 from: دلار فردایی تهران
⏳
178,000 فروش
🔴
2026-04-29 10:31:32,147 [INFO] pi_jt USD final (sell-only): buy=177000 sell=178000 (spread enforced)
2026-04-29 10:31:32,147 [INFO] pi_jt EUR not found, trying fallback sources
2026-04-29 10:31:32,673 [INFO] EUR fallback (sell pattern): 209450 from 💵
دلار آمریکا فروش
🔴
: 179,000 تومان
💵
دلار آمریکا خرید
🔵
: 
2026-04-29 10:31:32,674 [INFO] EUR fallback computed: mid=209450 buy=208950 sell=209950
2026-04-29 10:31:32,674 [INFO] Prices fetched: USD buy=177000 sell=178000 (src=pi_jt) | EUR buy=208950 sell=209950 (src=navasanchannel)
2026-04-29 10:31:33,187 [INFO] Wise TRY rates: USD/TRY=45.0700 EUR/TRY=52.7342
2026-04-29 10:31:33,188 [INFO] TRY mid calculated: 177500.00 / 45.0700 = 3938.32 -> Buy: 3850, Sell: 3950
2026-04-29 10:31:33,189 [INFO] cycle Tehran=14:01 changed=True silent=26.6min -> post (change)
2026-04-29 10:31:33,642 [INFO] cycle result: {'action': 'posted', 'detail': 'change'}
2026-04-29 11:04:02,718 [INFO] pi_jt latest post age: 15.5 min (fresh)
2026-04-29 11:04:02,718 [INFO] pi_jt USD sell post found: 178000 from: دلار فردایی تهران
⏳
178,000 فروش
🔴
2026-04-29 11:04:02,718 [INFO] pi_jt USD final (sell-only): buy=177000 sell=178000 (spread enforced)
2026-04-29 11:04:02,718 [INFO] pi_jt EUR not found, trying fallback sources
2026-04-29 11:04:03,230 [INFO] EUR fallback (sell pattern): 208280 from 💵
دلار آمریکا فروش
🔴
: 178,000 تومان
💵
دلار آمریکا خرید
🔵
: 
2026-04-29 11:04:03,230 [INFO] EUR fallback computed: mid=208280 buy=207800 sell=208800
2026-04-29 11:04:03,230 [INFO] Prices fetched: USD buy=177000 sell=178000 (src=pi_jt) | EUR buy=207800 sell=208800 (src=navasanchannel)
2026-04-29 11:04:03,599 [INFO] Wise TRY rates: USD/TRY=45.0684 EUR/TRY=52.7616
2026-04-29 11:04:03,601 [INFO] TRY mid calculated: 177500.00 / 45.0684 = 3938.46 -> Buy: 3850, Sell: 3950
2026-04-29 11:04:03,601 [INFO] cycle Tehran=14:34 changed=True silent=32.5min -> post (change)
2026-04-29 11:04:03,973 [INFO] cycle result: {'action': 'posted', 'detail': 'change'}
2026-04-29 11:32:24,797 [INFO] pi_jt latest post age: 12.8 min (fresh)
2026-04-29 11:32:24,797 [INFO] pi_jt USD sell post found: 177000 from: دلار فردایی تهران
⏳
177,000 فروش
🔴
2026-04-29 11:32:24,797 [INFO] pi_jt USD final (sell-only): buy=176000 sell=177000 (spread enforced)
2026-04-29 11:32:24,797 [INFO] pi_jt EUR not found, trying fallback sources
2026-04-29 11:32:25,294 [INFO] EUR fallback (sell pattern): 205940 from 💵
دلار آمریکا فروش
🔴
: 176,000 تومان
💵
دلار آمریکا خرید
🔵
: 
2026-04-29 11:32:25,294 [INFO] EUR fallback computed: mid=205940 buy=205450 sell=206450
2026-04-29 11:32:25,294 [INFO] Prices fetched: USD buy=176000 sell=177000 (src=pi_jt) | EUR buy=205450 sell=206450 (src=navasanchannel)
2026-04-29 11:32:25,709 [INFO] Wise TRY rates: USD/TRY=45.0697 EUR/TRY=52.7541
2026-04-29 11:32:25,710 [INFO] TRY mid calculated: 176500.00 / 45.0697 = 3916.16 -> Buy: 3830, Sell: 3930
2026-04-29 11:32:25,711 [INFO] cycle Tehran=15:02 changed=True silent=28.4min -> post (change)
2026-04-29 11:32:26,175 [INFO] cycle result: {'action': 'posted', 'detail': 'change'}
2026-04-29 11:56:20,693 [INFO] pi_jt latest post age: 13.9 min (fresh)
2026-04-29 11:56:20,693 [INFO] pi_jt USD sell post found: 175000 from: دلار فردایی تهران
⏳
175,000 فروش
🔴
2026-04-29 11:56:20,694 [INFO] pi_jt USD final (sell-only): buy=174000 sell=175000 (spread enforced)
2026-04-29 11:56:20,694 [INFO] pi_jt EUR not found, trying fallback sources
2026-04-29 11:56:21,336 [INFO] EUR fallback (sell pattern): 204770 from 💵
دلار آمریکا فروش
🔴
: 175,000 تومان
💵
دلار آمریکا خرید
🔵
: 
2026-04-29 11:56:21,336 [INFO] EUR fallback computed: mid=204770 buy=204250 sell=205250
2026-04-29 11:56:21,336 [INFO] Prices fetched: USD buy=174000 sell=175000 (src=pi_jt) | EUR buy=204250 sell=205250 (src=navasanchannel)
2026-04-29 11:56:21,850 [INFO] Wise TRY rates: USD/TRY=45.0697 EUR/TRY=52.7406
2026-04-29 11:56:21,852 [INFO] TRY mid calculated: 174500.00 / 45.0697 = 3871.78 -> Buy: 3780, Sell: 3880
2026-04-29 11:56:21,852 [INFO] cycle Tehran=15:26 changed=True silent=24.0min -> post (change)
2026-04-29 11:56:22,449 [INFO] cycle result: {'action': 'posted', 'detail': 'change'}
2026-04-29 12:05:44,620 [INFO] pi_jt latest post age: 23.3 min (fresh)
2026-04-29 12:05:44,620 [INFO] pi_jt USD sell post found: 175000 from: دلار فردایی تهران
⏳
175,000 فروش
🔴
2026-04-29 12:05:44,621 [INFO] pi_jt USD final (sell-only): buy=174000 sell=175000 (spread enforced)
2026-04-29 12:05:44,621 [INFO] pi_jt EUR not found, trying fallback sources
2026-04-29 12:05:45,083 [INFO] EUR fallback (sell pattern): 204770 from 💵
دلار آمریکا فروش
🔴
: 175,000 تومان
💵
دلار آمریکا خرید
🔵
: 
2026-04-29 12:05:45,083 [INFO] EUR fallback computed: mid=204770 buy=204250 sell=205250
2026-04-29 12:05:45,083 [INFO] Prices fetched: USD buy=174000 sell=175000 (src=pi_jt) | EUR buy=204250 sell=205250 (src=navasanchannel)
2026-04-29 12:05:45,555 [INFO] Wise TRY rates: USD/TRY=45.0661 EUR/TRY=52.7476
2026-04-29 12:05:45,556 [INFO] TRY mid calculated: 174500.00 / 45.0661 = 3872.09 -> Buy: 3780, Sell: 3880
2026-04-29 12:05:45,557 [INFO] cycle Tehran=15:35 changed=False silent=9.4min -> skip (no_change_within_silence_window)
2026-04-29 12:05:45,557 [INFO] cycle result: {'action': 'skip', 'detail': 'no_change_within_silence_window'}
2026-04-29 12:34:51,470 [INFO] pi_jt latest post age: 7.1 min (fresh)
2026-04-29 12:34:51,470 [INFO] pi_jt USD sell post found: 174000 from: دلار فردایی تهران
⏳
174,000 فروش
🔴
2026-04-29 12:34:51,471 [INFO] pi_jt USD final (sell-only): buy=173000 sell=174000 (spread enforced)
2026-04-29 12:34:51,471 [INFO] pi_jt EUR not found, trying fallback sources
2026-04-29 12:34:51,987 [INFO] EUR fallback (sell pattern): 203600 from 💵
دلار آمریکا فروش
🔴
: 174,000 تومان
💵
دلار آمریکا خرید
🔵
: 
2026-04-29 12:34:51,987 [INFO] EUR fallback computed: mid=203600 buy=203100 sell=204100
2026-04-29 12:34:51,987 [INFO] Prices fetched: USD buy=173000 sell=174000 (src=pi_jt) | EUR buy=203100 sell=204100 (src=navasanchannel)
2026-04-29 12:34:52,332 [INFO] Wise TRY rates: USD/TRY=45.0691 EUR/TRY=52.7444
2026-04-29 12:34:52,333 [INFO] TRY mid calculated: 173500.00 / 45.0691 = 3849.64 -> Buy: 3760, Sell: 3860
2026-04-29 12:34:52,333 [INFO] cycle Tehran=16:04 changed=True silent=38.5min -> post (change)
2026-04-29 12:34:52,771 [INFO] cycle result: {'action': 'posted', 'detail': 'change'}
2026-04-29 13:03:45,090 [INFO] pi_jt latest post age: 6.7 min (fresh)
2026-04-29 13:03:45,090 [INFO] pi_jt USD sell post found: 174500 from: دلار فردایی تهران
⏳
174,500 فروش
🔴
2026-04-29 13:03:45,090 [INFO] pi_jt USD final (sell-only): buy=173500 sell=174500 (spread enforced)
2026-04-29 13:03:45,090 [INFO] pi_jt EUR not found, trying fallback sources
2026-04-29 13:03:45,645 [INFO] EUR fallback (sell pattern): 204190 from 💵
دلار آمریکا فروش
🔴
: 174,500 تومان
💵
دلار آمریکا خرید
🔵
: 
2026-04-29 13:03:45,646 [INFO] EUR fallback computed: mid=204190 buy=203700 sell=204700
2026-04-29 13:03:45,646 [INFO] Prices fetched: USD buy=173500 sell=174500 (src=pi_jt) | EUR buy=203700 sell=204700 (src=navasanchannel)
2026-04-29 13:03:46,063 [INFO] Wise TRY rates: USD/TRY=45.0698 EUR/TRY=52.7339
2026-04-29 13:03:46,065 [INFO] TRY mid calculated: 174000.00 / 45.0698 = 3860.68 -> Buy: 3770, Sell: 3870
2026-04-29 13:03:46,065 [INFO] cycle Tehran=16:33 changed=True silent=28.9min -> post (change)
2026-04-29 13:03:46,541 [INFO] cycle result: {'action': 'posted', 'detail': 'change'}
2026-04-29 13:32:33,722 [INFO] pi_jt latest post age: 35.6 min (fresh)
2026-04-29 13:32:33,722 [INFO] pi_jt USD sell post found: 174500 from: دلار فردایی تهران
⏳
174,500 فروش
🔴
2026-04-29 13:32:33,722 [INFO] pi_jt USD final (sell-only): buy=173500 sell=174500 (spread enforced)
2026-04-29 13:32:33,722 [INFO] pi_jt EUR not found, trying fallback sources
2026-04-29 13:32:34,286 [INFO] EUR fallback (sell pattern): 204770 from 💵
دلار آمریکا فروش
🔴
: 175,000 تومان
💵
دلار آمریکا خرید
🔵
: 
2026-04-29 13:32:34,286 [INFO] EUR fallback computed: mid=204770 buy=204250 sell=205250
2026-04-29 13:32:34,286 [INFO] Prices fetched: USD buy=173500 sell=174500 (src=pi_jt) | EUR buy=204250 sell=205250 (src=navasanchannel)
2026-04-29 13:32:34,691 [INFO] Wise TRY rates: USD/TRY=45.0699 EUR/TRY=52.6935
2026-04-29 13:32:34,693 [INFO] TRY mid calculated: 174000.00 / 45.0699 = 3860.67 -> Buy: 3770, Sell: 3870
2026-04-29 13:32:34,693 [INFO] cycle Tehran=17:02 changed=True silent=28.8min -> post (change)
2026-04-29 13:32:35,214 [INFO] cycle result: {'action': 'posted', 'detail': 'change'}
2026-04-29 14:04:51,125 [INFO] pi_jt latest post age: 67.8 min (fresh)
2026-04-29 14:04:51,125 [INFO] pi_jt USD sell post found: 174500 from: دلار فردایی تهران
⏳
174,500 فروش
🔴
2026-04-29 14:04:51,125 [INFO] pi_jt USD final (sell-only): buy=173500 sell=174500 (spread enforced)
2026-04-29 14:04:51,125 [INFO] pi_jt EUR not found, trying fallback sources
2026-04-29 14:04:51,820 [INFO] EUR fallback (sell pattern): 204770 from 💵
دلار آمریکا فروش
🔴
: 175,000 تومان
💵
دلار آمریکا خرید
🔵
: 
2026-04-29 14:04:51,820 [INFO] EUR fallback computed: mid=204770 buy=204250 sell=205250
2026-04-29 14:04:51,820 [INFO] Prices fetched: USD buy=173500 sell=174500 (src=pi_jt) | EUR buy=204250 sell=205250 (src=navasanchannel)
2026-04-29 14:04:52,226 [INFO] Wise TRY rates: USD/TRY=45.0701 EUR/TRY=52.6622
2026-04-29 14:04:52,228 [INFO] TRY mid calculated: 174000.00 / 45.0701 = 3860.65 -> Buy: 3770, Sell: 3870
2026-04-29 14:04:52,228 [INFO] cycle Tehran=17:34 changed=False silent=32.3min -> skip (no_change_within_silence_window)
2026-04-29 14:04:52,229 [INFO] cycle result: {'action': 'skip', 'detail': 'no_change_within_silence_window'}
2026-04-29 14:32:07,553 [INFO] pi_jt latest post age: 16.2 min (fresh)
2026-04-29 14:32:07,553 [INFO] pi_jt USD sell post found: 175000 from: دلار فردایی تهران
⏳
175,000 فروش
🔴
2026-04-29 14:32:07,553 [INFO] pi_jt USD final (sell-only): buy=174000 sell=175000 (spread enforced)
2026-04-29 14:32:07,553 [INFO] pi_jt EUR not found, trying fallback sources
2026-04-29 14:32:08,251 [INFO] EUR fallback (sell pattern): 204770 from 💵
دلار آمریکا فروش
🔴
: 175,000 تومان
💵
دلار آمریکا خرید
🔵
: 
2026-04-29 14:32:08,252 [INFO] EUR fallback computed: mid=204770 buy=204250 sell=205250
2026-04-29 14:32:08,252 [INFO] Prices fetched: USD buy=174000 sell=175000 (src=pi_jt) | EUR buy=204250 sell=205250 (src=navasanchannel)
2026-04-29 14:32:08,693 [INFO] Wise TRY rates: USD/TRY=45.0697 EUR/TRY=52.6910
2026-04-29 14:32:08,695 [INFO] TRY mid calculated: 174500.00 / 45.0697 = 3871.78 -> Buy: 3780, Sell: 3880
2026-04-29 14:32:08,695 [INFO] cycle Tehran=18:02 changed=True silent=59.6min -> post (change)
2026-04-29 14:32:09,330 [INFO] cycle result: {'action': 'posted', 'detail': 'change'}
2026-04-29 15:02:45,293 [INFO] pi_jt latest post age: 46.9 min (fresh)
2026-04-29 15:02:45,294 [INFO] pi_jt USD sell post found: 175000 from: دلار فردایی تهران
⏳
175,000 فروش
🔴
2026-04-29 15:02:45,294 [INFO] pi_jt USD final (sell-only): buy=174000 sell=175000 (spread enforced)
2026-04-29 15:02:45,294 [INFO] pi_jt EUR not found, trying fallback sources
2026-04-29 15:02:46,012 [INFO] EUR fallback (sell pattern): 204770 from 💵
دلار آمریکا فروش
🔴
: 175,000 تومان
💵
دلار آمریکا خرید
🔵
: 
2026-04-29 15:02:46,012 [INFO] EUR fallback computed: mid=204770 buy=204250 sell=205250
2026-04-29 15:02:46,013 [INFO] Prices fetched: USD buy=174000 sell=175000 (src=pi_jt) | EUR buy=204250 sell=205250 (src=navasanchannel)
2026-04-29 15:02:46,448 [INFO] Wise TRY rates: USD/TRY=45.0702 EUR/TRY=52.7276
2026-04-29 15:02:46,449 [INFO] TRY mid calculated: 174500.00 / 45.0702 = 3871.74 -> Buy: 3780, Sell: 3880
2026-04-29 15:02:46,450 [INFO] cycle Tehran=18:32 changed=False silent=30.7min -> skip (no_change_within_silence_window)
2026-04-29 15:02:46,450 [INFO] cycle result: {'action': 'skip', 'detail': 'no_change_within_silence_window'}
2026-04-29 15:35:40,710 [INFO] pi_jt latest post age: 79.8 min (fresh)
2026-04-29 15:35:40,710 [INFO] pi_jt USD sell post found: 175000 from: دلار فردایی تهران
⏳
175,000 فروش
🔴
2026-04-29 15:35:40,710 [INFO] pi_jt USD final (sell-only): buy=174000 sell=175000 (spread enforced)
2026-04-29 15:35:40,710 [INFO] pi_jt EUR not found, trying fallback sources
2026-04-29 15:35:41,163 [INFO] EUR fallback (sell pattern): 204770 from 💵
دلار آمریکا فروش
🔴
: 175,000 تومان
💵
دلار آمریکا خرید
🔵
: 
2026-04-29 15:35:41,163 [INFO] EUR fallback computed: mid=204770 buy=204250 sell=205250
2026-04-29 15:35:41,163 [INFO] Prices fetched: USD buy=174000 sell=175000 (src=pi_jt) | EUR buy=204250 sell=205250 (src=navasanchannel)
2026-04-29 15:35:41,535 [INFO] Wise TRY rates: USD/TRY=45.0703 EUR/TRY=52.7165
2026-04-29 15:35:41,536 [INFO] TRY mid calculated: 174500.00 / 45.0703 = 3871.73 -> Buy: 3780, Sell: 3880
2026-04-29 15:35:41,537 [INFO] cycle Tehran=19:05 changed=False silent=63.6min -> post (silence_limit)
2026-04-29 15:35:41,919 [INFO] cycle result: {'action': 'posted', 'detail': 'silence_limit'}
2026-04-29 16:04:43,031 [INFO] pi_jt latest post age: 2.2 min (fresh)
2026-04-29 16:04:43,031 [INFO] pi_jt USD sell post found: 175500 from: دلار فردایی تهران
⏳
175,500 فروش
🔴
2026-04-29 16:04:43,031 [INFO] pi_jt USD final (sell-only): buy=174500 sell=175500 (spread enforced)
2026-04-29 16:04:43,031 [INFO] pi_jt EUR not found, trying fallback sources
2026-04-29 16:04:43,686 [INFO] EUR fallback (sell pattern): 205360 from 💵
دلار آمریکا فروش
🔴
: 175,500 تومان
💵
دلار آمریکا خرید
🔵
: 
2026-04-29 16:04:43,686 [INFO] EUR fallback computed: mid=205360 buy=204850 sell=205850
2026-04-29 16:04:43,686 [INFO] Prices fetched: USD buy=174500 sell=175500 (src=pi_jt) | EUR buy=204850 sell=205850 (src=navasanchannel)
2026-04-29 16:04:44,219 [INFO] Wise TRY rates: USD/TRY=45.0699 EUR/TRY=52.7183
2026-04-29 16:04:44,220 [INFO] TRY mid calculated: 175000.00 / 45.0699 = 3882.86 -> Buy: 3790, Sell: 3890
2026-04-29 16:04:44,221 [INFO] cycle Tehran=19:34 changed=True silent=29.1min -> post (change)
2026-04-29 16:04:44,838 [INFO] cycle result: {'action': 'posted', 'detail': 'change'}
2026-04-29 16:35:22,204 [INFO] pi_jt latest post age: 7.4 min (fresh)
2026-04-29 16:35:22,205 [INFO] pi_jt USD sell post found: 175500 from: دلار فردایی تهران
⏳
175,500 فروش
🔴
2026-04-29 16:35:22,205 [INFO] pi_jt USD final (sell-only): buy=174500 sell=175500 (spread enforced)
2026-04-29 16:35:22,205 [INFO] pi_jt EUR not found, trying fallback sources
2026-04-29 16:35:22,678 [INFO] EUR fallback (sell pattern): 205200 from 💵
دلار آمریکا فروش
🔴
: 175,500 تومان
💵
دلار آمریکا خرید
🔵
: 
2026-04-29 16:35:22,678 [INFO] EUR fallback computed: mid=205200 buy=204700 sell=205700
2026-04-29 16:35:22,678 [INFO] Prices fetched: USD buy=174500 sell=175500 (src=pi_jt) | EUR buy=204700 sell=205700 (src=navasanchannel)
2026-04-29 16:35:23,164 [INFO] Wise TRY rates: USD/TRY=45.0702 EUR/TRY=52.6916
2026-04-29 16:35:23,165 [INFO] TRY mid calculated: 175000.00 / 45.0702 = 3882.83 -> Buy: 3790, Sell: 3890
2026-04-29 16:35:23,166 [INFO] cycle Tehran=20:05 changed=True silent=30.7min -> post (change)
2026-04-29 16:35:23,623 [INFO] cycle result: {'action': 'posted', 'detail': 'change'}
2026-04-29 17:02:40,640 [INFO] pi_jt latest post age: 15.4 min (fresh)
2026-04-29 17:02:40,640 [INFO] pi_jt USD sell post found: 176000 from: دلار فردایی تهران
⏳
176,000 فروش
🔴
2026-04-29 17:02:40,640 [INFO] pi_jt USD final (sell-only): buy=175000 sell=176000 (spread enforced)
2026-04-29 17:02:40,641 [INFO] pi_jt EUR not found, trying fallback sources
2026-04-29 17:02:41,320 [INFO] EUR fallback (sell pattern): 206950 from 💵
دلار آمریکا فروش
🔴
: 177,000 تومان
💵
دلار آمریکا خرید
🔵
: 
2026-04-29 17:02:41,320 [INFO] EUR fallback computed: mid=206950 buy=206450 sell=207450
2026-04-29 17:02:41,320 [INFO] Prices fetched: USD buy=175000 sell=176000 (src=pi_jt) | EUR buy=206450 sell=207450 (src=navasanchannel)
2026-04-29 17:02:41,885 [INFO] Wise TRY rates: USD/TRY=45.0714 EUR/TRY=52.6547
2026-04-29 17:02:41,886 [INFO] TRY mid calculated: 175500.00 / 45.0714 = 3893.82 -> Buy: 3800, Sell: 3900
2026-04-29 17:02:41,887 [INFO] cycle Tehran=20:32 changed=True silent=27.3min -> post (change)
2026-04-29 17:02:42,450 [INFO] cycle result: {'action': 'posted', 'detail': 'change'}
2026-04-29 17:10:40,814 [INFO] pi_jt latest post age: 23.4 min (fresh)
2026-04-29 17:10:40,814 [INFO] pi_jt USD sell post found: 176000 from: دلار فردایی تهران
⏳
176,000 فروش
🔴
2026-04-29 17:10:40,814 [INFO] pi_jt USD final (sell-only): buy=175000 sell=176000 (spread enforced)
2026-04-29 17:10:40,814 [INFO] pi_jt EUR not found, trying fallback sources
2026-04-29 17:10:41,274 [INFO] EUR fallback (sell pattern): 206950 from 💵
دلار آمریکا فروش
🔴
: 177,000 تومان
💵
دلار آمریکا خرید
🔵
: 
2026-04-29 17:10:41,275 [INFO] EUR fallback computed: mid=206950 buy=206450 sell=207450
2026-04-29 17:10:41,275 [INFO] Prices fetched: USD buy=175000 sell=176000 (src=pi_jt) | EUR buy=206450 sell=207450 (src=navasanchannel)
2026-04-29 17:10:41,661 [INFO] Wise TRY rates: USD/TRY=45.0714 EUR/TRY=52.6456
2026-04-29 17:10:41,662 [INFO] TRY mid calculated: 175500.00 / 45.0714 = 3893.82 -> Buy: 3800, Sell: 3900
2026-04-29 17:10:41,663 [INFO] cycle Tehran=20:40 changed=False silent=8.0min -> skip (no_change_within_silence_window)
2026-04-29 17:10:41,663 [INFO] cycle result: {'action': 'skip', 'detail': 'no_change_within_silence_window'}
2026-04-29 17:31:54,093 [INFO] pi_jt latest post age: 0.9 min (fresh)
2026-04-29 17:31:54,094 [INFO] pi_jt USD sell post found: 177000 from: دلار فردایی تهران
⏳
177,000 فروش
🔴
2026-04-29 17:31:54,094 [INFO] pi_jt USD final (sell-only): buy=176000 sell=177000 (spread enforced)
2026-04-29 17:31:54,094 [INFO] pi_jt EUR not found, trying fallback sources
2026-04-29 17:31:54,611 [INFO] EUR fallback (sell pattern): 206950 from 💵
دلار آمریکا فروش
🔴
: 177,000 تومان
💵
دلار آمریکا خرید
🔵
: 
2026-04-29 17:31:54,611 [INFO] EUR fallback computed: mid=206950 buy=206450 sell=207450
2026-04-29 17:31:54,611 [INFO] Prices fetched: USD buy=176000 sell=177000 (src=pi_jt) | EUR buy=206450 sell=207450 (src=navasanchannel)
2026-04-29 17:31:54,978 [INFO] Wise TRY rates: USD/TRY=45.0715 EUR/TRY=52.6525
2026-04-29 17:31:54,980 [INFO] TRY mid calculated: 176500.00 / 45.0715 = 3916.00 -> Buy: 3830, Sell: 3930
2026-04-29 17:31:54,980 [INFO] cycle Tehran=21:01 changed=True silent=29.2min -> post (change)
2026-04-29 17:31:55,549 [INFO] cycle result: {'action': 'posted', 'detail': 'change'}
2026-04-29 18:04:12,776 [INFO] pi_jt latest post age: 33.2 min (fresh)
2026-04-29 18:04:12,777 [INFO] pi_jt USD sell post found: 177000 from: دلار فردایی تهران
⏳
177,000 فروش
🔴
2026-04-29 18:04:12,777 [INFO] pi_jt USD final (sell-only): buy=176000 sell=177000 (spread enforced)
2026-04-29 18:04:12,777 [INFO] pi_jt EUR not found, trying fallback sources
2026-04-29 18:04:13,472 [INFO] EUR fallback (sell pattern): 206950 from 💵
دلار آمریکا فروش
🔴
: 177,000 تومان
💵
دلار آمریکا خرید
🔵
: 
2026-04-29 18:04:13,472 [INFO] EUR fallback computed: mid=206950 buy=206450 sell=207450
2026-04-29 18:04:13,472 [INFO] Prices fetched: USD buy=176000 sell=177000 (src=pi_jt) | EUR buy=206450 sell=207450 (src=navasanchannel)
2026-04-29 18:04:13,934 [INFO] Wise TRY rates: USD/TRY=45.0674 EUR/TRY=52.6500
2026-04-29 18:04:13,936 [INFO] TRY mid calculated: 176500.00 / 45.0674 = 3916.36 -> Buy: 3830, Sell: 3930
2026-04-29 18:04:13,936 [INFO] cycle Tehran=21:34 changed=False silent=32.3min -> skip (no_change_within_silence_window)
2026-04-29 18:04:13,937 [INFO] cycle result: {'action': 'skip', 'detail': 'no_change_within_silence_window'}
2026-04-29 18:35:16,247 [INFO] pi_jt latest post age: 64.3 min (fresh)
2026-04-29 18:35:16,247 [INFO] pi_jt USD sell post found: 177000 from: دلار فردایی تهران
⏳
177,000 فروش
🔴
2026-04-29 18:35:16,247 [INFO] pi_jt USD final (sell-only): buy=176000 sell=177000 (spread enforced)
2026-04-29 18:35:16,247 [INFO] pi_jt EUR not found, trying fallback sources
2026-04-29 18:35:16,939 [INFO] EUR fallback (sell pattern): 206950 from 💵
دلار آمریکا فروش
🔴
: 177,000 تومان
💵
دلار آمریکا خرید
🔵
: 
2026-04-29 18:35:16,939 [INFO] EUR fallback computed: mid=206950 buy=206450 sell=207450
2026-04-29 18:35:16,939 [INFO] Prices fetched: USD buy=176000 sell=177000 (src=pi_jt) | EUR buy=206450 sell=207450 (src=navasanchannel)
2026-04-29 18:35:18,029 [INFO] Wise TRY rates: USD/TRY=45.0701 EUR/TRY=52.6058
2026-04-29 18:35:18,030 [INFO] TRY mid calculated: 176500.00 / 45.0701 = 3916.12 -> Buy: 3830, Sell: 3930
2026-04-29 18:35:18,030 [INFO] cycle Tehran=22:05 changed=False silent=63.4min -> post (silence_limit)
2026-04-29 18:35:18,677 [INFO] cycle result: {'action': 'posted', 'detail': 'silence_limit'}
2026-04-29 20:45:47,704 [INFO] outside working hours (Tehran 00:15); sleeping
2026-04-29 20:45:47,704 [INFO] cycle result: {'action': 'idle', 'detail': 'outside_working_hours'}
2026-04-30 00:08:57,181 [INFO] outside working hours (Tehran 03:38); sleeping
2026-04-30 00:08:57,181 [INFO] cycle result: {'action': 'idle', 'detail': 'outside_working_hours'}
2026-04-30 03:05:09,851 [INFO] outside working hours (Tehran 06:35); sleeping
2026-04-30 03:05:09,852 [INFO] cycle result: {'action': 'idle', 'detail': 'outside_working_hours'}
2026-04-30 03:34:27,736 [INFO] outside working hours (Tehran 07:04); sleeping
2026-04-30 03:34:27,736 [INFO] cycle result: {'action': 'idle', 'detail': 'outside_working_hours'}
2026-04-30 04:01:03,874 [INFO] outside working hours (Tehran 07:31); sleeping
2026-04-30 04:01:03,874 [INFO] cycle result: {'action': 'idle', 'detail': 'outside_working_hours'}
2026-04-30 04:35:04,067 [INFO] outside working hours (Tehran 08:05); sleeping
2026-04-30 04:35:04,068 [INFO] cycle result: {'action': 'idle', 'detail': 'outside_working_hours'}
2026-04-30 05:01:54,923 [INFO] outside working hours (Tehran 08:31); sleeping
2026-04-30 05:01:54,923 [INFO] cycle result: {'action': 'idle', 'detail': 'outside_working_hours'}
2026-04-30 05:35:08,637 [WARNING] pi_jt latest post is 724.2 min old (STALE > 180 min) — skipping pi_jt
2026-04-30 05:35:08,637 [INFO] pi_jt USD not found, trying fallback sources
2026-04-30 05:35:09,400 [INFO] USD fallback computed: mid=177000 buy=176500 sell=177500
2026-04-30 05:35:09,400 [INFO] pi_jt EUR not found, trying fallback sources
2026-04-30 05:35:09,845 [INFO] EUR fallback (sell pattern): 206950 from 💵
دلار آمریکا فروش
🔴
: 177,000 تومان
💵
دلار آمریکا خرید
🔵
: 
2026-04-30 05:35:09,846 [INFO] EUR fallback computed: mid=206950 buy=206450 sell=207450
2026-04-30 05:35:09,846 [INFO] Prices fetched: USD buy=176500 sell=177500 (src=dollar_tehran3bze+tahran_sabza) | EUR buy=206450 sell=207450 (src=navasanchannel)
2026-04-30 05:35:10,277 [INFO] Wise TRY rates: USD/TRY=45.1857 EUR/TRY=52.6933
2026-04-30 05:35:10,279 [INFO] TRY mid calculated: 177000.00 / 45.1857 = 3917.17 -> Buy: 3830, Sell: 3930
2026-04-30 05:35:10,279 [INFO] cycle Tehran=09:05 changed=True silent=659.9min -> post (change)
2026-04-30 05:35:10,724 [INFO] cycle result: {'action': 'posted', 'detail': 'change'}
2026-04-30 06:06:53,254 [WARNING] pi_jt latest post is 755.9 min old (STALE > 180 min) — skipping pi_jt
2026-04-30 06:06:53,254 [INFO] pi_jt USD not found, trying fallback sources
2026-04-30 06:06:54,457 [INFO] USD fallback computed: mid=177000 buy=176500 sell=177500
2026-04-30 06:06:54,457 [INFO] pi_jt EUR not found, trying fallback sources
2026-04-30 06:06:55,119 [INFO] EUR fallback (sell pattern): 206950 from 💵
دلار آمریکا فروش
🔴
: 177,000 تومان
💵
دلار آمریکا خرید
🔵
: 
2026-04-30 06:06:55,119 [INFO] EUR fallback computed: mid=206950 buy=206450 sell=207450
2026-04-30 06:06:55,119 [INFO] Prices fetched: USD buy=176500 sell=177500 (src=dollar_tehran3bze+tahran_sabza) | EUR buy=206450 sell=207450 (src=navasanchannel)
2026-04-30 06:06:55,592 [INFO] Wise TRY rates: USD/TRY=45.1853 EUR/TRY=52.6974
2026-04-30 06:06:55,594 [INFO] TRY mid calculated: 177000.00 / 45.1853 = 3917.20 -> Buy: 3830, Sell: 3930
2026-04-30 06:06:55,594 [INFO] cycle Tehran=09:36 changed=False silent=31.8min -> skip (no_change_within_silence_window)
2026-04-30 06:06:55,595 [INFO] cycle result: {'action': 'skip', 'detail': 'no_change_within_silence_window'}
2026-04-30 06:35:28,589 [WARNING] pi_jt latest post is 784.5 min old (STALE > 180 min) — skipping pi_jt
2026-04-30 06:35:28,589 [INFO] pi_jt USD not found, trying fallback sources
2026-04-30 06:35:29,346 [INFO] USD fallback computed: mid=177000 buy=176500 sell=177500
2026-04-30 06:35:29,346 [INFO] pi_jt EUR not found, trying fallback sources
2026-04-30 06:35:29,785 [INFO] EUR fallback (after-keyword): 206950 from دلار آمریکا
🇺🇸
177,000
تغییر 0◄      %0.00
یورو
🇪🇺
206,950
ت
2026-04-30 06:35:29,785 [INFO] EUR fallback computed: mid=206950 buy=206450 sell=207450
2026-04-30 06:35:29,785 [INFO] Prices fetched: USD buy=176500 sell=177500 (src=dollar_tehran3bze+tahran_sabza) | EUR buy=206450 sell=207450 (src=navasanchannel)
2026-04-30 06:35:30,228 [INFO] Wise TRY rates: USD/TRY=45.1856 EUR/TRY=52.7271
2026-04-30 06:35:30,230 [INFO] TRY mid calculated: 177000.00 / 45.1856 = 3917.18 -> Buy: 3830, Sell: 3930
2026-04-30 06:35:30,231 [INFO] cycle Tehran=10:05 changed=False silent=60.4min -> post (silence_limit)
2026-04-30 06:35:30,612 [INFO] cycle result: {'action': 'posted', 'detail': 'silence_limit'}
2026-04-30 07:01:55,389 [WARNING] pi_jt latest post is 810.9 min old (STALE > 180 min) — skipping pi_jt
2026-04-30 07:01:55,390 [INFO] pi_jt USD not found, trying fallback sources
2026-04-30 07:01:56,257 [INFO] USD fallback computed: mid=177000 buy=176500 sell=177500
2026-04-30 07:01:56,257 [INFO] pi_jt EUR not found, trying fallback sources
2026-04-30 07:01:56,775 [INFO] EUR fallback (after-keyword): 206950 from دلار آمریکا
🇺🇸
177,000
تغییر 0◄      %0.00
یورو
🇪🇺
206,950
ت
2026-04-30 07:01:56,775 [INFO] EUR fallback computed: mid=206950 buy=206450 sell=207450
2026-04-30 07:01:56,775 [INFO] Prices fetched: USD buy=176500 sell=177500 (src=dollar_tehran3bze+tahran_sabza) | EUR buy=206450 sell=207450 (src=navasanchannel)
2026-04-30 07:01:57,156 [INFO] Wise TRY rates: USD/TRY=45.1850 EUR/TRY=52.7422
2026-04-30 07:01:57,158 [INFO] TRY mid calculated: 177000.00 / 45.1850 = 3917.23 -> Buy: 3830, Sell: 3930
2026-04-30 07:01:57,159 [INFO] cycle Tehran=10:31 changed=False silent=26.5min -> skip (no_change_within_silence_window)
2026-04-30 07:01:57,159 [INFO] cycle result: {'action': 'skip', 'detail': 'no_change_within_silence_window'}
2026-04-30 07:32:22,973 [WARNING] fetch pi_jt -> HTTP 502
2026-04-30 07:32:22,974 [INFO] pi_jt USD not found, trying fallback sources
2026-04-30 07:32:23,260 [WARNING] fetch dollar_tehran3bze -> HTTP 502
2026-04-30 07:32:23,552 [WARNING] fetch tahran_sabza -> HTTP 502
2026-04-30 07:32:23,553 [INFO] All USD fallbacks failed, trying navasanchannel for USD
2026-04-30 07:32:23,847 [WARNING] fetch navasanchannel -> HTTP 502
2026-04-30 07:32:23,847 [INFO] pi_jt EUR not found, trying fallback sources
2026-04-30 07:32:24,140 [WARNING] fetch navasanchannel -> HTTP 502
2026-04-30 07:32:24,429 [WARNING] fetch irancurrency -> HTTP 502
2026-04-30 07:32:24,430 [WARNING] No fresh price available: usd_source=none eur_source=none — SKIPPING to avoid stale post
2026-04-30 07:32:24,430 [INFO] cycle result: {'action': 'skip', 'detail': 'no_fresh_data'}
2026-04-30 08:02:35,818 [INFO] pi_jt latest post age: 17.0 min (fresh)
2026-04-30 08:02:35,818 [INFO] pi_jt USD sell post found: 178000 from: دلار فردایی تهران
⏳
178,000 فروش
🔴
2026-04-30 08:02:35,818 [INFO] pi_jt USD final (sell-only): buy=177000 sell=178000 (spread enforced)
2026-04-30 08:02:35,818 [INFO] pi_jt EUR not found, trying fallback sources
2026-04-30 08:02:36,461 [INFO] EUR fallback (sell pattern): 207530 from 💵
دلار آمریکا فروش
🔴
: 178,000 تومان
💵
دلار آمریکا خرید
🔵
: 
2026-04-30 08:02:36,462 [INFO] EUR fallback computed: mid=207530 buy=207050 sell=208050
2026-04-30 08:02:36,462 [INFO] Prices fetched: USD buy=177000 sell=178000 (src=pi_jt) | EUR buy=207050 sell=208050 (src=navasanchannel)
2026-04-30 08:02:36,996 [INFO] Wise TRY rates: USD/TRY=45.1851 EUR/TRY=52.7920
2026-04-30 08:02:36,998 [INFO] TRY mid calculated: 177500.00 / 45.1851 = 3928.29 -> Buy: 3840, Sell: 3940
2026-04-30 08:02:36,998 [INFO] cycle Tehran=11:32 changed=True silent=87.1min -> post (change)
2026-04-30 08:02:37,561 [INFO] cycle result: {'action': 'posted', 'detail': 'change'}
2026-04-30 08:35:06,221 [INFO] pi_jt latest post age: 6.6 min (fresh)
2026-04-30 08:35:06,221 [INFO] pi_jt USD sell post found: 178500 from: دلار فردایی تهران
⏳
178,500 فروش
🔴
2026-04-30 08:35:06,221 [INFO] pi_jt USD final (sell-only): buy=177500 sell=178500 (spread enforced)
2026-04-30 08:35:06,221 [INFO] pi_jt EUR not found, trying fallback sources
2026-04-30 08:35:06,828 [INFO] EUR fallback (sell pattern): 208110 from 💵
دلار آمریکا فروش
🔴
: 178,500 تومان
💵
دلار آمریکا خرید
🔵
: 
2026-04-30 08:35:06,828 [INFO] EUR fallback computed: mid=208110 buy=207600 sell=208600
2026-04-30 08:35:06,828 [INFO] Prices fetched: USD buy=177500 sell=178500 (src=pi_jt) | EUR buy=207600 sell=208600 (src=navasanchannel)
2026-04-30 08:35:07,418 [INFO] Wise TRY rates: USD/TRY=45.1851 EUR/TRY=52.8078
2026-04-30 08:35:07,419 [INFO] TRY mid calculated: 178000.00 / 45.1851 = 3939.35 -> Buy: 3850, Sell: 3950
2026-04-30 08:35:07,420 [INFO] cycle Tehran=12:05 changed=True silent=32.5min -> post (change)
2026-04-30 08:35:08,034 [INFO] cycle result: {'action': 'posted', 'detail': 'change'}
2026-04-30 09:04:53,410 [INFO] pi_jt latest post age: 36.4 min (fresh)
2026-04-30 09:04:53,411 [INFO] pi_jt USD sell post found: 178500 from: دلار فردایی تهران
⏳
178,500 فروش
🔴
2026-04-30 09:04:53,411 [INFO] pi_jt USD final (sell-only): buy=177500 sell=178500 (spread enforced)
2026-04-30 09:04:53,411 [INFO] pi_jt EUR not found, trying fallback sources
2026-04-30 09:04:53,956 [INFO] EUR fallback (sell pattern): 208110 from 💵
دلار آمریکا فروش
🔴
: 178,500 تومان
💵
دلار آمریکا خرید
🔵
: 
2026-04-30 09:04:53,956 [INFO] EUR fallback computed: mid=208110 buy=207600 sell=208600
2026-04-30 09:04:53,956 [INFO] Prices fetched: USD buy=177500 sell=178500 (src=pi_jt) | EUR buy=207600 sell=208600 (src=navasanchannel)
2026-04-30 09:04:54,396 [INFO] Wise TRY rates: USD/TRY=45.1853 EUR/TRY=52.7764
2026-04-30 09:04:54,397 [INFO] TRY mid calculated: 178000.00 / 45.1853 = 3939.33 -> Buy: 3850, Sell: 3950
2026-04-30 09:04:54,398 [INFO] cycle Tehran=12:34 changed=False silent=29.8min -> skip (no_change_within_silence_window)
2026-04-30 09:04:54,398 [INFO] cycle result: {'action': 'skip', 'detail': 'no_change_within_silence_window'}
2026-04-30 09:31:47,685 [INFO] pi_jt latest post age: 23.7 min (fresh)
2026-04-30 09:31:47,685 [INFO] pi_jt USD sell post found: 178500 from: دلار فردایی تهران
⏳
178,500 فروش
🔴
2026-04-30 09:31:47,685 [INFO] pi_jt USD final (sell-only): buy=177500 sell=178500 (spread enforced)
2026-04-30 09:31:47,685 [INFO] pi_jt EUR not found, trying fallback sources
2026-04-30 09:31:48,203 [INFO] EUR fallback (sell pattern): 208110 from 💵
دلار آمریکا فروش
🔴
: 178,500 تومان
💵
دلار آمریکا خرید
🔵
: 
2026-04-30 09:31:48,203 [INFO] EUR fallback computed: mid=208110 buy=207600 sell=208600
2026-04-30 09:31:48,203 [INFO] Prices fetched: USD buy=177500 sell=178500 (src=pi_jt) | EUR buy=207600 sell=208600 (src=navasanchannel)
2026-04-30 09:31:48,530 [INFO] Wise TRY rates: USD/TRY=45.1852 EUR/TRY=52.8373
2026-04-30 09:31:48,532 [INFO] TRY mid calculated: 178000.00 / 45.1852 = 3939.34 -> Buy: 3850, Sell: 3950
2026-04-30 09:31:48,533 [INFO] cycle Tehran=13:01 changed=False silent=56.7min -> post (silence_limit)
2026-04-30 09:31:49,016 [INFO] cycle result: {'action': 'posted', 'detail': 'silence_limit'}
2026-04-30 10:04:53,969 [INFO] pi_jt latest post age: 56.8 min (fresh)
2026-04-30 10:04:53,969 [INFO] pi_jt USD sell post found: 178500 from: دلار فردایی تهران
⏳
178,500 فروش
🔴
2026-04-30 10:04:53,969 [INFO] pi_jt USD final (sell-only): buy=177500 sell=178500 (spread enforced)
2026-04-30 10:04:53,970 [INFO] pi_jt EUR not found, trying fallback sources
2026-04-30 10:04:54,423 [INFO] EUR fallback (sell pattern): 207530 from 💵
دلار آمریکا فروش
🔴
: 178,000 تومان
💵
دلار آمریکا خرید
🔵
: 
2026-04-30 10:04:54,423 [INFO] EUR fallback computed: mid=207530 buy=207050 sell=208050
2026-04-30 10:04:54,423 [INFO] Prices fetched: USD buy=177500 sell=178500 (src=pi_jt) | EUR buy=207050 sell=208050 (src=navasanchannel)
2026-04-30 10:04:54,730 [INFO] Wise TRY rates: USD/TRY=45.1849 EUR/TRY=52.8392
2026-04-30 10:04:54,732 [INFO] TRY mid calculated: 178000.00 / 45.1849 = 3939.37 -> Buy: 3850, Sell: 3950
2026-04-30 10:04:54,732 [INFO] cycle Tehran=13:34 changed=True silent=33.1min -> post (change)
2026-04-30 10:04:55,134 [INFO] cycle result: {'action': 'posted', 'detail': 'change'}
2026-04-30 10:31:21,502 [INFO] pi_jt latest post age: 14.4 min (fresh)
2026-04-30 10:31:21,503 [INFO] pi_jt USD sell post found: 178000 from: دلار فردایی تهران
⏳
178,000 فروش
🔴
2026-04-30 10:31:21,503 [INFO] pi_jt USD final (sell-only): buy=177000 sell=178000 (spread enforced)
2026-04-30 10:31:21,503 [INFO] pi_jt EUR not found, trying fallback sources
2026-04-30 10:31:22,138 [INFO] EUR fallback (sell pattern): 208380 from 💵
دلار آمریکا فروش
🔴
: 178,000 تومان
💵
دلار آمریکا خرید
🔵
: 
2026-04-30 10:31:22,138 [INFO] EUR fallback computed: mid=208380 buy=207900 sell=208900
2026-04-30 10:31:22,138 [INFO] Prices fetched: USD buy=177000 sell=178000 (src=pi_jt) | EUR buy=207900 sell=208900 (src=navasanchannel)
2026-04-30 10:31:22,537 [INFO] Wise TRY rates: USD/TRY=45.1850 EUR/TRY=52.9003
2026-04-30 10:31:22,538 [INFO] TRY mid calculated: 177500.00 / 45.1850 = 3928.29 -> Buy: 3840, Sell: 3940
2026-04-30 10:31:22,538 [INFO] cycle Tehran=14:01 changed=True silent=26.5min -> post (change)
2026-04-30 10:31:23,218 [INFO] cycle result: {'action': 'posted', 'detail': 'change'}
2026-04-30 11:01:42,544 [INFO] pi_jt latest post age: 44.7 min (fresh)
2026-04-30 11:01:42,544 [INFO] pi_jt USD sell post found: 178000 from: دلار فردایی تهران
⏳
178,000 فروش
🔴
2026-04-30 11:01:42,544 [INFO] pi_jt USD final (sell-only): buy=177000 sell=178000 (spread enforced)
2026-04-30 11:01:42,544 [INFO] pi_jt EUR not found, trying fallback sources
2026-04-30 11:01:42,984 [INFO] EUR fallback (sell pattern): 208380 from 💵
دلار آمریکا فروش
🔴
: 178,000 تومان
💵
دلار آمریکا خرید
🔵
: 
2026-04-30 11:01:42,984 [INFO] EUR fallback computed: mid=208380 buy=207900 sell=208900
2026-04-30 11:01:42,984 [INFO] Prices fetched: USD buy=177000 sell=178000 (src=pi_jt) | EUR buy=207900 sell=208900 (src=navasanchannel)
2026-04-30 11:01:43,359 [INFO] Wise TRY rates: USD/TRY=45.1850 EUR/TRY=52.9433
2026-04-30 11:01:43,361 [INFO] TRY mid calculated: 177500.00 / 45.1850 = 3928.29 -> Buy: 3840, Sell: 3940
2026-04-30 11:01:43,362 [INFO] cycle Tehran=14:31 changed=False silent=30.4min -> skip (no_change_within_silence_window)
2026-04-30 11:01:43,362 [INFO] cycle result: {'action': 'skip', 'detail': 'no_change_within_silence_window'}
2026-04-30 11:31:26,183 [INFO] pi_jt latest post age: 16.4 min (fresh)
2026-04-30 11:31:26,184 [INFO] pi_jt USD sell post found: 178000 from: دلار فردایی تهران
⏳
178,000 فروش
🔴
2026-04-30 11:31:26,184 [INFO] pi_jt USD final (sell-only): buy=177000 sell=178000 (spread enforced)
2026-04-30 11:31:26,184 [INFO] pi_jt EUR not found, trying fallback sources
2026-04-30 11:31:26,625 [INFO] EUR fallback (sell pattern): 208380 from 💵
دلار آمریکا فروش
🔴
: 178,000 تومان
💵
دلار آمریکا خرید
🔵
: 
2026-04-30 11:31:26,625 [INFO] EUR fallback computed: mid=208380 buy=207900 sell=208900
2026-04-30 11:31:26,625 [INFO] Prices fetched: USD buy=177000 sell=178000 (src=pi_jt) | EUR buy=207900 sell=208900 (src=navasanchannel)
2026-04-30 11:31:27,020 [INFO] Wise TRY rates: USD/TRY=45.1850 EUR/TRY=52.9252
2026-04-30 11:31:27,022 [INFO] TRY mid calculated: 177500.00 / 45.1850 = 3928.29 -> Buy: 3840, Sell: 3940
2026-04-30 11:31:27,022 [INFO] cycle Tehran=15:01 changed=False silent=60.1min -> post (silence_limit)
2026-04-30 11:31:27,420 [INFO] cycle result: {'action': 'posted', 'detail': 'silence_limit'}
2026-04-30 11:55:04,631 [INFO] pi_jt latest post age: 40.0 min (fresh)
2026-04-30 11:55:04,631 [INFO] pi_jt USD sell post found: 178000 from: دلار فردایی تهران
⏳
178,000 فروش
🔴
2026-04-30 11:55:04,631 [INFO] pi_jt USD final (sell-only): buy=177000 sell=178000 (spread enforced)
2026-04-30 11:55:04,631 [INFO] pi_jt EUR not found, trying fallback sources
2026-04-30 11:55:05,278 [INFO] EUR fallback (sell pattern): 208380 from 💵
دلار آمریکا فروش
🔴
: 178,000 تومان
💵
دلار آمریکا خرید
🔵
: 
2026-04-30 11:55:05,278 [INFO] EUR fallback computed: mid=208380 buy=207900 sell=208900
2026-04-30 11:55:05,279 [INFO] Prices fetched: USD buy=177000 sell=178000 (src=pi_jt) | EUR buy=207900 sell=208900 (src=navasanchannel)
2026-04-30 11:55:05,779 [INFO] Wise TRY rates: USD/TRY=45.1853 EUR/TRY=52.8962
2026-04-30 11:55:05,780 [INFO] TRY mid calculated: 177500.00 / 45.1853 = 3928.27 -> Buy: 3840, Sell: 3940
2026-04-30 11:55:05,780 [INFO] cycle Tehran=15:25 changed=False silent=23.7min -> skip (no_change_within_silence_window)
2026-04-30 11:55:05,781 [INFO] cycle result: {'action': 'skip', 'detail': 'no_change_within_silence_window'}
2026-04-30 12:04:04,067 [INFO] pi_jt latest post age: 49.0 min (fresh)
2026-04-30 12:04:04,068 [INFO] pi_jt USD sell post found: 178000 from: دلار فردایی تهران
⏳
178,000 فروش
🔴
2026-04-30 12:04:04,068 [INFO] pi_jt USD final (sell-only): buy=177000 sell=178000 (spread enforced)
2026-04-30 12:04:04,068 [INFO] pi_jt EUR not found, trying fallback sources
2026-04-30 12:04:04,598 [INFO] EUR fallback (sell pattern): 208380 from 💵
دلار آمریکا فروش
🔴
: 178,000 تومان
💵
دلار آمریکا خرید
🔵
: 
2026-04-30 12:04:04,598 [INFO] EUR fallback computed: mid=208380 buy=207900 sell=208900
2026-04-30 12:04:04,598 [INFO] Prices fetched: USD buy=177000 sell=178000 (src=pi_jt) | EUR buy=207900 sell=208900 (src=navasanchannel)
2026-04-30 12:04:05,049 [INFO] Wise TRY rates: USD/TRY=45.1849 EUR/TRY=52.8709
2026-04-30 12:04:05,051 [INFO] TRY mid calculated: 177500.00 / 45.1849 = 3928.30 -> Buy: 3840, Sell: 3940
2026-04-30 12:04:05,051 [INFO] cycle Tehran=15:34 changed=False silent=32.7min -> skip (no_change_within_silence_window)
2026-04-30 12:04:05,051 [INFO] cycle result: {'action': 'skip', 'detail': 'no_change_within_silence_window'}
2026-04-30 12:31:12,008 [INFO] pi_jt latest post age: 76.1 min (fresh)
2026-04-30 12:31:12,008 [INFO] pi_jt USD sell post found: 178000 from: دلار فردایی تهران
⏳
178,000 فروش
🔴
2026-04-30 12:31:12,008 [INFO] pi_jt USD final (sell-only): buy=177000 sell=178000 (spread enforced)
2026-04-30 12:31:12,009 [INFO] pi_jt EUR not found, trying fallback sources
2026-04-30 12:31:12,671 [INFO] EUR fallback (sell pattern): 207790 from 💵
دلار آمریکا فروش
🔴
: 177,500 تومان
💵
دلار آمریکا خرید
🔵
: 
2026-04-30 12:31:12,671 [INFO] EUR fallback computed: mid=207790 buy=207300 sell=208300
2026-04-30 12:31:12,671 [INFO] Prices fetched: USD buy=177000 sell=178000 (src=pi_jt) | EUR buy=207300 sell=208300 (src=navasanchannel)
2026-04-30 12:31:13,100 [INFO] Wise TRY rates: USD/TRY=45.1846 EUR/TRY=52.8705
2026-04-30 12:31:13,102 [INFO] TRY mid calculated: 177500.00 / 45.1846 = 3928.33 -> Buy: 3840, Sell: 3940
2026-04-30 12:31:13,102 [INFO] cycle Tehran=16:01 changed=True silent=59.8min -> post (change)
2026-04-30 12:31:13,781 [INFO] cycle result: {'action': 'posted', 'detail': 'change'}
2026-04-30 13:05:32,247 [INFO] pi_jt latest post age: 110.5 min (fresh)
2026-04-30 13:05:32,247 [INFO] pi_jt USD sell post found: 178000 from: دلار فردایی تهران
⏳
178,000 فروش
🔴
2026-04-30 13:05:32,247 [INFO] pi_jt USD final (sell-only): buy=177000 sell=178000 (spread enforced)
2026-04-30 13:05:32,247 [INFO] pi_jt EUR not found, trying fallback sources
2026-04-30 13:05:32,955 [INFO] EUR fallback (sell pattern): 207210 from 💵
دلار آمریکا فروش
🔴
: 177,000 تومان
💵
دلار آمریکا خرید
🔵
: 
2026-04-30 13:05:32,955 [INFO] EUR fallback computed: mid=207210 buy=206700 sell=207700
2026-04-30 13:05:32,955 [INFO] Prices fetched: USD buy=177000 sell=178000 (src=pi_jt) | EUR buy=206700 sell=207700 (src=navasanchannel)
2026-04-30 13:05:33,383 [INFO] Wise TRY rates: USD/TRY=45.1800 EUR/TRY=52.8177
2026-04-30 13:05:33,385 [INFO] TRY mid calculated: 177500.00 / 45.1800 = 3928.73 -> Buy: 3840, Sell: 3940
2026-04-30 13:05:33,385 [INFO] cycle Tehran=16:35 changed=True silent=34.4min -> post (change)
2026-04-30 13:05:34,099 [INFO] cycle result: {'action': 'posted', 'detail': 'change'}
2026-04-30 13:32:49,740 [INFO] pi_jt latest post age: 137.8 min (fresh)
2026-04-30 13:32:49,740 [INFO] pi_jt USD sell post found: 178000 from: دلار فردایی تهران
⏳
178,000 فروش
🔴
2026-04-30 13:32:49,740 [INFO] pi_jt USD final (sell-only): buy=177000 sell=178000 (spread enforced)
2026-04-30 13:32:49,740 [INFO] pi_jt EUR not found, trying fallback sources
2026-04-30 13:32:50,452 [INFO] EUR fallback (sell pattern): 207210 from 💵
دلار آمریکا فروش
🔴
: 177,000 تومان
💵
دلار آمریکا خرید
🔵
: 
2026-04-30 13:32:50,452 [INFO] EUR fallback computed: mid=207210 buy=206700 sell=207700
2026-04-30 13:32:50,452 [INFO] Prices fetched: USD buy=177000 sell=178000 (src=pi_jt) | EUR buy=206700 sell=207700 (src=navasanchannel)
2026-04-30 13:32:50,836 [INFO] Wise TRY rates: USD/TRY=45.1640 EUR/TRY=52.7854
2026-04-30 13:32:50,837 [INFO] TRY mid calculated: 177500.00 / 45.1640 = 3930.12 -> Buy: 3840, Sell: 3940
2026-04-30 13:32:50,838 [INFO] cycle Tehran=17:02 changed=False silent=27.3min -> skip (no_change_within_silence_window)
2026-04-30 13:32:50,838 [INFO] cycle result: {'action': 'skip', 'detail': 'no_change_within_silence_window'}
2026-04-30 14:04:30,404 [INFO] pi_jt latest post age: 169.4 min (fresh)
2026-04-30 14:04:30,404 [INFO] pi_jt USD sell post found: 178000 from: دلار فردایی تهران
⏳
178,000 فروش
🔴
2026-04-30 14:04:30,404 [INFO] pi_jt USD final (sell-only): buy=177000 sell=178000 (spread enforced)
2026-04-30 14:04:30,404 [INFO] pi_jt EUR not found, trying fallback sources
2026-04-30 14:04:30,959 [INFO] EUR fallback (sell pattern): 206040 from 💵
دلار آمریکا فروش
🔴
: 176,000 تومان
💵
دلار آمریکا خرید
🔵
: 
2026-04-30 14:04:30,960 [INFO] EUR fallback computed: mid=206040 buy=205550 sell=206550
2026-04-30 14:04:30,960 [INFO] Prices fetched: USD buy=177000 sell=178000 (src=pi_jt) | EUR buy=205550 sell=206550 (src=navasanchannel)
2026-04-30 14:04:31,306 [INFO] Wise TRY rates: USD/TRY=45.1848 EUR/TRY=52.8391
2026-04-30 14:04:31,307 [INFO] TRY mid calculated: 177500.00 / 45.1848 = 3928.31 -> Buy: 3840, Sell: 3940
2026-04-30 14:04:31,308 [INFO] cycle Tehran=17:34 changed=True silent=59.0min -> post (change)
2026-04-30 14:04:31,811 [INFO] cycle result: {'action': 'posted', 'detail': 'change'}
2026-04-30 14:34:43,528 [INFO] pi_jt latest post age: 15.6 min (fresh)
2026-04-30 14:34:43,528 [INFO] pi_jt USD sell post found: 176000 from: دلار فردایی تهران
⏳
176,000 فروش
🔴
2026-04-30 14:34:43,528 [INFO] pi_jt USD final (sell-only): buy=175000 sell=176000 (spread enforced)
2026-04-30 14:34:43,528 [INFO] pi_jt EUR not found, trying fallback sources
2026-04-30 14:34:44,207 [INFO] EUR fallback (sell pattern): 206040 from 💵
دلار آمریکا فروش
🔴
: 176,000 تومان
💵
دلار آمریکا خرید
🔵
: 
2026-04-30 14:34:44,207 [INFO] EUR fallback computed: mid=206040 buy=205550 sell=206550
2026-04-30 14:34:44,207 [INFO] Prices fetched: USD buy=175000 sell=176000 (src=pi_jt) | EUR buy=205550 sell=206550 (src=navasanchannel)
2026-04-30 14:34:44,641 [INFO] Wise TRY rates: USD/TRY=45.1848 EUR/TRY=52.9250
2026-04-30 14:34:44,643 [INFO] TRY mid calculated: 175500.00 / 45.1848 = 3884.05 -> Buy: 3790, Sell: 3890
2026-04-30 14:34:44,643 [INFO] cycle Tehran=18:04 changed=True silent=30.2min -> post (change)
2026-04-30 14:34:45,272 [INFO] cycle result: {'action': 'posted', 'detail': 'change'}
2026-04-30 15:03:46,801 [INFO] pi_jt latest post age: 44.6 min (fresh)
2026-04-30 15:03:46,801 [INFO] pi_jt USD sell post found: 176000 from: دلار فردایی تهران
⏳
176,000 فروش
🔴
2026-04-30 15:03:46,801 [INFO] pi_jt USD final (sell-only): buy=175000 sell=176000 (spread enforced)
2026-04-30 15:03:46,801 [INFO] pi_jt EUR not found, trying fallback sources
2026-04-30 15:03:47,289 [INFO] EUR fallback (sell pattern): 206040 from 💵
دلار آمریکا فروش
🔴
: 176,000 تومان
💵
دلار آمریکا خرید
🔵
: 
2026-04-30 15:03:47,290 [INFO] EUR fallback computed: mid=206040 buy=205550 sell=206550
2026-04-30 15:03:47,290 [INFO] Prices fetched: USD buy=175000 sell=176000 (src=pi_jt) | EUR buy=205550 sell=206550 (src=navasanchannel)
2026-04-30 15:03:47,612 [INFO] Wise TRY rates: USD/TRY=45.1842 EUR/TRY=53.0101
2026-04-30 15:03:47,614 [INFO] TRY mid calculated: 175500.00 / 45.1842 = 3884.10 -> Buy: 3790, Sell: 3890
2026-04-30 15:03:47,614 [INFO] cycle Tehran=18:33 changed=False silent=29.1min -> skip (no_change_within_silence_window)
2026-04-30 15:03:47,615 [INFO] cycle result: {'action': 'skip', 'detail': 'no_change_within_silence_window'}
2026-04-30 15:21:34,727 [INFO] pi_jt latest post age: 8.1 min (fresh)
2026-04-30 15:21:34,727 [INFO] pi_jt USD sell post found: 176000 from: دلار فردایی تهران
⏳
176,000 فروش
🔴
2026-04-30 15:21:34,727 [INFO] pi_jt USD final (sell-only): buy=175000 sell=176000 (spread enforced)
2026-04-30 15:21:34,727 [INFO] pi_jt EUR not found, trying fallback sources
2026-04-30 15:21:35,312 [INFO] EUR fallback (after-keyword): 206040 from دلار آمریکا
🇺🇸
176,000
تغییر 1000-▼      %0.56-
یورو
🇪🇺
206,
2026-04-30 15:21:35,312 [INFO] EUR fallback computed: mid=206040 buy=205550 sell=206550
2026-04-30 15:21:35,312 [INFO] Prices fetched: USD buy=175000 sell=176000 (src=pi_jt) | EUR buy=205550 sell=206550 (src=navasanchannel)
2026-04-30 15:21:35,752 [INFO] Wise TRY rates: USD/TRY=45.1851 EUR/TRY=52.9999
2026-04-30 15:21:35,754 [INFO] TRY mid calculated: 175500.00 / 45.1851 = 3884.02 -> Buy: 3790, Sell: 3890
2026-04-30 15:21:35,754 [INFO] cycle Tehran=18:51 changed=False silent=46.9min -> skip (no_change_within_silence_window)
2026-04-30 15:21:35,755 [INFO] cycle result: {'action': 'skip', 'detail': 'no_change_within_silence_window'}
2026-04-30 15:22:18,325 [INFO] pi_jt latest post age: 8.8 min (fresh)
2026-04-30 15:22:18,326 [INFO] pi_jt USD sell post found: 176000 from: دلار فردایی تهران
⏳
176,000 فروش
🔴
2026-04-30 15:22:18,326 [INFO] pi_jt USD final (sell-only): buy=175000 sell=176000 (spread enforced)
2026-04-30 15:22:18,326 [INFO] pi_jt EUR not found, trying fallback sources
2026-04-30 15:22:19,045 [INFO] EUR fallback (after-keyword): 206040 from دلار آمریکا
🇺🇸
176,000
تغییر 1000-▼      %0.56-
یورو
🇪🇺
206,
2026-04-30 15:22:19,045 [INFO] EUR fallback computed: mid=206040 buy=205550 sell=206550
2026-04-30 15:22:19,045 [INFO] Prices fetched: USD buy=175000 sell=176000 (src=pi_jt) | EUR buy=205550 sell=206550 (src=navasanchannel)
2026-04-30 15:22:19,458 [INFO] Wise TRY rates: USD/TRY=45.1848 EUR/TRY=52.9950
2026-04-30 15:22:19,459 [INFO] TRY mid calculated: 175500.00 / 45.1848 = 3884.05 -> Buy: 3790, Sell: 3890
2026-04-30 15:22:19,460 [INFO] cycle Tehran=18:52 changed=False silent=47.6min -> skip (no_change_within_silence_window)
2026-04-30 15:22:19,460 [INFO] cycle result: {'action': 'skip', 'detail': 'no_change_within_silence_window'}
2026-04-30 15:27:28,859 [INFO] pi_jt latest post age: 14.0 min (fresh)
2026-04-30 15:27:28,860 [INFO] pi_jt USD sell post found: 176000 from: دلار فردایی تهران
⏳
176,000 فروش
🔴
2026-04-30 15:27:28,860 [INFO] pi_jt USD final (sell-only): buy=175000 sell=176000 (spread enforced)
2026-04-30 15:27:28,860 [INFO] pi_jt EUR not found, trying fallback sources
2026-04-30 15:27:29,346 [INFO] EUR fallback (after-keyword): 206040 from دلار آمریکا
🇺🇸
176,000
تغییر 1000-▼      %0.56-
یورو
🇪🇺
206,
2026-04-30 15:27:29,346 [INFO] EUR fallback computed: mid=206040 buy=205550 sell=206550
2026-04-30 15:27:29,346 [INFO] Prices fetched: USD buy=175000 sell=176000 (src=pi_jt) | EUR buy=205550 sell=206550 (src=navasanchannel)
2026-04-30 15:27:29,747 [INFO] Wise TRY rates: USD/TRY=45.1850 EUR/TRY=52.9975
2026-04-30 15:27:29,748 [INFO] TRY mid calculated: 175500.00 / 45.1850 = 3884.03 -> Buy: 3790, Sell: 3890
2026-04-30 15:27:29,748 [INFO] cycle Tehran=18:57 changed=True silent=never -> post (change)
2026-04-30 15:27:30,140 [INFO] cycle result: {'action': 'posted', 'detail': 'change'}
2026-04-30 15:29:07,101 [INFO] pi_jt latest post age: 15.6 min (fresh)
2026-04-30 15:29:07,101 [INFO] pi_jt USD sell post found: 176000 from: دلار فردایی تهران
⏳
176,000 فروش
🔴
2026-04-30 15:29:07,101 [INFO] pi_jt USD final (sell-only): buy=175000 sell=176000 (spread enforced)
2026-04-30 15:29:07,101 [INFO] pi_jt EUR not found, trying fallback sources
2026-04-30 15:29:07,812 [INFO] EUR fallback (after-keyword): 206040 from دلار آمریکا
🇺🇸
176,000
تغییر 1000-▼      %0.56-
یورو
🇪🇺
206,
2026-04-30 15:29:07,812 [INFO] EUR fallback computed: mid=206040 buy=205550 sell=206550
2026-04-30 15:29:07,812 [INFO] Prices fetched: USD buy=175000 sell=176000 (src=pi_jt) | EUR buy=205550 sell=206550 (src=navasanchannel)
2026-04-30 15:29:08,281 [INFO] Wise TRY rates: USD/TRY=45.1850 EUR/TRY=52.9907
2026-04-30 15:29:08,283 [INFO] TRY calculated: 176000.00 / 45.1850 = 3895.10 -> Buy: 3800, Sell: 3900
2026-04-30 15:29:08,283 [INFO] cycle Tehran=18:59 changed=True silent=never -> post (change)
2026-04-30 15:29:08,925 [INFO] cycle result: {'action': 'posted', 'detail': 'change'}
2026-04-30 15:29:28,802 [INFO] pi_jt latest post age: 16.0 min (fresh)
2026-04-30 15:29:28,802 [INFO] pi_jt USD sell post found: 176000 from: دلار فردایی تهران
⏳
176,000 فروش
🔴
2026-04-30 15:29:28,802 [INFO] pi_jt USD final (sell-only): buy=175000 sell=176000 (spread enforced)
2026-04-30 15:29:28,802 [INFO] pi_jt EUR not found, trying fallback sources
2026-04-30 15:29:29,333 [INFO] EUR fallback (after-keyword): 206040 from دلار آمریکا
🇺🇸
176,000
تغییر 1000-▼      %0.56-
یورو
🇪🇺
206,
2026-04-30 15:29:29,333 [INFO] EUR fallback computed: mid=206040 buy=205550 sell=206550
2026-04-30 15:29:29,333 [INFO] Prices fetched: USD buy=175000 sell=176000 (src=pi_jt) | EUR buy=205550 sell=206550 (src=navasanchannel)
2026-04-30 15:29:29,716 [INFO] Wise TRY rates: USD/TRY=45.1850 EUR/TRY=52.9907
2026-04-30 15:29:29,718 [INFO] TRY calculated: 176000.00 / 45.1850 = 3895.10 -> Buy: 3800, Sell: 3900
2026-04-30 15:29:29,718 [INFO] cycle Tehran=18:59 changed=True silent=never -> post (change)
2026-04-30 15:29:30,125 [INFO] cycle result: {'action': 'posted', 'detail': 'change'}
2026-04-30 15:32:48,665 [INFO] pi_jt latest post age: 19.3 min (fresh)
2026-04-30 15:32:48,665 [INFO] pi_jt USD sell post found: 176000 from: دلار فردایی تهران
⏳
176,000 فروش
🔴
2026-04-30 15:32:48,665 [INFO] pi_jt USD final (sell-only): buy=175000 sell=176000 (spread enforced)
2026-04-30 15:32:48,665 [INFO] pi_jt EUR not found, trying fallback sources
2026-04-30 15:32:49,387 [INFO] EUR fallback (sell pattern): 206040 from 💵
دلار آمریکا فروش
🔴
: 176,000 تومان
💵
دلار آمریکا خرید
🔵
: 
2026-04-30 15:32:49,387 [INFO] EUR fallback computed: mid=206040 buy=205550 sell=206550
2026-04-30 15:32:49,387 [INFO] Prices fetched: USD buy=175000 sell=176000 (src=pi_jt) | EUR buy=205550 sell=206550 (src=navasanchannel)
2026-04-30 15:32:49,770 [INFO] Wise TRY rates: USD/TRY=45.1850 EUR/TRY=52.9907
2026-04-30 15:32:49,771 [INFO] TRY calculated: 176000.00 / 45.0000 = 3911.11 -> Buy: 3820, Sell: 3920
2026-04-30 15:32:49,771 [INFO] cycle Tehran=19:02 changed=True silent=never -> post (change)
2026-04-30 15:32:50,457 [INFO] cycle result: {'action': 'posted', 'detail': 'change'}
2026-04-30 15:33:52,962 [WARNING] fetch pi_jt -> HTTP 502
2026-04-30 15:33:52,963 [INFO] pi_jt USD not found, trying fallback sources
2026-04-30 15:33:53,441 [WARNING] fetch dollar_tehran3bze -> HTTP 502
2026-04-30 15:33:53,971 [WARNING] fetch tahran_sabza -> HTTP 502
2026-04-30 15:33:53,972 [INFO] All USD fallbacks failed, trying navasanchannel for USD
2026-04-30 15:33:54,475 [WARNING] fetch navasanchannel -> HTTP 502
2026-04-30 15:33:54,476 [INFO] pi_jt EUR not found, trying fallback sources
2026-04-30 15:33:54,954 [WARNING] fetch navasanchannel -> HTTP 502
2026-04-30 15:33:55,458 [WARNING] fetch irancurrency -> HTTP 502
2026-04-30 15:33:55,459 [WARNING] No fresh price available: usd_source=none eur_source=none — SKIPPING to avoid stale post
2026-04-30 15:33:55,459 [INFO] cycle result: {'action': 'skip', 'detail': 'no_fresh_data'}
2026-04-30 15:37:52,955 [INFO] sulaymaniyah sell post: 176800 from: سلێمانی چوار شەمە
💰
176,800 فروش
🔴
2026-04-30 15:37:52,955 [INFO] sulaymaniyah USD: market=176800 sell=177900 buy=175900
2026-04-30 15:37:53,530 [INFO] pi_jt EUR not found, trying fallback sources
2026-04-30 15:37:54,221 [INFO] EUR fallback (sell pattern): 206040 from 💵
دلار آمریکا فروش
🔴
: 176,000 تومان
💵
دلار آمریکا خرید
🔵
: 
2026-04-30 15:37:54,221 [INFO] EUR fallback computed: mid=206040 buy=205550 sell=206550
2026-04-30 15:37:54,221 [INFO] Prices fetched: USD buy=175900 sell=177900 (src=dollar_sulaymaniyah) | EUR buy=205550 sell=206550 (src=navasanchannel)
2026-04-30 15:37:54,633 [INFO] Wise TRY rates: USD/TRY=45.1848 EUR/TRY=53.0131
2026-04-30 15:37:54,635 [INFO] TRY calculated: 177900.00 / 45.0000 = 3953.33 -> Buy: 3860, Sell: 3960
2026-04-30 15:37:54,635 [INFO] cycle Tehran=19:07 changed=True silent=never -> post (change)
2026-04-30 15:37:55,320 [INFO] cycle result: {'action': 'posted', 'detail': 'change'}
2026-04-30 15:40:51,249 [INFO] sulaymaniyah sell post: 176600 from: سلێمانی چوار شەمە
💰
176,600 فروش
🔴
2026-04-30 15:40:51,250 [INFO] sulaymaniyah USD: market=176600 sell=177700 buy=175700
2026-04-30 15:40:51,834 [INFO] pi_jt EUR not found, trying fallback sources
2026-04-30 15:40:52,541 [INFO] EUR fallback (sell pattern): 206040 from 💵
دلار آمریکا فروش
🔴
: 176,000 تومان
💵
دلار آمریکا خرید
🔵
: 
2026-04-30 15:40:52,541 [INFO] EUR fallback computed: mid=206040 buy=205550 sell=206550
2026-04-30 15:40:52,541 [INFO] Prices fetched: USD buy=175700 sell=177700 (src=dollar_sulaymaniyah) | EUR buy=205550 sell=206550 (src=navasanchannel)
2026-04-30 15:40:53,152 [INFO] Wise TRY rates: USD/TRY=45.1849 EUR/TRY=53.0132
2026-04-30 15:40:53,153 [INFO] TRY calculated: 177700.00 / 45.0000 = 3948.89 -> Buy: 3850, Sell: 3950
2026-04-30 15:40:53,154 [INFO] cycle Tehran=19:10 changed=True silent=never -> post (change)
2026-04-30 15:40:53,830 [INFO] cycle result: {'action': 'posted', 'detail': 'change'}
2026-04-30 16:02:09,078 [INFO] sulaymaniyah sell post: 176700 from: سلێمانی شەمە
💰
176,700 فروش
🔴
2026-04-30 16:02:09,078 [INFO] sulaymaniyah USD: market=176700 sell=177800 buy=175800
2026-04-30 16:02:09,670 [INFO] pi_jt EUR not found, trying fallback sources
2026-04-30 16:02:10,372 [INFO] EUR fallback (sell pattern): 206040 from 💵
دلار آمریکا فروش
🔴
: 176,000 تومان
💵
دلار آمریکا خرید
🔵
: 
2026-04-30 16:02:10,372 [INFO] EUR fallback computed: mid=206040 buy=205550 sell=206550
2026-04-30 16:02:10,372 [INFO] Prices fetched: USD buy=175800 sell=177800 (src=dollar_sulaymaniyah) | EUR buy=205550 sell=206550 (src=navasanchannel)
2026-04-30 16:02:10,772 [INFO] Wise TRY rates: USD/TRY=45.1845 EUR/TRY=52.9946
2026-04-30 16:02:10,774 [INFO] TRY calculated: 177800.00 / 45.0000 = 3951.11 -> Buy: 3860, Sell: 3960
2026-04-30 16:02:10,774 [INFO] cycle Tehran=19:32 changed=True silent=21.3min -> post (change)
2026-04-30 16:02:11,397 [INFO] cycle result: {'action': 'posted', 'detail': 'change'}
2026-04-30 16:34:19,843 [INFO] sulaymaniyah sell post: 176800 from: سلێمانی دوو شەمە
💰
176,800 فروش
🔴
2026-04-30 16:34:19,843 [INFO] sulaymaniyah USD: market=176800 sell=177900 buy=175900
2026-04-30 16:34:20,422 [INFO] pi_jt EUR not found, trying fallback sources
2026-04-30 16:34:21,116 [INFO] EUR fallback (sell pattern): 206380 from 💵
دلار آمریکا فروش
🔴
: 176,000 تومان
💵
دلار آمریکا خرید
🔵
: 
2026-04-30 16:34:21,116 [INFO] EUR fallback computed: mid=206380 buy=205900 sell=206900
2026-04-30 16:34:21,117 [INFO] Prices fetched: USD buy=175900 sell=177900 (src=dollar_sulaymaniyah) | EUR buy=205900 sell=206900 (src=navasanchannel)
2026-04-30 16:34:21,593 [INFO] Wise TRY rates: USD/TRY=45.1846 EUR/TRY=52.9789
2026-04-30 16:34:21,595 [INFO] TRY calculated: 177900.00 / 45.0000 = 3953.33 -> Buy: 3860, Sell: 3960
2026-04-30 16:34:21,595 [INFO] cycle Tehran=20:04 changed=True silent=32.2min -> post (change)
2026-04-30 16:34:22,299 [INFO] cycle result: {'action': 'posted', 'detail': 'change'}
2026-04-30 17:03:39,099 [INFO] sulaymaniyah sell post: 176400 from: سلێمانی چوار شەمە
💰
176,400 فروش
🔴
2026-04-30 17:03:39,099 [INFO] sulaymaniyah USD: market=176400 sell=177500 buy=175500
2026-04-30 17:03:48,994 [INFO] pi_jt EUR not found, trying fallback sources
2026-04-30 17:03:50,009 [INFO] EUR fallback (sell pattern): 206380 from 💵
دلار آمریکا فروش
🔴
: 176,000 تومان
💵
دلار آمریکا خرید
🔵
: 
2026-04-30 17:03:50,009 [INFO] EUR fallback computed: mid=206380 buy=205900 sell=206900
2026-04-30 17:03:50,009 [INFO] Prices fetched: USD buy=175500 sell=177500 (src=dollar_sulaymaniyah) | EUR buy=205900 sell=206900 (src=navasanchannel)
2026-04-30 17:03:50,455 [INFO] Wise TRY rates: USD/TRY=45.1849 EUR/TRY=53.0019
2026-04-30 17:03:50,456 [INFO] TRY calculated: 177500.00 / 45.0000 = 3944.44 -> Buy: 3850, Sell: 3950
2026-04-30 17:03:50,457 [INFO] cycle Tehran=20:33 changed=True silent=29.5min -> post (change)
2026-04-30 17:03:51,007 [INFO] cycle result: {'action': 'posted', 'detail': 'change'}
2026-04-30 17:04:20,601 [INFO] sulaymaniyah sell post: 176400 from: سلێمانی چوار شەمە
💰
176,400 فروش
🔴
2026-04-30 17:04:20,601 [INFO] sulaymaniyah USD: market=176400 sell=177500 buy=175500
2026-04-30 17:04:20,981 [INFO] pi_jt EUR not found, trying fallback sources
2026-04-30 17:04:21,462 [INFO] EUR fallback (sell pattern): 206380 from 💵
دلار آمریکا فروش
🔴
: 176,000 تومان
💵
دلار آمریکا خرید
🔵
: 
2026-04-30 17:04:21,462 [INFO] EUR fallback computed: mid=206380 buy=205900 sell=206900
2026-04-30 17:04:21,462 [INFO] Prices fetched: USD buy=175500 sell=177500 (src=dollar_sulaymaniyah) | EUR buy=205900 sell=206900 (src=navasanchannel)
2026-04-30 17:04:21,792 [INFO] Wise TRY rates: USD/TRY=45.1848 EUR/TRY=52.9973
2026-04-30 17:04:21,794 [INFO] TRY calculated: 177500.00 / 45.0000 = 3944.44 -> Buy: 3850, Sell: 3950
2026-04-30 17:04:21,794 [INFO] cycle Tehran=20:34 changed=False silent=0.8min -> skip (no_change_within_silence_window)
2026-04-30 17:04:21,794 [INFO] cycle result: {'action': 'skip', 'detail': 'no_change_within_silence_window'}
2026-04-30 17:30:50,353 [INFO] sulaymaniyah sell post: 176300 from: سلێمانی شەمە
💰
176,300 فروش
🔴
2026-04-30 17:30:50,353 [INFO] sulaymaniyah USD: market=176300 sell=177400 buy=175400
2026-04-30 17:30:50,894 [INFO] pi_jt EUR not found, trying fallback sources
2026-04-30 17:30:51,584 [INFO] EUR fallback (sell pattern): 205790 from 💵
دلار آمریکا فروش
🔴
: 175,500 تومان
💵
دلار آمریکا خرید
🔵
: 
2026-04-30 17:30:51,585 [INFO] EUR fallback computed: mid=205790 buy=205300 sell=206300
2026-04-30 17:30:51,585 [INFO] Prices fetched: USD buy=175400 sell=177400 (src=dollar_sulaymaniyah) | EUR buy=205300 sell=206300 (src=navasanchannel)
2026-04-30 17:30:52,527 [INFO] Wise TRY rates: USD/TRY=45.1851 EUR/TRY=52.9931
2026-04-30 17:30:52,529 [INFO] TRY calculated: 177400.00 / 45.0000 = 3942.22 -> Buy: 3850, Sell: 3950
2026-04-30 17:30:52,529 [INFO] cycle Tehran=21:00 changed=True silent=27.3min -> post (change)
2026-04-30 17:30:53,165 [INFO] cycle result: {'action': 'posted', 'detail': 'change'}
2026-04-30 18:04:55,658 [INFO] sulaymaniyah sell post: 176300 from: سلێمانی شەمە
💰
176,300 فروش
🔴
2026-04-30 18:04:55,659 [INFO] sulaymaniyah USD: market=176300 sell=177400 buy=175400
2026-04-30 18:04:56,169 [INFO] pi_jt EUR not found, trying fallback sources
2026-04-30 18:04:56,794 [INFO] EUR fallback (sell pattern): 205790 from 💵
دلار آمریکا فروش
🔴
: 175,500 تومان
💵
دلار آمریکا خرید
🔵
: 
2026-04-30 18:04:56,794 [INFO] EUR fallback computed: mid=205790 buy=205300 sell=206300
2026-04-30 18:04:56,794 [INFO] Prices fetched: USD buy=175400 sell=177400 (src=dollar_sulaymaniyah) | EUR buy=205300 sell=206300 (src=navasanchannel)
2026-04-30 18:04:57,524 [INFO] Wise TRY rates: USD/TRY=45.1849 EUR/TRY=52.9906
2026-04-30 18:04:57,526 [INFO] TRY calculated: 177400.00 / 45.0000 = 3942.22 -> Buy: 3850, Sell: 3950
2026-04-30 18:04:57,526 [INFO] cycle Tehran=21:34 changed=False silent=34.1min -> skip (no_change_within_silence_window)
2026-04-30 18:04:57,527 [INFO] cycle result: {'action': 'skip', 'detail': 'no_change_within_silence_window'}
2026-04-30 18:32:53,025 [INFO] sulaymaniyah sell post: 176300 from: سلێمانی شەمە
💰
176,300 فروش
🔴
2026-04-30 18:32:53,025 [INFO] sulaymaniyah USD: market=176300 sell=177400 buy=175400
2026-04-30 18:32:53,601 [INFO] pi_jt EUR not found, trying fallback sources
2026-04-30 18:32:54,317 [INFO] EUR fallback (sell pattern): 205790 from 💵
دلار آمریکا فروش
🔴
: 175,500 تومان
💵
دلار آمریکا خرید
🔵
: 
2026-04-30 18:32:54,317 [INFO] EUR fallback computed: mid=205790 buy=205300 sell=206300
2026-04-30 18:32:54,317 [INFO] Prices fetched: USD buy=175400 sell=177400 (src=dollar_sulaymaniyah) | EUR buy=205300 sell=206300 (src=navasanchannel)
2026-04-30 18:32:54,735 [INFO] Wise TRY rates: USD/TRY=45.1849 EUR/TRY=53.0041
2026-04-30 18:32:54,737 [INFO] TRY calculated: 177400.00 / 45.0000 = 3942.22 -> Buy: 3850, Sell: 3950
2026-04-30 18:32:54,738 [INFO] cycle Tehran=22:02 changed=False silent=62.1min -> post (silence_limit)
2026-04-30 18:32:55,384 [INFO] cycle result: {'action': 'posted', 'detail': 'silence_limit'}
2026-04-30 20:45:13,473 [INFO] outside working hours (Tehran 00:15); sleeping
2026-04-30 20:45:13,473 [INFO] cycle result: {'action': 'idle', 'detail': 'outside_working_hours'}
2026-04-30 23:38:29,650 [INFO] outside working hours (Tehran 03:08); sleeping
2026-04-30 23:38:29,650 [INFO] cycle result: {'action': 'idle', 'detail': 'outside_working_hours'}
2026-05-01 03:05:51,010 [INFO] outside working hours (Tehran 06:35); sleeping
2026-05-01 03:05:51,011 [INFO] cycle result: {'action': 'idle', 'detail': 'outside_working_hours'}
2026-05-01 03:32:52,112 [INFO] outside working hours (Tehran 07:02); sleeping
2026-05-01 03:32:52,113 [INFO] cycle result: {'action': 'idle', 'detail': 'outside_working_hours'}
2026-05-01 04:04:21,658 [INFO] outside working hours (Tehran 07:34); sleeping
2026-05-01 04:04:21,658 [INFO] cycle result: {'action': 'idle', 'detail': 'outside_working_hours'}
2026-05-01 04:30:37,443 [INFO] outside working hours (Tehran 08:00); sleeping
2026-05-01 04:30:37,444 [INFO] cycle result: {'action': 'idle', 'detail': 'outside_working_hours'}
2026-05-01 05:02:59,774 [INFO] outside working hours (Tehran 08:32); sleeping
2026-05-01 05:02:59,775 [INFO] cycle result: {'action': 'idle', 'detail': 'outside_working_hours'}
2026-05-01 05:32:49,309 [INFO] sulaymaniyah sell post: 176300 from: سلێمانی شەمە
💰
176,300 فروش
🔴
2026-05-01 05:32:49,309 [INFO] sulaymaniyah USD: market=176300 sell=177400 buy=175400
2026-05-01 05:32:49,665 [INFO] pi_jt EUR not found, trying fallback sources
2026-05-01 05:32:50,094 [INFO] EUR fallback (sell pattern): 205790 from 💵
دلار آمریکا فروش
🔴
: 175,500 تومان
💵
دلار آمریکا خرید
🔵
: 
2026-05-01 05:32:50,094 [INFO] EUR fallback computed: mid=205790 buy=205300 sell=206300
2026-05-01 05:32:50,094 [INFO] Prices fetched: USD buy=175400 sell=177400 (src=dollar_sulaymaniyah) | EUR buy=205300 sell=206300 (src=navasanchannel)
2026-05-01 05:32:50,399 [INFO] Wise TRY rates: USD/TRY=45.1565 EUR/TRY=52.9437
2026-05-01 05:32:50,401 [INFO] TRY calculated: 177400.00 / 45.0000 = 3942.22 -> Buy: 3850, Sell: 3950
2026-05-01 05:32:50,401 [INFO] cycle Tehran=09:02 changed=False silent=660.0min -> post (silence_limit)
2026-05-01 05:32:50,857 [INFO] cycle result: {'action': 'posted', 'detail': 'silence_limit'}
2026-05-01 06:06:25,956 [INFO] sulaymaniyah sell post: 176300 from: سلێمانی شەمە
💰
176,300 فروش
🔴
2026-05-01 06:06:25,956 [INFO] sulaymaniyah USD: market=176300 sell=177400 buy=175400
2026-05-01 06:06:26,528 [INFO] pi_jt EUR not found, trying fallback sources
2026-05-01 06:06:27,199 [INFO] EUR fallback (sell pattern): 205790 from 💵
دلار آمریکا فروش
🔴
: 175,500 تومان
💵
دلار آمریکا خرید
🔵
: 
2026-05-01 06:06:27,199 [INFO] EUR fallback computed: mid=205790 buy=205300 sell=206300
2026-05-01 06:06:27,199 [INFO] Prices fetched: USD buy=175400 sell=177400 (src=dollar_sulaymaniyah) | EUR buy=205300 sell=206300 (src=navasanchannel)
2026-05-01 06:06:27,686 [INFO] Wise TRY rates: USD/TRY=45.1782 EUR/TRY=52.9579
2026-05-01 06:06:27,688 [INFO] TRY calculated: 177400.00 / 45.0000 = 3942.22 -> Buy: 3850, Sell: 3950
2026-05-01 06:06:27,689 [INFO] cycle Tehran=09:36 changed=False silent=33.6min -> skip (no_change_within_silence_window)
2026-05-01 06:06:27,689 [INFO] cycle result: {'action': 'skip', 'detail': 'no_change_within_silence_window'}
2026-05-01 06:31:54,249 [INFO] sulaymaniyah sell post: 176300 from: سلێمانی شەمە
💰
176,300 فروش
🔴
2026-05-01 06:31:54,249 [INFO] sulaymaniyah USD: market=176300 sell=177400 buy=175400
2026-05-01 06:31:54,606 [INFO] pi_jt EUR not found, trying fallback sources
2026-05-01 06:31:55,054 [INFO] EUR fallback (after-keyword): 205790 from دلار آمریکا
🇺🇸
175,500
تغییر 0◄      %0.00
یورو
🇪🇺
205,790
ت
2026-05-01 06:31:55,054 [INFO] EUR fallback computed: mid=205790 buy=205300 sell=206300
2026-05-01 06:31:55,054 [INFO] Prices fetched: USD buy=175400 sell=177400 (src=dollar_sulaymaniyah) | EUR buy=205300 sell=206300 (src=navasanchannel)
2026-05-01 06:31:55,457 [INFO] Wise TRY rates: USD/TRY=45.1822 EUR/TRY=52.9535
2026-05-01 06:31:55,458 [INFO] TRY calculated: 177400.00 / 45.0000 = 3942.22 -> Buy: 3850, Sell: 3950
2026-05-01 06:31:55,459 [INFO] cycle Tehran=10:01 changed=False silent=59.1min -> post (silence_limit)
2026-05-01 06:31:55,870 [INFO] cycle result: {'action': 'posted', 'detail': 'silence_limit'}
2026-05-01 07:02:09,511 [INFO] sulaymaniyah sell post: 176300 from: سلێمانی شەمە
💰
176,300 فروش
🔴
2026-05-01 07:02:09,512 [INFO] sulaymaniyah USD: market=176300 sell=177400 buy=175400
2026-05-01 07:02:10,133 [INFO] pi_jt EUR not found, trying fallback sources
2026-05-01 07:02:10,838 [INFO] EUR fallback (after-keyword): 205790 from دلار آمریکا
🇺🇸
175,500
تغییر 0◄      %0.00
یورو
🇪🇺
205,790
ت
2026-05-01 07:02:10,838 [INFO] EUR fallback computed: mid=205790 buy=205300 sell=206300
2026-05-01 07:02:10,838 [INFO] Prices fetched: USD buy=175400 sell=177400 (src=dollar_sulaymaniyah) | EUR buy=205300 sell=206300 (src=navasanchannel)
2026-05-01 07:02:11,381 [INFO] Wise TRY rates: USD/TRY=45.1799 EUR/TRY=53.0141
2026-05-01 07:02:11,383 [INFO] TRY calculated: 177400.00 / 45.0000 = 3942.22 -> Buy: 3850, Sell: 3950
2026-05-01 07:02:11,383 [INFO] cycle Tehran=10:32 changed=False silent=30.3min -> skip (no_change_within_silence_window)
2026-05-01 07:02:11,384 [INFO] cycle result: {'action': 'skip', 'detail': 'no_change_within_silence_window'}
2026-05-01 07:34:10,088 [INFO] sulaymaniyah sell post: 176300 from: سلێمانی شەمە
💰
176,300 فروش
🔴
2026-05-01 07:34:10,088 [INFO] sulaymaniyah USD: market=176300 sell=177400 buy=175400
2026-05-01 07:34:10,485 [INFO] pi_jt EUR not found, trying fallback sources
2026-05-01 07:34:10,980 [INFO] EUR fallback (after-keyword): 205790 from دلار آمریکا
🇺🇸
175,500
تغییر 0◄      %0.00
یورو
🇪🇺
205,790
ت
2026-05-01 07:34:10,980 [INFO] EUR fallback computed: mid=205790 buy=205300 sell=206300
2026-05-01 07:34:10,980 [INFO] Prices fetched: USD buy=175400 sell=177400 (src=dollar_sulaymaniyah) | EUR buy=205300 sell=206300 (src=navasanchannel)
2026-05-01 07:34:11,352 [INFO] Wise TRY rates: USD/TRY=45.1793 EUR/TRY=53.0292
2026-05-01 07:34:11,353 [INFO] TRY calculated: 177400.00 / 45.0000 = 3942.22 -> Buy: 3850, Sell: 3950
2026-05-01 07:34:11,354 [INFO] cycle Tehran=11:04 changed=False silent=62.3min -> post (silence_limit)
2026-05-01 07:34:11,803 [INFO] cycle result: {'action': 'posted', 'detail': 'silence_limit'}
2026-05-01 08:04:30,484 [INFO] sulaymaniyah sell post: 176300 from: سلێمانی شەمە
💰
176,300 فروش
🔴
2026-05-01 08:04:30,484 [INFO] sulaymaniyah USD: market=176300 sell=177400 buy=175400
2026-05-01 08:04:30,915 [INFO] pi_jt EUR not found, trying fallback sources
2026-05-01 08:04:31,403 [INFO] EUR fallback (after-keyword): 205790 from دلار آمریکا
🇺🇸
175,500
تغییر 0◄      %0.00
یورو
🇪🇺
205,790
ت
2026-05-01 08:04:31,404 [INFO] EUR fallback computed: mid=205790 buy=205300 sell=206300
2026-05-01 08:04:31,404 [INFO] Prices fetched: USD buy=175400 sell=177400 (src=dollar_sulaymaniyah) | EUR buy=205300 sell=206300 (src=navasanchannel)
2026-05-01 08:04:31,839 [INFO] Wise TRY rates: USD/TRY=45.1807 EUR/TRY=53.0308
2026-05-01 08:04:31,840 [INFO] TRY calculated: 177400.00 / 45.0000 = 3942.22 -> Buy: 3850, Sell: 3950
2026-05-01 08:04:31,841 [INFO] cycle Tehran=11:34 changed=False silent=30.4min -> skip (no_change_within_silence_window)
2026-05-01 08:04:31,841 [INFO] cycle result: {'action': 'skip', 'detail': 'no_change_within_silence_window'}
2026-05-01 08:34:43,891 [INFO] sulaymaniyah sell post: 176300 from: سلێمانی شەمە
💰
176,300 فروش
🔴
2026-05-01 08:34:43,891 [INFO] sulaymaniyah USD: market=176300 sell=177400 buy=175400
2026-05-01 08:34:44,326 [INFO] pi_jt EUR not found, trying fallback sources
2026-05-01 08:34:44,823 [INFO] EUR fallback (after-keyword): 205790 from دلار آمریکا
🇺🇸
175,500
تغییر 0◄      %0.00
یورو
🇪🇺
205,790
ت
2026-05-01 08:34:44,824 [INFO] EUR fallback computed: mid=205790 buy=205300 sell=206300
2026-05-01 08:34:44,824 [INFO] Prices fetched: USD buy=175400 sell=177400 (src=dollar_sulaymaniyah) | EUR buy=205300 sell=206300 (src=navasanchannel)
2026-05-01 08:34:45,258 [INFO] Wise TRY rates: USD/TRY=45.1798 EUR/TRY=53.0637
2026-05-01 08:34:45,260 [INFO] TRY calculated: 177400.00 / 45.0000 = 3942.22 -> Buy: 3850, Sell: 3950
2026-05-01 08:34:45,260 [INFO] cycle Tehran=12:04 changed=False silent=60.6min -> post (silence_limit)
2026-05-01 08:34:45,699 [INFO] cycle result: {'action': 'posted', 'detail': 'silence_limit'}
2026-05-01 09:01:52,245 [INFO] sulaymaniyah sell post: 176300 from: سلێمانی شەمە
💰
176,300 فروش
🔴
2026-05-01 09:01:52,245 [INFO] sulaymaniyah USD: market=176300 sell=177400 buy=175400
2026-05-01 09:01:52,810 [INFO] pi_jt EUR not found, trying fallback sources
2026-05-01 09:01:53,477 [INFO] EUR fallback (after-keyword): 205790 from دلار آمریکا
🇺🇸
175,500
تغییر 0◄      %0.00
یورو
🇪🇺
205,790
ت
2026-05-01 09:01:53,477 [INFO] EUR fallback computed: mid=205790 buy=205300 sell=206300
2026-05-01 09:01:53,477 [INFO] Prices fetched: USD buy=175400 sell=177400 (src=dollar_sulaymaniyah) | EUR buy=205300 sell=206300 (src=navasanchannel)
2026-05-01 09:01:53,979 [INFO] Wise TRY rates: USD/TRY=45.1789 EUR/TRY=53.0513
2026-05-01 09:01:53,981 [INFO] TRY calculated: 177400.00 / 45.0000 = 3942.22 -> Buy: 3850, Sell: 3950
2026-05-01 09:01:53,982 [INFO] cycle Tehran=12:31 changed=False silent=27.2min -> skip (no_change_within_silence_window)
2026-05-01 09:01:53,982 [INFO] cycle result: {'action': 'skip', 'detail': 'no_change_within_silence_window'}
2026-05-01 09:30:41,813 [INFO] sulaymaniyah sell post: 176300 from: سلێمانی شەمە
💰
176,300 فروش
🔴
2026-05-01 09:30:41,813 [INFO] sulaymaniyah USD: market=176300 sell=177400 buy=175400
2026-05-01 09:30:42,371 [INFO] pi_jt EUR not found, trying fallback sources
2026-05-01 09:30:42,988 [INFO] EUR fallback (after-keyword): 205790 from دلار آمریکا
🇺🇸
175,500
تغییر 0◄      %0.00
یورو
🇪🇺
205,790
ت
2026-05-01 09:30:42,988 [INFO] EUR fallback computed: mid=205790 buy=205300 sell=206300
2026-05-01 09:30:42,988 [INFO] Prices fetched: USD buy=175400 sell=177400 (src=dollar_sulaymaniyah) | EUR buy=205300 sell=206300 (src=navasanchannel)
2026-05-01 09:30:43,493 [INFO] Wise TRY rates: USD/TRY=45.1799 EUR/TRY=53.0141
2026-05-01 09:30:43,494 [INFO] TRY calculated: 177400.00 / 45.0000 = 3942.22 -> Buy: 3850, Sell: 3950
2026-05-01 09:30:43,495 [INFO] cycle Tehran=13:00 changed=False silent=56.0min -> post (silence_limit)
2026-05-01 09:30:44,043 [INFO] cycle result: {'action': 'posted', 'detail': 'silence_limit'}
2026-05-01 10:04:10,217 [INFO] sulaymaniyah sell post: 176300 from: سلێمانی شەمە
💰
176,300 فروش
🔴
2026-05-01 10:04:10,217 [INFO] sulaymaniyah USD: market=176300 sell=177400 buy=175400
2026-05-01 10:04:10,632 [INFO] pi_jt EUR not found, trying fallback sources
2026-05-01 10:04:11,120 [INFO] EUR fallback (after-keyword): 205790 from دلار آمریکا
🇺🇸
175,500
تغییر 0◄      %0.00
یورو
🇪🇺
205,790
ت
2026-05-01 10:04:11,120 [INFO] EUR fallback computed: mid=205790 buy=205300 sell=206300
2026-05-01 10:04:11,121 [INFO] Prices fetched: USD buy=175400 sell=177400 (src=dollar_sulaymaniyah) | EUR buy=205300 sell=206300 (src=navasanchannel)
2026-05-01 10:04:11,463 [INFO] Wise TRY rates: USD/TRY=45.1815 EUR/TRY=53.0092
2026-05-01 10:04:11,465 [INFO] TRY calculated: 177400.00 / 45.0000 = 3942.22 -> Buy: 3850, Sell: 3950
2026-05-01 10:04:11,465 [INFO] cycle Tehran=13:34 changed=False silent=33.5min -> skip (no_change_within_silence_window)
2026-05-01 10:04:11,466 [INFO] cycle result: {'action': 'skip', 'detail': 'no_change_within_silence_window'}
2026-05-01 10:34:09,481 [INFO] sulaymaniyah sell post: 176300 from: سلێمانی شەمە
💰
176,300 فروش
🔴
2026-05-01 10:34:09,481 [INFO] sulaymaniyah USD: market=176300 sell=177400 buy=175400
2026-05-01 10:34:09,891 [INFO] pi_jt EUR sell post found: 203000 from: یورو تـهران فردایی
💸
:
🔵
203,000
خریـــدار
🔴
204,000
فروشنده
2026-05-01 10:34:09,891 [INFO] pi_jt EUR final (sell-only): buy=202000 sell=203000 (spread enforced)
2026-05-01 10:34:09,891 [INFO] Prices fetched: USD buy=175400 sell=177400 (src=dollar_sulaymaniyah) | EUR buy=202000 sell=203000 (src=pi_jt)
2026-05-01 10:34:10,385 [INFO] Wise TRY rates: USD/TRY=45.1830 EUR/TRY=53.0584
2026-05-01 10:34:10,386 [INFO] TRY calculated: 177400.00 / 45.0000 = 3942.22 -> Buy: 3850, Sell: 3950
2026-05-01 10:34:10,386 [INFO] cycle Tehran=14:04 changed=True silent=63.5min -> post (change)
2026-05-01 10:34:10,887 [INFO] cycle result: {'action': 'posted', 'detail': 'change'}
2026-05-01 10:54:05,483 [INFO] sulaymaniyah sell post: 176300 from: سلێمانی شەمە
💰
176,300 فروش
🔴
2026-05-01 10:54:05,483 [INFO] sulaymaniyah USD: market=176300 sell=177400 buy=175400
2026-05-01 10:54:05,824 [INFO] pi_jt EUR sell post found: 203000 from: یورو تـهران فردایی
💸
:
🔵
203,000
خریـــدار
🔴
204,000
فروشنده
2026-05-01 10:54:05,824 [INFO] pi_jt EUR final (sell-only): buy=202000 sell=203000 (spread enforced)
2026-05-01 10:54:05,824 [INFO] Prices fetched: USD buy=175400 sell=177400 (src=dollar_sulaymaniyah) | EUR buy=202000 sell=203000 (src=pi_jt)
2026-05-01 10:54:06,219 [INFO] Wise TRY rates: USD/TRY=45.1822 EUR/TRY=53.0620
2026-05-01 10:54:06,221 [INFO] TRY calculated: 177400.00 / 45.0000 = 3942.22 -> Buy: 3850, Sell: 3950
2026-05-01 10:54:06,221 [INFO] cycle Tehran=14:24 changed=False silent=20.0min -> skip (no_change_within_silence_window)
2026-05-01 10:54:06,221 [INFO] cycle result: {'action': 'skip', 'detail': 'no_change_within_silence_window'}
2026-05-01 11:05:51,390 [INFO] sulaymaniyah sell post: 176300 from: سلێمانی شەمە
💰
176,300 فروش
🔴
2026-05-01 11:05:51,390 [INFO] sulaymaniyah USD: market=176300 sell=177400 buy=175400
2026-05-01 11:05:51,970 [INFO] pi_jt EUR sell post found: 203000 from: یورو تـهران فردایی
💸
:
🔵
203,000
خریـــدار
🔴
204,000
فروشنده
2026-05-01 11:05:51,970 [INFO] pi_jt EUR final (sell-only): buy=202000 sell=203000 (spread enforced)
2026-05-01 11:05:51,970 [INFO] Prices fetched: USD buy=175400 sell=177400 (src=dollar_sulaymaniyah) | EUR buy=202000 sell=203000 (src=pi_jt)
2026-05-01 11:05:52,434 [INFO] Wise TRY rates: USD/TRY=45.1820 EUR/TRY=53.0708
2026-05-01 11:05:52,436 [INFO] TRY calculated: 177400.00 / 45.0000 = 3942.22 -> Buy: 3850, Sell: 3950
2026-05-01 11:05:52,436 [INFO] cycle Tehran=14:35 changed=False silent=31.7min -> skip (no_change_within_silence_window)
2026-05-01 11:05:52,436 [INFO] cycle result: {'action': 'skip', 'detail': 'no_change_within_silence_window'}
2026-05-01 11:32:50,694 [INFO] sulaymaniyah sell post: 176300 from: سلێمانی شەمە
💰
176,300 فروش
🔴
2026-05-01 11:32:50,694 [INFO] sulaymaniyah USD: market=176300 sell=177400 buy=175400
2026-05-01 11:32:51,216 [INFO] pi_jt EUR sell post found: 203000 from: یورو تـهران فردایی
💸
:
🔵
203,000
خریـــدار
🔴
204,000
فروشنده
2026-05-01 11:32:51,216 [INFO] pi_jt EUR final (sell-only): buy=202000 sell=203000 (spread enforced)
2026-05-01 11:32:51,216 [INFO] Prices fetched: USD buy=175400 sell=177400 (src=dollar_sulaymaniyah) | EUR buy=202000 sell=203000 (src=pi_jt)
2026-05-01 11:32:51,763 [INFO] Wise TRY rates: USD/TRY=45.1819 EUR/TRY=53.1158
2026-05-01 11:32:51,765 [INFO] TRY calculated: 177400.00 / 45.0000 = 3942.22 -> Buy: 3850, Sell: 3950
2026-05-01 11:32:51,765 [INFO] cycle Tehran=15:02 changed=False silent=58.7min -> post (silence_limit)
2026-05-01 11:32:52,306 [INFO] cycle result: {'action': 'posted', 'detail': 'silence_limit'}
2026-05-01 12:02:04,779 [INFO] sulaymaniyah sell post: 176300 from: سلێمانی شەمە
💰
176,300 فروش
🔴
2026-05-01 12:02:04,779 [INFO] sulaymaniyah USD: market=176300 sell=177400 buy=175400
2026-05-01 12:02:05,316 [INFO] pi_jt EUR sell post found: 203000 from: یورو تـهران فردایی
💸
:
🔵
203,000
خریـــدار
🔴
204,000
فروشنده
2026-05-01 12:02:05,316 [INFO] pi_jt EUR final (sell-only): buy=202000 sell=203000 (spread enforced)
2026-05-01 12:02:05,316 [INFO] Prices fetched: USD buy=175400 sell=177400 (src=dollar_sulaymaniyah) | EUR buy=202000 sell=203000 (src=pi_jt)
2026-05-01 12:02:05,860 [INFO] Wise TRY rates: USD/TRY=45.1813 EUR/TRY=53.0971
2026-05-01 12:02:05,861 [INFO] TRY calculated: 177400.00 / 45.0000 = 3942.22 -> Buy: 3850, Sell: 3950
2026-05-01 12:02:05,862 [INFO] cycle Tehran=15:32 changed=False silent=29.3min -> skip (no_change_within_silence_window)
2026-05-01 12:02:05,862 [INFO] cycle result: {'action': 'skip', 'detail': 'no_change_within_silence_window'}
2026-05-01 12:33:59,681 [INFO] sulaymaniyah sell post: 176300 from: سلێمانی شەمە
💰
176,300 فروش
🔴
2026-05-01 12:33:59,681 [INFO] sulaymaniyah USD: market=176300 sell=177400 buy=175400
2026-05-01 12:34:00,200 [INFO] pi_jt EUR sell post found: 203000 from: یورو تـهران فردایی
💸
:
🔵
203,000
خریـــدار
🔴
204,000
فروشنده
2026-05-01 12:34:00,200 [INFO] pi_jt EUR final (sell-only): buy=202000 sell=203000 (spread enforced)
2026-05-01 12:34:00,200 [INFO] Prices fetched: USD buy=175400 sell=177400 (src=dollar_sulaymaniyah) | EUR buy=202000 sell=203000 (src=pi_jt)
2026-05-01 12:34:00,715 [INFO] Wise TRY rates: USD/TRY=45.1771 EUR/TRY=53.1531
2026-05-01 12:34:00,717 [INFO] TRY calculated: 177400.00 / 45.0000 = 3942.22 -> Buy: 3850, Sell: 3950
2026-05-01 12:34:00,718 [INFO] cycle Tehran=16:03 changed=False silent=61.2min -> post (silence_limit)
2026-05-01 12:34:01,291 [INFO] cycle result: {'action': 'posted', 'detail': 'silence_limit'}
2026-05-01 13:06:31,701 [INFO] sulaymaniyah sell post: 176300 from: سلێمانی شەمە
💰
176,300 فروش
🔴
2026-05-01 13:06:31,701 [INFO] sulaymaniyah USD: market=176300 sell=177400 buy=175400
2026-05-01 13:06:32,071 [INFO] pi_jt EUR sell post found: 203000 from: یورو تـهران فردایی
💸
:
🔵
203,000
خریـــدار
🔴
204,000
فروشنده
2026-05-01 13:06:32,071 [INFO] pi_jt EUR final (sell-only): buy=202000 sell=203000 (spread enforced)
2026-05-01 13:06:32,071 [INFO] Prices fetched: USD buy=175400 sell=177400 (src=dollar_sulaymaniyah) | EUR buy=202000 sell=203000 (src=pi_jt)
2026-05-01 13:06:32,403 [INFO] Wise TRY rates: USD/TRY=45.1806 EUR/TRY=53.1279
2026-05-01 13:06:32,405 [INFO] TRY calculated: 177400.00 / 45.0000 = 3942.22 -> Buy: 3850, Sell: 3950
2026-05-01 13:06:32,405 [INFO] cycle Tehran=16:36 changed=False silent=32.6min -> skip (no_change_within_silence_window)
2026-05-01 13:06:32,406 [INFO] cycle result: {'action': 'skip', 'detail': 'no_change_within_silence_window'}
2026-05-01 13:35:08,966 [INFO] sulaymaniyah sell post: 176500 from: سلێمانی چوار شەمە
💰
176,500 فروش
🔴
2026-05-01 13:35:08,967 [INFO] sulaymaniyah USD: market=176500 sell=177600 buy=175600
2026-05-01 13:35:09,318 [INFO] pi_jt EUR sell post found: 203000 from: یورو تـهران فردایی
💸
:
🔵
203,000
خریـــدار
🔴
204,000
فروشنده
2026-05-01 13:35:09,319 [INFO] pi_jt EUR final (sell-only): buy=202000 sell=203000 (spread enforced)
2026-05-01 13:35:09,319 [INFO] Prices fetched: USD buy=175600 sell=177600 (src=dollar_sulaymaniyah) | EUR buy=202000 sell=203000 (src=pi_jt)
2026-05-01 13:35:09,660 [INFO] Wise TRY rates: USD/TRY=45.1804 EUR/TRY=53.1231
2026-05-01 13:35:09,661 [INFO] TRY calculated: 177600.00 / 45.0000 = 3946.67 -> Buy: 3850, Sell: 3950
2026-05-01 13:35:09,662 [INFO] cycle Tehran=17:05 changed=True silent=61.2min -> post (change)
2026-05-01 13:35:10,041 [INFO] cycle result: {'action': 'posted', 'detail': 'change'}
2026-05-01 14:05:43,746 [INFO] sulaymaniyah sell post: 176400 from: سلێمانی فردایی
💰
176,400 فروش
🔴
2026-05-01 14:05:43,746 [INFO] sulaymaniyah USD: market=176400 sell=177500 buy=175500
2026-05-01 14:05:44,133 [INFO] pi_jt EUR sell post found: 203000 from: یورو تـهران فردایی
💸
:
🔵
203,000
خریـــدار
🔴
204,000
فروشنده
2026-05-01 14:05:44,133 [INFO] pi_jt EUR final (sell-only): buy=202000 sell=203000 (spread enforced)
2026-05-01 14:05:44,133 [INFO] Prices fetched: USD buy=175500 sell=177500 (src=dollar_sulaymaniyah) | EUR buy=202000 sell=203000 (src=pi_jt)
2026-05-01 14:05:44,497 [INFO] Wise TRY rates: USD/TRY=45.1693 EUR/TRY=53.1778
2026-05-01 14:05:44,499 [INFO] TRY calculated: 177500.00 / 45.0000 = 3944.44 -> Buy: 3850, Sell: 3950
2026-05-01 14:05:44,499 [INFO] cycle Tehran=17:35 changed=True silent=30.6min -> post (change)
2026-05-01 14:05:44,891 [INFO] cycle result: {'action': 'posted', 'detail': 'change'}
2026-05-01 14:35:21,148 [INFO] sulaymaniyah sell post: 175200 from: سلێمانی چوار شەمە
💰
175,200 فروش
🔴
2026-05-01 14:35:21,148 [INFO] sulaymaniyah USD: market=175200 sell=176300 buy=174300
2026-05-01 14:35:21,581 [INFO] pi_jt EUR sell post found: 203000 from: یورو تـهران فردایی
💸
:
🔵
203,000
خریـــدار
🔴
204,000
فروشنده
2026-05-01 14:35:21,581 [INFO] pi_jt EUR final (sell-only): buy=202000 sell=203000 (spread enforced)
2026-05-01 14:35:21,581 [INFO] Prices fetched: USD buy=174300 sell=176300 (src=dollar_sulaymaniyah) | EUR buy=202000 sell=203000 (src=pi_jt)
2026-05-01 14:35:21,929 [INFO] Wise TRY rates: USD/TRY=45.1680 EUR/TRY=53.1944
2026-05-01 14:35:21,931 [INFO] TRY calculated: 176300.00 / 45.0000 = 3917.78 -> Buy: 3820, Sell: 3920
2026-05-01 14:35:21,931 [INFO] cycle Tehran=18:05 changed=True silent=29.6min -> post (change)
2026-05-01 14:35:22,368 [INFO] cycle result: {'action': 'posted', 'detail': 'change'}
2026-05-01 14:39:39,447 [INFO] sulaymaniyah sell post: 175200 from: سلێمانی چوار شەمە
💰
175,200 فروش
🔴
2026-05-01 14:39:39,447 [INFO] sulaymaniyah USD: market=175200 sell=176300 buy=174300
2026-05-01 14:39:40,018 [INFO] pi_jt EUR sell post found: 203000 from: یورو تـهران فردایی
💸
:
🔵
203,000
خریـــدار
🔴
204,000
فروشنده
2026-05-01 14:39:40,018 [INFO] pi_jt EUR final (sell-only): buy=202000 sell=203000 (spread enforced)
2026-05-01 14:39:40,018 [INFO] Prices fetched: USD buy=174300 sell=176300 (src=dollar_sulaymaniyah) | EUR buy=202000 sell=203000 (src=pi_jt)
2026-05-01 14:39:40,441 [INFO] Wise TRY rates: USD/TRY=45.1679 EUR/TRY=53.1762
2026-05-01 14:39:40,443 [INFO] TRY calculated: 176300.00 / 45.0000 = 3917.78 -> Buy: 3820, Sell: 3920
2026-05-01 14:39:40,443 [INFO] cycle Tehran=18:09 changed=False silent=4.3min -> skip (no_change_within_silence_window)
2026-05-01 14:39:40,443 [INFO] cycle result: {'action': 'skip', 'detail': 'no_change_within_silence_window'}
2026-05-01 15:06:10,579 [INFO] sulaymaniyah sell post: 175500 from: سلێمانی پسفردایی
💰
175,500 فروش
🔴
2026-05-01 15:06:10,579 [INFO] sulaymaniyah USD: market=175500 sell=176600 buy=174600
2026-05-01 15:06:10,959 [INFO] pi_jt EUR sell post found: 203000 from: یورو تـهران فردایی
💸
:
🔵
203,000
خریـــدار
🔴
204,000
فروشنده
2026-05-01 15:06:10,959 [INFO] pi_jt EUR final (sell-only): buy=202000 sell=203000 (spread enforced)
2026-05-01 15:06:10,960 [INFO] Prices fetched: USD buy=174600 sell=176600 (src=dollar_sulaymaniyah) | EUR buy=202000 sell=203000 (src=pi_jt)
2026-05-01 15:06:11,392 [INFO] Wise TRY rates: USD/TRY=45.1707 EUR/TRY=53.1478
2026-05-01 15:06:11,393 [INFO] TRY calculated: 176600.00 / 45.0000 = 3924.44 -> Buy: 3830, Sell: 3930
2026-05-01 15:06:11,394 [INFO] cycle Tehran=18:36 changed=True silent=30.8min -> post (change)
2026-05-01 15:06:11,791 [INFO] cycle result: {'action': 'posted', 'detail': 'change'}
2026-05-01 15:35:40,300 [INFO] sulaymaniyah sell post: 175800 from: سلێمانی فردایی
💰
175,800 فروش
🔴
2026-05-01 15:35:40,300 [INFO] sulaymaniyah USD: market=175800 sell=176900 buy=174900
2026-05-01 15:35:40,687 [INFO] pi_jt EUR sell post found: 203000 from: یورو تـهران فردایی
💸
:
🔵
203,000
خریـــدار
🔴
204,000
فروشنده
2026-05-01 15:35:40,687 [INFO] pi_jt EUR final (sell-only): buy=202000 sell=203000 (spread enforced)
2026-05-01 15:35:40,687 [INFO] Prices fetched: USD buy=174900 sell=176900 (src=dollar_sulaymaniyah) | EUR buy=202000 sell=203000 (src=pi_jt)
2026-05-01 15:35:41,110 [INFO] Wise TRY rates: USD/TRY=45.1790 EUR/TRY=53.1486
2026-05-01 15:35:41,111 [INFO] TRY calculated: 176900.00 / 45.0000 = 3931.11 -> Buy: 3840, Sell: 3940
2026-05-01 15:35:41,112 [INFO] cycle Tehran=19:05 changed=True silent=29.5min -> post (change)
2026-05-01 15:35:41,520 [INFO] cycle result: {'action': 'posted', 'detail': 'change'}
2026-05-01 16:02:30,558 [INFO] sulaymaniyah sell post: 176300 from: سلێمانی فردایی
💰
176,300 فروش
🔴
2026-05-01 16:02:30,558 [INFO] sulaymaniyah USD: market=176300 sell=177400 buy=175400
2026-05-01 16:02:31,140 [INFO] pi_jt EUR sell post found: 203000 from: یورو تـهران فردایی
💸
:
🔵
203,000
خریـــدار
🔴
204,000
فروشنده
2026-05-01 16:02:31,140 [INFO] pi_jt EUR final (sell-only): buy=202000 sell=203000 (spread enforced)
2026-05-01 16:02:31,141 [INFO] Prices fetched: USD buy=175400 sell=177400 (src=dollar_sulaymaniyah) | EUR buy=202000 sell=203000 (src=pi_jt)
2026-05-01 16:02:31,695 [INFO] Wise TRY rates: USD/TRY=45.1664 EUR/TRY=53.0931
2026-05-01 16:02:31,696 [INFO] TRY calculated: 177400.00 / 45.0000 = 3942.22 -> Buy: 3850, Sell: 3950
2026-05-01 16:02:31,697 [INFO] cycle Tehran=19:32 changed=True silent=26.9min -> post (change)
2026-05-01 16:02:32,259 [INFO] cycle result: {'action': 'posted', 'detail': 'change'}
2026-05-01 16:32:57,471 [INFO] sulaymaniyah sell post: 176000 from: سلێمانی چوار شەمە
💰
176,000 فروش
🔴
2026-05-01 16:32:57,471 [INFO] sulaymaniyah USD: market=176000 sell=177100 buy=175100
2026-05-01 16:32:57,972 [INFO] pi_jt EUR sell post found: 203000 from: یورو تـهران فردایی
💸
:
🔵
203,000
خریـــدار
🔴
204,000
فروشنده
2026-05-01 16:32:57,972 [INFO] pi_jt EUR final (sell-only): buy=202000 sell=203000 (spread enforced)
2026-05-01 16:32:57,973 [INFO] Prices fetched: USD buy=175100 sell=177100 (src=dollar_sulaymaniyah) | EUR buy=202000 sell=203000 (src=pi_jt)
2026-05-01 16:32:58,474 [INFO] Wise TRY rates: USD/TRY=45.1665 EUR/TRY=53.0616
2026-05-01 16:32:58,475 [INFO] TRY calculated: 177100.00 / 45.0000 = 3935.56 -> Buy: 3840, Sell: 3940
2026-05-01 16:32:58,476 [INFO] cycle Tehran=20:02 changed=True silent=30.5min -> post (change)
2026-05-01 16:32:59,012 [INFO] cycle result: {'action': 'posted', 'detail': 'change'}
2026-05-01 17:02:26,881 [INFO] sulaymaniyah sell post: 177400 from: سلێمانی فردایی
💰
177,400 فروش
🔴
2026-05-01 17:02:26,881 [INFO] sulaymaniyah USD: market=177400 sell=178500 buy=176500
2026-05-01 17:02:27,282 [INFO] pi_jt EUR sell post found: 203000 from: یورو تـهران فردایی
💸
:
🔵
203,000
خریـــدار
🔴
204,000
فروشنده
2026-05-01 17:02:27,282 [INFO] pi_jt EUR final (sell-only): buy=202000 sell=203000 (spread enforced)
2026-05-01 17:02:27,282 [INFO] Prices fetched: USD buy=176500 sell=178500 (src=dollar_sulaymaniyah) | EUR buy=202000 sell=203000 (src=pi_jt)
2026-05-01 17:02:27,756 [INFO] Wise TRY rates: USD/TRY=45.1663 EUR/TRY=53.0230
2026-05-01 17:02:27,757 [INFO] TRY calculated: 178500.00 / 45.0000 = 3966.67 -> Buy: 3870, Sell: 3970
2026-05-01 17:02:27,757 [INFO] cycle Tehran=20:32 changed=True silent=29.5min -> post (change)
2026-05-01 17:02:28,210 [INFO] cycle result: {'action': 'posted', 'detail': 'change'}
2026-05-01 17:32:18,274 [INFO] sulaymaniyah sell post: 177400 from: سلێمانی فردایی
💰
177,400 فروش
🔴
2026-05-01 17:32:18,274 [INFO] sulaymaniyah USD: market=177400 sell=178500 buy=176500
2026-05-01 17:32:19,007 [INFO] pi_jt EUR sell post found: 203000 from: یورو تـهران فردایی
💸
:
🔵
203,000 خریـــدار
🔴
204,000 فروشنده
2026-05-01 17:32:19,008 [INFO] pi_jt EUR final (sell-only): buy=202000 sell=203000 (spread enforced)
2026-05-01 17:32:19,008 [INFO] Prices fetched: USD buy=176500 sell=178500 (src=dollar_sulaymaniyah) | EUR buy=202000 sell=203000 (src=pi_jt)
2026-05-01 17:32:19,441 [INFO] Wise TRY rates: USD/TRY=45.1707 EUR/TRY=53.0146
2026-05-01 17:32:19,442 [INFO] TRY calculated: 178500.00 / 45.0000 = 3966.67 -> Buy: 3870, Sell: 3970
2026-05-01 17:32:19,443 [INFO] cycle Tehran=21:02 changed=False silent=29.9min -> skip (no_change_within_silence_window)
2026-05-01 17:32:19,443 [INFO] cycle result: {'action': 'skip', 'detail': 'no_change_within_silence_window'}
2026-05-01 18:01:55,723 [INFO] sulaymaniyah sell post: 177400 from: سلێمانی فردایی
💰
177,400 فروش
🔴
2026-05-01 18:01:55,724 [INFO] sulaymaniyah USD: market=177400 sell=178500 buy=176500
2026-05-01 18:01:56,318 [INFO] pi_jt EUR sell post found: 203000 from: یورو تـهران فردایی
💸
:
🔵
203,000 خریـــدار
🔴
204,000 فروشنده
2026-05-01 18:01:56,318 [INFO] pi_jt EUR final (sell-only): buy=202000 sell=203000 (spread enforced)
2026-05-01 18:01:56,318 [INFO] Prices fetched: USD buy=176500 sell=178500 (src=dollar_sulaymaniyah) | EUR buy=202000 sell=203000 (src=pi_jt)
2026-05-01 18:01:56,776 [INFO] Wise TRY rates: USD/TRY=45.1697 EUR/TRY=52.9999
2026-05-01 18:01:56,778 [INFO] TRY calculated: 178500.00 / 45.0000 = 3966.67 -> Buy: 3870, Sell: 3970
2026-05-01 18:01:56,778 [INFO] cycle Tehran=21:31 changed=False silent=59.5min -> post (silence_limit)
2026-05-01 18:01:57,399 [INFO] cycle result: {'action': 'posted', 'detail': 'silence_limit'}
2026-05-01 18:14:44,296 [INFO] sulaymaniyah sell post: 177400 from: سلێمانی فردایی
💰
177,400 فروش
🔴
2026-05-01 18:14:44,296 [INFO] sulaymaniyah USD: market=177400 sell=178500 buy=176500
2026-05-01 18:14:44,677 [INFO] pi_jt EUR sell post found: 203000 from: یورو تـهران فردایی
💸
:
🔵
203,000 خریـــدار
🔴
204,000 فروشنده
2026-05-01 18:14:44,677 [INFO] pi_jt EUR final (sell-only): buy=202000 sell=203000 (spread enforced)
2026-05-01 18:14:44,677 [INFO] Prices fetched: USD buy=176500 sell=178500 (src=dollar_sulaymaniyah) | EUR buy=202000 sell=203000 (src=pi_jt)
2026-05-01 18:14:45,114 [INFO] Wise TRY rates: USD/TRY=45.1705 EUR/TRY=52.9669
2026-05-01 18:14:45,116 [INFO] TRY calculated: 178500.00 / 45.0000 = 3966.67 -> Buy: 3870, Sell: 3970
2026-05-01 18:14:45,116 [INFO] cycle Tehran=21:44 changed=False silent=12.8min -> skip (no_change_within_silence_window)
2026-05-01 18:14:45,117 [INFO] cycle result: {'action': 'skip', 'detail': 'no_change_within_silence_window'}
2026-05-01 18:30:57,645 [INFO] sulaymaniyah sell post: 177400 from: سلێمانی فردایی
💰
177,400 فروش
🔴
2026-05-01 18:30:57,646 [INFO] sulaymaniyah USD: market=177400 sell=178500 buy=176500
2026-05-01 18:30:58,022 [INFO] pi_jt EUR sell post found: 203000 from: یورو تـهران فردایی
💸
:
🔵
203,000 خریـــدار
🔴
204,000 فروشنده
2026-05-01 18:30:58,022 [INFO] pi_jt EUR final (sell-only): buy=202000 sell=203000 (spread enforced)
2026-05-01 18:30:58,022 [INFO] Prices fetched: USD buy=176500 sell=178500 (src=dollar_sulaymaniyah) | EUR buy=202000 sell=203000 (src=pi_jt)
2026-05-01 18:30:58,381 [INFO] Wise TRY rates: USD/TRY=45.1705 EUR/TRY=52.9579
2026-05-01 18:30:58,383 [INFO] TRY calculated: 178500.00 / 45.0000 = 3966.67 -> Buy: 3870, Sell: 3970
2026-05-01 18:30:58,383 [INFO] cycle Tehran=22:00 changed=False silent=29.1min -> skip (no_change_within_silence_window)
2026-05-01 18:30:58,383 [INFO] cycle result: {'action': 'skip', 'detail': 'no_change_within_silence_window'}
2026-05-01 21:11:16,732 [INFO] outside working hours (Tehran 00:41); sleeping
2026-05-01 21:11:16,732 [INFO] cycle result: {'action': 'idle', 'detail': 'outside_working_hours'}
2026-05-02 00:09:29,583 [INFO] outside working hours (Tehran 03:39); sleeping
2026-05-02 00:09:29,583 [INFO] cycle result: {'action': 'idle', 'detail': 'outside_working_hours'}
2026-05-02 03:04:15,629 [INFO] outside working hours (Tehran 06:34); sleeping
2026-05-02 03:04:15,629 [INFO] cycle result: {'action': 'idle', 'detail': 'outside_working_hours'}
2026-05-02 03:31:19,719 [INFO] outside working hours (Tehran 07:01); sleeping
2026-05-02 03:31:19,719 [INFO] cycle result: {'action': 'idle', 'detail': 'outside_working_hours'}
2026-05-02 04:01:53,520 [INFO] outside working hours (Tehran 07:31); sleeping
2026-05-02 04:01:53,520 [INFO] cycle result: {'action': 'idle', 'detail': 'outside_working_hours'}
2026-05-02 04:33:53,574 [INFO] outside working hours (Tehran 08:03); sleeping
2026-05-02 04:33:53,575 [INFO] cycle result: {'action': 'idle', 'detail': 'outside_working_hours'}
2026-05-02 05:03:16,852 [INFO] outside working hours (Tehran 08:33); sleeping
2026-05-02 05:03:16,852 [INFO] cycle result: {'action': 'idle', 'detail': 'outside_working_hours'}
2026-05-02 05:30:52,135 [INFO] sulaymaniyah sell post: 177400 from: سلێمانی فردایی
💰
177,400 فروش
🔴
2026-05-02 05:30:52,135 [INFO] sulaymaniyah USD: market=177400 sell=178500 buy=176500
2026-05-02 05:30:52,513 [INFO] pi_jt EUR sell post found: 203000 from: یورو تـهران فردایی
💸
:
🔵
203,000 خریـــدار
🔴
204,000 فروشنده
2026-05-02 05:30:52,513 [INFO] pi_jt EUR final (sell-only): buy=202000 sell=203000 (spread enforced)
2026-05-02 05:30:52,513 [INFO] Prices fetched: USD buy=176500 sell=178500 (src=dollar_sulaymaniyah) | EUR buy=202000 sell=203000 (src=pi_jt)
2026-05-02 05:30:52,999 [INFO] Wise TRY rates: USD/TRY=45.1720 EUR/TRY=52.9461
2026-05-02 05:30:53,001 [INFO] TRY calculated: 178500.00 / 45.0000 = 3966.67 -> Buy: 3870, Sell: 3970
2026-05-02 05:30:53,002 [INFO] cycle Tehran=09:00 changed=False silent=689.0min -> post (silence_limit)
2026-05-02 05:30:53,591 [INFO] cycle result: {'action': 'posted', 'detail': 'silence_limit'}
2026-05-02 06:01:38,560 [INFO] sulaymaniyah sell post: 177400 from: سلێمانی فردایی
💰
177,400 فروش
🔴
2026-05-02 06:01:38,560 [INFO] sulaymaniyah USD: market=177400 sell=178500 buy=176500
2026-05-02 06:01:38,950 [INFO] pi_jt EUR sell post found: 203000 from: یورو تـهران فردایی
💸
:
🔵
203,000 خریـــدار
🔴
204,000 فروشنده
2026-05-02 06:01:38,950 [INFO] pi_jt EUR final (sell-only): buy=202000 sell=203000 (spread enforced)
2026-05-02 06:01:38,950 [INFO] Prices fetched: USD buy=176500 sell=178500 (src=dollar_sulaymaniyah) | EUR buy=202000 sell=203000 (src=pi_jt)
2026-05-02 06:01:39,264 [INFO] Wise TRY rates: USD/TRY=45.1720 EUR/TRY=52.9461
2026-05-02 06:01:39,266 [INFO] TRY calculated: 178500.00 / 45.0000 = 3966.67 -> Buy: 3870, Sell: 3970
2026-05-02 06:01:39,266 [INFO] cycle Tehran=09:31 changed=False silent=30.8min -> skip (no_change_within_silence_window)
2026-05-02 06:01:39,267 [INFO] cycle result: {'action': 'skip', 'detail': 'no_change_within_silence_window'}
2026-05-02 06:33:13,623 [INFO] sulaymaniyah sell post: 177400 from: سلێمانی فردایی
💰
177,400 فروش
🔴
2026-05-02 06:33:13,623 [INFO] sulaymaniyah USD: market=177400 sell=178500 buy=176500
2026-05-02 06:33:14,203 [INFO] pi_jt EUR sell post found: 203000 from: یورو تـهران فردایی
💸
:
🔵
203,000 خریـــدار
🔴
204,000 فروشنده
2026-05-02 06:33:14,203 [INFO] pi_jt EUR final (sell-only): buy=202000 sell=203000 (spread enforced)
2026-05-02 06:33:14,203 [INFO] Prices fetched: USD buy=176500 sell=178500 (src=dollar_sulaymaniyah) | EUR buy=202000 sell=203000 (src=pi_jt)
2026-05-02 06:33:14,736 [INFO] Wise TRY rates: USD/TRY=45.1720 EUR/TRY=52.9461
2026-05-02 06:33:14,737 [INFO] TRY calculated: 178500.00 / 45.0000 = 3966.67 -> Buy: 3870, Sell: 3970
2026-05-02 06:33:14,738 [INFO] cycle Tehran=10:03 changed=False silent=62.4min -> post (silence_limit)
2026-05-02 06:33:15,359 [INFO] cycle result: {'action': 'posted', 'detail': 'silence_limit'}
2026-05-02 07:04:16,138 [INFO] sulaymaniyah USD not found, trying pi_jt
2026-05-02 07:04:16,732 [WARNING] pi_jt stale: 620.5 min
2026-05-02 07:04:16,732 [INFO] pi_jt USD not found, trying fallback sources
2026-05-02 07:04:17,937 [INFO] USD fallback computed: mid=175500 buy=175000 sell=176000
2026-05-02 07:04:17,937 [INFO] pi_jt EUR sell post found: 203000 from: یورو تـهران فردایی
💸
:
🔵
203,000 خریـــدار
🔴
204,000 فروشنده
2026-05-02 07:04:17,938 [INFO] pi_jt EUR final (sell-only): buy=202000 sell=203000 (spread enforced)
2026-05-02 07:04:17,938 [INFO] Prices fetched: USD buy=175000 sell=176000 (src=dollar_tehran3bze+tahran_sabza) | EUR buy=202000 sell=203000 (src=pi_jt)
2026-05-02 07:04:18,420 [INFO] Wise TRY rates: USD/TRY=45.1720 EUR/TRY=52.9461
2026-05-02 07:04:18,422 [INFO] TRY calculated: 176000.00 / 45.0000 = 3911.11 -> Buy: 3820, Sell: 3920
2026-05-02 07:04:18,422 [INFO] cycle Tehran=10:34 changed=True silent=31.1min -> post (change)
2026-05-02 07:04:19,030 [INFO] cycle result: {'action': 'posted', 'detail': 'change'}
2026-05-02 07:32:34,567 [INFO] sulaymaniyah USD not found, trying pi_jt
2026-05-02 07:32:35,110 [INFO] pi_jt USD sell post found: 181000 from: دلار فردایی تهران
⏳
181,000 فروش
🔴
2026-05-02 07:32:35,110 [INFO] pi_jt USD final (sell-only): buy=180000 sell=181000 (spread enforced)
2026-05-02 07:32:35,111 [INFO] pi_jt EUR not found, trying fallback sources
2026-05-02 07:32:35,704 [INFO] EUR fallback (sell pattern): 212230 from 💵
دلار آمریکا فروش
🔴
: 181,000 تومان
💵
دلار آمریکا خرید
🔵
: 
2026-05-02 07:32:35,704 [INFO] EUR fallback computed: mid=212230 buy=211750 sell=212750
2026-05-02 07:32:35,705 [INFO] Prices fetched: USD buy=180000 sell=181000 (src=pi_jt) | EUR buy=211750 sell=212750 (src=navasanchannel)
2026-05-02 07:32:36,189 [INFO] Wise TRY rates: USD/TRY=45.1720 EUR/TRY=52.9461
2026-05-02 07:32:36,191 [INFO] TRY calculated: 181000.00 / 45.0000 = 4022.22 -> Buy: 3930, Sell: 4030
2026-05-02 07:32:36,191 [INFO] cycle Tehran=11:02 changed=True silent=28.3min -> post (change)
2026-05-02 07:32:36,865 [INFO] cycle result: {'action': 'posted', 'detail': 'change'}
2026-05-02 08:03:20,600 [INFO] sulaymaniyah USD not found, trying pi_jt
2026-05-02 08:03:20,989 [INFO] pi_jt USD sell post found: 181000 from: دلار فردایی تهران
⏳
181,000 فروش
🔴
2026-05-02 08:03:20,989 [INFO] pi_jt USD final (sell-only): buy=180000 sell=181000 (spread enforced)
2026-05-02 08:03:20,989 [INFO] pi_jt EUR not found, trying fallback sources
2026-05-02 08:03:21,446 [INFO] EUR fallback (sell pattern): 213400 from 💵
دلار آمریکا فروش
🔴
: 182,000 تومان
💵
دلار آمریکا خرید
🔵
: 
2026-05-02 08:03:21,446 [INFO] EUR fallback computed: mid=213400 buy=212900 sell=213900
2026-05-02 08:03:21,446 [INFO] Prices fetched: USD buy=180000 sell=181000 (src=pi_jt) | EUR buy=212900 sell=213900 (src=navasanchannel)
2026-05-02 08:03:21,785 [INFO] Wise TRY rates: USD/TRY=45.1720 EUR/TRY=52.9461
2026-05-02 08:03:21,787 [INFO] TRY calculated: 181000.00 / 45.0000 = 4022.22 -> Buy: 3930, Sell: 4030
2026-05-02 08:03:21,787 [INFO] cycle Tehran=11:33 changed=True silent=30.8min -> post (change)
2026-05-02 08:03:22,383 [INFO] cycle result: {'action': 'posted', 'detail': 'change'}
2026-05-02 08:34:35,184 [INFO] sulaymaniyah sell post: 185000 from: فرداي سليمانيه
▫️
185,000فروش
🔴
2026-05-02 08:34:35,184 [INFO] sulaymaniyah USD: market=185000 sell=186100 buy=184100
2026-05-02 08:34:35,619 [INFO] pi_jt EUR not found, trying fallback sources
2026-05-02 08:34:36,128 [INFO] EUR fallback (sell pattern): 213990 from 💵
دلار آمریکا فروش
🔴
: 182,500 تومان
💵
دلار آمریکا خرید
🔵
: 
2026-05-02 08:34:36,128 [INFO] EUR fallback computed: mid=213990 buy=213500 sell=214500
2026-05-02 08:34:36,128 [INFO] Prices fetched: USD buy=184100 sell=186100 (src=dollar_sulaymaniyah) | EUR buy=213500 sell=214500 (src=navasanchannel)
2026-05-02 08:34:36,623 [INFO] Wise TRY rates: USD/TRY=45.1720 EUR/TRY=52.9461
2026-05-02 08:34:36,625 [INFO] TRY calculated: 186100.00 / 45.0000 = 4135.56 -> Buy: 4040, Sell: 4140
2026-05-02 08:34:36,625 [INFO] cycle Tehran=12:04 changed=True silent=31.3min -> post (change)
2026-05-02 08:34:37,068 [INFO] cycle result: {'action': 'posted', 'detail': 'change'}
2026-05-02 09:05:02,101 [INFO] sulaymaniyah sell post: 183000 from: سلیمانیه نقدى
▫️
183,000 فروش
🔴
تاك فيش
2026-05-02 09:05:02,101 [INFO] sulaymaniyah USD: market=183000 sell=184100 buy=182100
2026-05-02 09:05:02,640 [INFO] pi_jt EUR not found, trying fallback sources
2026-05-02 09:05:03,285 [INFO] EUR fallback (sell pattern): 215160 from 💵
دلار آمریکا فروش
🔴
: 183,500 تومان
💵
دلار آمریکا خرید
🔵
: 
2026-05-02 09:05:03,285 [INFO] EUR fallback computed: mid=215160 buy=214700 sell=215700
2026-05-02 09:05:03,285 [INFO] Prices fetched: USD buy=182100 sell=184100 (src=dollar_sulaymaniyah) | EUR buy=214700 sell=215700 (src=navasanchannel)
2026-05-02 09:05:03,782 [INFO] Wise TRY rates: USD/TRY=45.1720 EUR/TRY=52.9461
2026-05-02 09:05:03,784 [INFO] TRY calculated: 184100.00 / 45.0000 = 4091.11 -> Buy: 4000, Sell: 4100
2026-05-02 09:05:03,784 [INFO] cycle Tehran=12:35 changed=True silent=30.5min -> post (change)
2026-05-02 09:05:04,383 [INFO] cycle result: {'action': 'posted', 'detail': 'change'}
2026-05-02 09:32:14,538 [INFO] sulaymaniyah buy post: 182600 from: نقدى سلیمانیه
▫️
182,600 خرید
🔵
تاك فيش
2026-05-02 09:32:14,539 [INFO] sulaymaniyah sell post: 184500 from: 4شنبه ئاينده سلیمانیه 184,500فروش
🔴
2026-05-02 09:32:14,539 [INFO] sulaymaniyah USD: market=184500 sell=185600 buy=183600
2026-05-02 09:32:15,039 [INFO] pi_jt EUR not found, trying fallback sources
2026-05-02 09:32:15,626 [INFO] EUR fallback (sell pattern): 215160 from 💵
دلار آمریکا فروش
🔴
: 183,500 تومان
💵
دلار آمریکا خرید
🔵
: 
2026-05-02 09:32:15,626 [INFO] EUR fallback computed: mid=215160 buy=214700 sell=215700
2026-05-02 09:32:15,626 [INFO] Prices fetched: USD buy=183600 sell=185600 (src=dollar_sulaymaniyah) | EUR buy=214700 sell=215700 (src=navasanchannel)
2026-05-02 09:32:16,275 [INFO] Wise TRY rates: USD/TRY=45.1720 EUR/TRY=52.9461
2026-05-02 09:32:16,276 [INFO] TRY calculated: 185600.00 / 45.0000 = 4124.44 -> Buy: 4030, Sell: 4130
2026-05-02 09:32:16,277 [INFO] cycle Tehran=13:02 changed=True silent=27.2min -> post (change)
2026-05-02 09:32:16,824 [INFO] cycle result: {'action': 'posted', 'detail': 'change'}
2026-05-02 09:45:48,393 [INFO] sulaymaniyah buy post: 182600 from: نقدى سلیمانیه
▫️
182,600 خرید
🔵
تاك فيش
2026-05-02 09:45:48,393 [INFO] sulaymaniyah sell post: 184500 from: 4شنبه ئاينده سلیمانیه 184,500فروش
🔴
2026-05-02 09:45:48,393 [INFO] sulaymaniyah USD: market=184500 sell=185600 buy=183600
2026-05-02 09:45:48,904 [INFO] pi_jt EUR not found, trying fallback sources
2026-05-02 09:45:49,543 [INFO] EUR fallback (sell pattern): 215160 from 💵
دلار آمریکا فروش
🔴
: 183,500 تومان
💵
دلار آمریکا خرید
🔵
: 
2026-05-02 09:45:49,543 [INFO] EUR fallback computed: mid=215160 buy=214700 sell=215700
2026-05-02 09:45:49,543 [INFO] Prices fetched: USD buy=183600 sell=185600 (src=dollar_sulaymaniyah) | EUR buy=214700 sell=215700 (src=navasanchannel)
2026-05-02 09:45:50,056 [INFO] Wise TRY rates: USD/TRY=45.1720 EUR/TRY=52.9461
2026-05-02 09:45:50,058 [INFO] TRY calculated: 185600.00 / 45.0000 = 4124.44 -> Buy: 4030, Sell: 4130
2026-05-02 09:45:50,059 [INFO] cycle Tehran=13:15 changed=False silent=13.6min -> skip (no_change_within_silence_window)
2026-05-02 09:45:50,059 [INFO] cycle result: {'action': 'skip', 'detail': 'no_change_within_silence_window'}
2026-05-02 12:07:47,091 [INFO] sulaymaniyah buy post: 187000 from: چهارشنبه ئاينده
▫️
187,000 خرید
🔵
2026-05-02 12:07:47,091 [INFO] sulaymaniyah sell post: 185200 from: 4شنبه185,200فروش
🔴
2026-05-02 12:07:47,092 [INFO] sulaymaniyah USD: market=185200 sell=186300 buy=184300
2026-05-02 12:07:47,596 [INFO] pi_jt EUR not found, trying fallback sources
2026-05-02 12:07:48,227 [INFO] EUR fallback (sell pattern): 215750 from 💵
دلار آمریکا فروش
🔴
: 184,000 تومان
💵
دلار آمریکا خرید
🔵
: 
2026-05-02 12:07:48,227 [INFO] EUR fallback computed: mid=215750 buy=215250 sell=216250
2026-05-02 12:07:48,227 [INFO] Prices fetched: USD buy=184300 sell=186300 (src=dollar_sulaymaniyah) | EUR buy=215250 sell=216250 (src=navasanchannel)
2026-05-02 12:07:48,761 [INFO] Wise TRY rates: USD/TRY=45.1720 EUR/TRY=52.9461
2026-05-02 12:07:48,762 [INFO] TRY calculated: 186300.00 / 45.0000 = 4140.00 -> Buy: 4040, Sell: 4140
2026-05-02 12:07:48,763 [INFO] cycle Tehran=15:37 changed=True silent=155.6min -> post (change)
2026-05-02 12:07:49,325 [INFO] cycle result: {'action': 'posted', 'detail': 'change'}
2026-05-02 15:08:27,860 [INFO] sulaymaniyah buy post: 182300 from: فردايى
▫️
182,300 خرید
🔵
2026-05-02 15:08:27,860 [INFO] sulaymaniyah sell post: 181300 from: چهارشنبه
▫️
181,300 فروش
🔴
2026-05-02 15:08:27,860 [INFO] sulaymaniyah USD: market=181300 sell=182400 buy=180400
2026-05-02 15:08:28,402 [INFO] pi_jt EUR not found, trying fallback sources
2026-05-02 15:08:29,071 [INFO] EUR fallback (sell pattern): 213990 from 💵
دلار آمریکا فروش
🔴
: 182,500 تومان
💵
دلار آمریکا خرید
🔵
: 
2026-05-02 15:08:29,071 [INFO] EUR fallback computed: mid=213990 buy=213500 sell=214500
2026-05-02 15:08:29,071 [INFO] Prices fetched: USD buy=180400 sell=182400 (src=dollar_sulaymaniyah) | EUR buy=213500 sell=214500 (src=navasanchannel)
2026-05-02 15:08:29,603 [INFO] Wise TRY rates: USD/TRY=45.1720 EUR/TRY=52.9461
2026-05-02 15:08:29,604 [INFO] TRY calculated: 182400.00 / 45.0000 = 4053.33 -> Buy: 3960, Sell: 4060
2026-05-02 15:08:29,605 [INFO] cycle Tehran=18:38 changed=True silent=180.7min -> post (change)
2026-05-02 15:08:30,183 [INFO] cycle result: {'action': 'posted', 'detail': 'change'}
2026-05-02 18:04:59,877 [INFO] sulaymaniyah buy post: 183600 from: چهارشنبه
▫️
183,600 خرید
🔵
2026-05-02 18:04:59,877 [INFO] sulaymaniyah sell post: 183600 from: پسفردايى
▫️
183,600 فروش
🔴
2026-05-02 18:04:59,877 [INFO] sulaymaniyah USD: market=183600 sell=184700 buy=182700
2026-05-02 18:05:00,261 [INFO] pi_jt EUR not found, trying fallback sources
2026-05-02 18:05:00,722 [INFO] EUR fallback (sell pattern): 213990 from 💵
دلار آمریکا فروش
🔴
: 182,500 تومان
💵
دلار آمریکا خرید
🔵
: 
2026-05-02 18:05:00,722 [INFO] EUR fallback computed: mid=213990 buy=213500 sell=214500
2026-05-02 18:05:00,722 [INFO] Prices fetched: USD buy=182700 sell=184700 (src=dollar_sulaymaniyah) | EUR buy=213500 sell=214500 (src=navasanchannel)
2026-05-02 18:05:01,209 [INFO] Wise TRY rates: USD/TRY=45.1720 EUR/TRY=52.9461
2026-05-02 18:05:01,211 [INFO] TRY calculated: 184700.00 / 45.0000 = 4104.44 -> Buy: 4010, Sell: 4110
2026-05-02 18:05:01,211 [INFO] cycle Tehran=21:34 changed=True silent=176.6min -> post (change)
2026-05-02 18:05:01,754 [INFO] cycle result: {'action': 'posted', 'detail': 'change'}
2026-05-02 20:07:44,313 [INFO] sulaymaniyah buy post: 183600 from: چهارشنبه
▫️
183,600 خرید
🔵
2026-05-02 20:07:44,313 [INFO] sulaymaniyah sell post: 183600 from: پسفردايى
▫️
183,600 فروش
🔴
2026-05-02 20:07:44,313 [INFO] sulaymaniyah USD: market=183600 sell=184700 buy=182700
2026-05-02 20:07:44,833 [INFO] pi_jt EUR not found, trying fallback sources
2026-05-02 20:07:45,450 [INFO] EUR fallback (sell pattern): 213990 from 💵
دلار آمریکا فروش
🔴
: 182,500 تومان
💵
دلار آمریکا خرید
🔵
: 
2026-05-02 20:07:45,450 [INFO] EUR fallback computed: mid=213990 buy=213500 sell=214500
2026-05-02 20:07:45,450 [INFO] Prices fetched: USD buy=182700 sell=184700 (src=dollar_sulaymaniyah) | EUR buy=213500 sell=214500 (src=navasanchannel)
2026-05-02 20:07:45,966 [INFO] Wise TRY rates: USD/TRY=45.1720 EUR/TRY=52.9461
2026-05-02 20:07:45,968 [INFO] TRY calculated: 184700.00 / 45.0000 = 4104.44 -> Buy: 4010, Sell: 4110
2026-05-02 20:07:45,969 [INFO] cycle Tehran=23:37 changed=False silent=122.8min -> post (silence_limit)
2026-05-02 20:07:46,491 [INFO] cycle result: {'action': 'posted', 'detail': 'silence_limit'}
2026-05-02 22:25:11,174 [INFO] outside working hours (Tehran 01:55); sleeping
2026-05-02 22:25:11,175 [INFO] cycle result: {'action': 'idle', 'detail': 'outside_working_hours'}
2026-05-03 09:56:59,812 [INFO] sulaymaniyah sell post: 185900 from: سلێمانی چوار شەمە
💰
185,900 فروش
🔴
2026-05-03 09:56:59,812 [INFO] sulaymaniyah USD: market=185900 sell=187000 buy=185000
2026-05-03 09:57:00,203 [INFO] pi_jt EUR not found, trying fallback sources
2026-05-03 09:57:00,681 [INFO] EUR fallback (after-keyword): 219260 from دلار آمریکا
🇺🇸
187,000
تغییر 4000+▲      %2.19+
یورو
🇪🇺
219,
2026-05-03 09:57:00,682 [INFO] EUR fallback computed: mid=219260 buy=218800 sell=219800
2026-05-03 09:57:00,682 [INFO] Prices fetched: USD buy=185000 sell=187000 (src=dollar_sulaymaniyah) | EUR buy=218800 sell=219800 (src=navasanchannel)
2026-05-03 09:57:01,174 [INFO] Wise TRY rates: USD/TRY=45.1720 EUR/TRY=52.9461
2026-05-03 09:57:01,176 [INFO] TRY calculated: 187000.00 / 45.0000 = 4155.56 -> Buy: 4060, Sell: 4160
2026-05-03 09:57:01,176 [INFO] cycle Tehran=13:26 changed=True silent=829.3min -> post (change)
2026-05-03 09:57:01,617 [INFO] cycle result: {'action': 'posted', 'detail': 'change'}
2026-05-03 12:05:31,497 [INFO] sulaymaniyah sell post: 186000 from: سلێمانی فردایی
💰
186,000 فروش
🔴
2026-05-03 12:05:31,498 [INFO] sulaymaniyah USD: market=186000 sell=187100 buy=185100
2026-05-03 12:05:31,994 [INFO] pi_jt EUR not found, trying fallback sources
2026-05-03 12:05:32,600 [INFO] EUR fallback (sell pattern): 218680 from 💵
دلار آمریکا فروش
🔴
: 186,500 تومان
💵
دلار آمریکا خرید
🔵
: 
2026-05-03 12:05:32,601 [INFO] EUR fallback computed: mid=218680 buy=218200 sell=219200
2026-05-03 12:05:32,601 [INFO] Prices fetched: USD buy=185100 sell=187100 (src=dollar_sulaymaniyah) | EUR buy=218200 sell=219200 (src=navasanchannel)
2026-05-03 12:05:33,079 [INFO] Wise TRY rates: USD/TRY=45.1720 EUR/TRY=52.9461
2026-05-03 12:05:33,081 [INFO] TRY calculated: 187100.00 / 45.0000 = 4157.78 -> Buy: 4060, Sell: 4160
2026-05-03 12:05:33,081 [INFO] cycle Tehran=15:35 changed=True silent=128.6min -> post (change)
2026-05-03 12:05:33,582 [INFO] cycle result: {'action': 'posted', 'detail': 'change'}
2026-05-03 15:08:49,825 [INFO] sulaymaniyah sell post: 186200 from: سلێمانی فردایی
💰
186,200 فروش
🔴
2026-05-03 15:08:49,826 [INFO] sulaymaniyah USD: market=186200 sell=187300 buy=185300
2026-05-03 15:08:50,303 [INFO] pi_jt EUR not found, trying fallback sources
2026-05-03 15:08:50,883 [INFO] EUR fallback (sell pattern): 218680 from 💵
دلار آمریکا فروش
🔴
: 186,500 تومان
💵
دلار آمریکا خرید
🔵
: 
2026-05-03 15:08:50,884 [INFO] EUR fallback computed: mid=218680 buy=218200 sell=219200
2026-05-03 15:08:50,884 [INFO] Prices fetched: USD buy=185300 sell=187300 (src=dollar_sulaymaniyah) | EUR buy=218200 sell=219200 (src=navasanchannel)
2026-05-03 15:08:51,439 [INFO] Wise TRY rates: USD/TRY=45.1720 EUR/TRY=52.9461
2026-05-03 15:08:51,441 [INFO] TRY calculated: 187300.00 / 45.0000 = 4162.22 -> Buy: 4070, Sell: 4170
2026-05-03 15:08:51,442 [INFO] cycle Tehran=18:38 changed=True silent=183.3min -> post (change)
2026-05-03 15:08:52,017 [INFO] cycle result: {'action': 'posted', 'detail': 'change'}
2026-05-03 18:06:53,824 [INFO] sulaymaniyah sell post: 186700 from: سلێمانی فردایی
💰
186,700 فروش
🔴
2026-05-03 18:06:53,824 [INFO] sulaymaniyah USD: market=186700 sell=187800 buy=185800
2026-05-03 18:06:54,231 [INFO] pi_jt EUR not found, trying fallback sources
2026-05-03 18:06:54,724 [INFO] EUR fallback (sell pattern): 219260 from 💵
دلار آمریکا فروش
🔴
: 187,000 تومان
💵
دلار آمریکا خرید
🔵
: 
2026-05-03 18:06:54,724 [INFO] EUR fallback computed: mid=219260 buy=218800 sell=219800
2026-05-03 18:06:54,724 [INFO] Prices fetched: USD buy=185800 sell=187800 (src=dollar_sulaymaniyah) | EUR buy=218800 sell=219800 (src=navasanchannel)
2026-05-03 18:06:55,243 [INFO] Wise TRY rates: USD/TRY=45.1720 EUR/TRY=52.9461
2026-05-03 18:06:55,244 [INFO] TRY calculated: 187800.00 / 45.0000 = 4173.33 -> Buy: 4080, Sell: 4180
2026-05-03 18:06:55,245 [INFO] cycle Tehran=21:36 changed=True silent=178.1min -> post (change)
2026-05-03 18:06:55,699 [INFO] cycle result: {'action': 'posted', 'detail': 'change'}
2026-05-03 20:27:57,345 [INFO] sulaymaniyah sell post: 186700 from: سلێمانی فردایی
💰
186,700 فروش
🔴
2026-05-03 20:27:57,345 [INFO] sulaymaniyah USD: market=186700 sell=187800 buy=185800
2026-05-03 20:27:57,819 [INFO] pi_jt EUR not found, trying fallback sources
2026-05-03 20:27:58,381 [INFO] EUR fallback (sell pattern): 219260 from 💵
دلار آمریکا فروش
🔴
: 187,000 تومان
💵
دلار آمریکا خرید
🔵
: 
2026-05-03 20:27:58,381 [INFO] EUR fallback computed: mid=219260 buy=218800 sell=219800
2026-05-03 20:27:58,381 [INFO] Prices fetched: USD buy=185800 sell=187800 (src=dollar_sulaymaniyah) | EUR buy=218800 sell=219800 (src=navasanchannel)
2026-05-03 20:27:58,929 [INFO] Wise TRY rates: USD/TRY=45.1720 EUR/TRY=52.9461
2026-05-03 20:27:58,931 [INFO] TRY calculated: 187800.00 / 45.0000 = 4173.33 -> Buy: 4080, Sell: 4180
2026-05-03 20:27:58,931 [INFO] cycle Tehran=23:57 changed=False silent=141.1min -> post (silence_limit)
2026-05-03 20:27:59,445 [INFO] cycle result: {'action': 'posted', 'detail': 'silence_limit'}
2026-05-03 22:26:02,797 [INFO] outside working hours (Tehran 01:56); sleeping
2026-05-03 22:26:02,797 [INFO] cycle result: {'action': 'idle', 'detail': 'outside_working_hours'}
2026-05-04 08:20:09,342 [INFO] sulaymaniyah USD not found, trying pi_jt
2026-05-04 08:20:09,704 [INFO] pi_jt USD sell post found: 188500 from: دلار فردایی تهران
⏳
188,500 فروش
🔴
2026-05-04 08:20:09,705 [INFO] pi_jt USD final (sell-only): buy=187500 sell=188500 (spread enforced)
2026-05-04 08:20:09,705 [INFO] pi_jt EUR not found, trying fallback sources
2026-05-04 08:20:10,175 [INFO] EUR fallback (sell pattern): 219260 from 💵
دلار آمریکا فروش
🔴
: 187,000 تومان
💵
دلار آمریکا خرید
🔵
: 
2026-05-04 08:20:10,175 [INFO] EUR fallback computed: mid=219260 buy=218800 sell=219800
2026-05-04 08:20:10,175 [INFO] Prices fetched: USD buy=187500 sell=188500 (src=pi_jt) | EUR buy=218800 sell=219800 (src=navasanchannel)
2026-05-04 08:20:10,579 [INFO] Wise TRY rates: USD/TRY=45.1877 EUR/TRY=52.9351
2026-05-04 08:20:10,580 [INFO] TRY calculated: 188500.00 / 45.0000 = 4188.89 -> Buy: 4090, Sell: 4190
2026-05-04 08:20:10,581 [INFO] cycle Tehran=11:50 changed=True silent=712.2min -> post (change)
2026-05-04 08:20:10,957 [INFO] cycle result: {'action': 'posted', 'detail': 'change'}
2026-05-04 10:21:17,331 [INFO] sulaymaniyah sell post: 189000 from: سلێمانی فردایی
💰
189,000 فروش
🔴
2026-05-04 10:21:17,331 [INFO] sulaymaniyah USD: market=189000 sell=190100 buy=188100
2026-05-04 10:21:17,898 [INFO] pi_jt EUR not found, trying fallback sources
2026-05-04 10:21:18,561 [INFO] EUR fallback (sell pattern): 221440 from 💵
دلار آمریکا فروش
🔴
: 189,000 تومان
💵
دلار آمریکا خرید
🔵
: 
2026-05-04 10:21:18,561 [INFO] EUR fallback computed: mid=221440 buy=220950 sell=221950
2026-05-04 10:21:18,561 [INFO] Prices fetched: USD buy=188100 sell=190100 (src=dollar_sulaymaniyah) | EUR buy=220950 sell=221950 (src=navasanchannel)
2026-05-04 10:21:18,983 [INFO] Wise TRY rates: USD/TRY=45.2018 EUR/TRY=52.8477
2026-05-04 10:21:18,985 [INFO] TRY calculated: 190100.00 / 45.0000 = 4224.44 -> Buy: 4130, Sell: 4230
2026-05-04 10:21:18,985 [INFO] cycle Tehran=13:51 changed=True silent=121.2min -> post (change)
2026-05-04 10:21:19,625 [INFO] cycle result: {'action': 'posted', 'detail': 'change'}
2026-05-04 12:02:34,241 [INFO] sulaymaniyah sell post: 189000 from: سلێمانی پسفردایی
💰
189,000 فروش
🔴
2026-05-04 12:02:34,241 [INFO] sulaymaniyah USD: market=189000 sell=190100 buy=188100
2026-05-04 12:02:34,657 [INFO] pi_jt EUR not found, trying fallback sources
2026-05-04 12:02:35,172 [INFO] EUR fallback (sell pattern): 222610 from 💵
دلار آمریکا فروش
🔴
: 190,000 تومان
💵
دلار آمریکا خرید
🔵
: 
2026-05-04 12:02:35,172 [INFO] EUR fallback computed: mid=222610 buy=222150 sell=223150
2026-05-04 12:02:35,172 [INFO] Prices fetched: USD buy=188100 sell=190100 (src=dollar_sulaymaniyah) | EUR buy=222150 sell=223150 (src=navasanchannel)
2026-05-04 12:02:35,535 [INFO] Wise TRY rates: USD/TRY=45.2005 EUR/TRY=52.8529
2026-05-04 12:02:35,537 [INFO] TRY calculated: 190100.00 / 45.0000 = 4224.44 -> Buy: 4130, Sell: 4230
2026-05-04 12:02:35,538 [INFO] cycle Tehran=15:32 changed=True silent=101.3min -> post (change)
2026-05-04 12:02:35,997 [INFO] cycle result: {'action': 'posted', 'detail': 'change'}
2026-05-04 12:11:34,509 [INFO] sulaymaniyah sell post: 189000 from: سلێمانی پسفردایی
💰
189,000 فروش
🔴
2026-05-04 12:11:34,509 [INFO] sulaymaniyah USD: market=189000 sell=190100 buy=188100
2026-05-04 12:11:35,047 [INFO] pi_jt EUR not found, trying fallback sources
2026-05-04 12:11:35,731 [INFO] EUR fallback (sell pattern): 222610 from 💵
دلار آمریکا فروش
🔴
: 190,000 تومان
💵
دلار آمریکا خرید
🔵
: 
2026-05-04 12:11:35,731 [INFO] EUR fallback computed: mid=222610 buy=222150 sell=223150
2026-05-04 12:11:35,731 [INFO] Prices fetched: USD buy=188100 sell=190100 (src=dollar_sulaymaniyah) | EUR buy=222150 sell=223150 (src=navasanchannel)
2026-05-04 12:11:36,281 [INFO] Wise TRY rates: USD/TRY=45.2010 EUR/TRY=52.8806
2026-05-04 12:11:36,282 [INFO] TRY calculated: 190100.00 / 45.0000 = 4224.44 -> Buy: 4130, Sell: 4230
2026-05-04 12:11:36,283 [INFO] cycle Tehran=15:41 changed=False silent=9.0min -> skip (no_change_within_silence_window)
2026-05-04 12:11:36,283 [INFO] cycle result: {'action': 'skip', 'detail': 'no_change_within_silence_window'}
2026-05-04 13:33:31,325 [INFO] sulaymaniyah sell post: 189500 from: سلێمانی فردایی
💰
189,500 فروش
🔴
2026-05-04 13:33:31,325 [INFO] sulaymaniyah USD: market=189500 sell=190600 buy=188600
2026-05-04 13:33:31,686 [INFO] pi_jt EUR not found, trying fallback sources
2026-05-04 13:33:32,150 [INFO] EUR fallback (after-keyword): 222030 from دلار آمریکا
🇺🇸
189,500
تغییر 1500+▲      %0.80+
یورو
🇪🇺
222,
2026-05-04 13:33:32,150 [INFO] EUR fallback computed: mid=222030 buy=221550 sell=222550
2026-05-04 13:33:32,150 [INFO] Prices fetched: USD buy=188600 sell=190600 (src=dollar_sulaymaniyah) | EUR buy=221550 sell=222550 (src=navasanchannel)
2026-05-04 13:33:32,582 [INFO] Wise TRY rates: USD/TRY=45.2007 EUR/TRY=52.9300
2026-05-04 13:33:32,584 [INFO] TRY calculated: 190600.00 / 45.0000 = 4235.56 -> Buy: 4140, Sell: 4240
2026-05-04 13:33:32,584 [INFO] cycle Tehran=17:03 changed=True silent=91.0min -> post (change)
2026-05-04 13:33:32,958 [INFO] cycle result: {'action': 'posted', 'detail': 'change'}
2026-05-04 18:03:41,049 [INFO] sulaymaniyah sell post: 184000 from: سلێمانی فردایی
💰
184,000 فروش
🔴
2026-05-04 18:03:41,049 [INFO] sulaymaniyah USD: market=184000 sell=185100 buy=183100
2026-05-04 18:03:41,450 [INFO] pi_jt EUR not found, trying fallback sources
2026-05-04 18:03:41,914 [INFO] EUR fallback (sell pattern): 217040 from 💵
دلار آمریکا فروش
🔴
: 185,500 تومان
💵
دلار آمریکا خرید
🔵
: 
2026-05-04 18:03:41,914 [INFO] EUR fallback computed: mid=217040 buy=216550 sell=217550
2026-05-04 18:03:41,914 [INFO] Prices fetched: USD buy=183100 sell=185100 (src=dollar_sulaymaniyah) | EUR buy=216550 sell=217550 (src=navasanchannel)
2026-05-04 18:03:42,465 [INFO] Wise TRY rates: USD/TRY=45.1974 EUR/TRY=52.8561
2026-05-04 18:03:42,466 [INFO] TRY calculated: 185100.00 / 45.0000 = 4113.33 -> Buy: 4020, Sell: 4120
2026-05-04 18:03:42,467 [INFO] cycle Tehran=21:33 changed=True silent=270.2min -> post (change)
2026-05-04 18:03:43,038 [INFO] cycle result: {'action': 'posted', 'detail': 'change'}
2026-05-04 21:47:26,515 [INFO] outside working hours (Tehran 01:17); sleeping
2026-05-04 21:47:26,515 [INFO] cycle result: {'action': 'idle', 'detail': 'outside_working_hours'}
2026-05-05 08:37:04,676 [INFO] sulaymaniyah sell post: 183000 from: سلێمانی فردایی
💰
183,000 فروش
🔴
2026-05-05 08:37:04,676 [INFO] sulaymaniyah USD: market=183000 sell=184100 buy=182100
2026-05-05 08:37:05,060 [INFO] pi_jt EUR not found, trying fallback sources
2026-05-05 08:37:05,524 [INFO] EUR fallback (after-keyword): 212660 from دلار آمریکا
🇺🇸
182,000
تغییر 2000-▼      %1.09-
یورو
🇪🇺
212,
2026-05-05 08:37:05,524 [INFO] EUR fallback computed: mid=212660 buy=212200 sell=213200
2026-05-05 08:37:05,524 [INFO] Prices fetched: USD buy=182100 sell=184100 (src=dollar_sulaymaniyah) | EUR buy=212200 sell=213200 (src=navasanchannel)
2026-05-05 08:37:05,932 [INFO] Wise TRY rates: USD/TRY=45.2165 EUR/TRY=52.8536
2026-05-05 08:37:05,934 [INFO] TRY calculated: 184100.00 / 45.0000 = 4091.11 -> Buy: 4000, Sell: 4100
2026-05-05 08:37:05,934 [INFO] cycle Tehran=12:07 changed=True silent=873.4min -> post (change)
2026-05-05 08:37:06,440 [INFO] cycle result: {'action': 'posted', 'detail': 'change'}
2026-05-05 09:22:36,713 [INFO] sulaymaniyah sell post: 183000 from: سلێمانی فردایی
💰
183,000 فروش
🔴
2026-05-05 09:22:36,713 [INFO] sulaymaniyah USD: market=183000 sell=184100 buy=182100
2026-05-05 09:22:37,119 [INFO] pi_jt EUR not found, trying fallback sources
2026-05-05 09:22:37,601 [INFO] EUR fallback (sell pattern): 213250 from 💵
دلار آمریکا فروش
🔴
: 182,500 تومان
💵
دلار آمریکا خرید
🔵
: 
2026-05-05 09:22:37,601 [INFO] EUR fallback computed: mid=213250 buy=212750 sell=213750
2026-05-05 09:22:37,601 [INFO] Prices fetched: USD buy=182100 sell=184100 (src=dollar_sulaymaniyah) | EUR buy=212750 sell=213750 (src=navasanchannel)
2026-05-05 09:22:37,919 [INFO] Wise TRY rates: USD/TRY=45.2199 EUR/TRY=52.8327
2026-05-05 09:22:37,920 [INFO] TRY calculated: 184100.00 / 45.0000 = 4091.11 -> Buy: 4000, Sell: 4100
2026-05-05 09:22:37,920 [INFO] cycle Tehran=12:52 changed=True silent=45.6min -> post (change)
2026-05-05 09:22:38,401 [INFO] cycle result: {'action': 'posted', 'detail': 'change'}
2026-05-05 11:05:48,414 [INFO] sulaymaniyah sell post: 182100 from: سلێمانی فردایی
💰
182,100 فروش
🔴
2026-05-05 11:05:48,414 [INFO] sulaymaniyah USD: market=182100 sell=183200 buy=181200
2026-05-05 11:05:48,793 [INFO] pi_jt EUR not found, trying fallback sources
2026-05-05 11:05:49,275 [INFO] EUR fallback (sell pattern): 212140 from 💵
دلار آمریکا فروش
🔴
: 181,500 تومان
💵
دلار آمریکا خرید
🔵
: 
2026-05-05 11:05:49,275 [INFO] EUR fallback computed: mid=212140 buy=211650 sell=212650
2026-05-05 11:05:49,275 [INFO] Prices fetched: USD buy=181200 sell=183200 (src=dollar_sulaymaniyah) | EUR buy=211650 sell=212650 (src=navasanchannel)
2026-05-05 11:05:49,700 [INFO] Wise TRY rates: USD/TRY=45.2200 EUR/TRY=52.8418
2026-05-05 11:05:49,701 [INFO] TRY calculated: 183200.00 / 45.0000 = 4071.11 -> Buy: 3980, Sell: 4080
2026-05-05 11:05:49,701 [INFO] cycle Tehran=14:35 changed=True silent=103.2min -> post (change)
2026-05-05 11:05:50,186 [INFO] cycle result: {'action': 'posted', 'detail': 'change'}
2026-05-05 12:50:40,097 [INFO] sulaymaniyah sell post: 182000 from: سلێمانی فردایی
💰
182,000 فروش
🔴
2026-05-05 12:50:40,097 [INFO] sulaymaniyah USD: market=182000 sell=183100 buy=181100
2026-05-05 12:50:40,505 [INFO] pi_jt EUR not found, trying fallback sources
2026-05-05 12:50:41,034 [INFO] EUR fallback (sell pattern): 210390 from 💵
دلار آمریکا فروش
🔴
: 180,000 تومان
💵
دلار آمریکا خرید
🔵
: 
2026-05-05 12:50:41,034 [INFO] EUR fallback computed: mid=210390 buy=209900 sell=210900
2026-05-05 12:50:41,034 [INFO] Prices fetched: USD buy=181100 sell=183100 (src=dollar_sulaymaniyah) | EUR buy=209900 sell=210900 (src=navasanchannel)
2026-05-05 12:50:41,368 [INFO] Wise TRY rates: USD/TRY=45.2199 EUR/TRY=52.8688
2026-05-05 12:50:41,369 [INFO] TRY calculated: 183100.00 / 45.0000 = 4068.89 -> Buy: 3970, Sell: 4070
2026-05-05 12:50:41,369 [INFO] cycle Tehran=16:20 changed=True silent=104.9min -> post (change)
2026-05-05 12:50:41,824 [INFO] cycle result: {'action': 'posted', 'detail': 'change'}
2026-05-05 15:43:03,797 [INFO] sulaymaniyah sell post: 181800 from: سلێمانی شەمە
💰
181,800 فروش
🔴
2026-05-05 15:43:03,797 [INFO] sulaymaniyah USD: market=181800 sell=182900 buy=180900
2026-05-05 15:43:04,163 [INFO] pi_jt EUR not found, trying fallback sources
2026-05-05 15:43:04,651 [INFO] EUR fallback (after-keyword): 211560 from دلار آمریکا
🇺🇸
181,000
تغییر 3000-▼      %1.63-
یورو
🇪🇺
211,
2026-05-05 15:43:04,651 [INFO] EUR fallback computed: mid=211560 buy=211100 sell=212100
2026-05-05 15:43:04,651 [INFO] Prices fetched: USD buy=180900 sell=182900 (src=dollar_sulaymaniyah) | EUR buy=211100 sell=212100 (src=navasanchannel)
2026-05-05 15:43:05,095 [INFO] Wise TRY rates: USD/TRY=45.2175 EUR/TRY=52.9542
2026-05-05 15:43:05,097 [INFO] TRY calculated: 182900.00 / 45.0000 = 4064.44 -> Buy: 3970, Sell: 4070
2026-05-05 15:43:05,097 [INFO] cycle Tehran=19:13 changed=True silent=172.4min -> post (change)
2026-05-05 15:43:05,482 [INFO] cycle result: {'action': 'posted', 'detail': 'change'}
2026-05-05 16:42:35,573 [INFO] sulaymaniyah sell post: 180900 from: سلێمانی شەمە
💰
180,900 فروش
🔴
2026-05-05 16:42:35,573 [INFO] sulaymaniyah USD: market=180900 sell=182000 buy=180000
2026-05-05 16:42:36,154 [INFO] pi_jt EUR not found, trying fallback sources
2026-05-05 16:42:36,860 [INFO] EUR fallback (after-keyword): 212140 from دلار آمریکا
🇺🇸
181,500
تغییر 2500-▼      %1.36-
یورو
🇪🇺
212,
2026-05-05 16:42:36,860 [INFO] EUR fallback computed: mid=212140 buy=211650 sell=212650
2026-05-05 16:42:36,860 [INFO] Prices fetched: USD buy=180000 sell=182000 (src=dollar_sulaymaniyah) | EUR buy=211650 sell=212650 (src=navasanchannel)
2026-05-05 16:42:37,286 [INFO] Wise TRY rates: USD/TRY=45.2184 EUR/TRY=52.9146
2026-05-05 16:42:37,288 [INFO] TRY calculated: 182000.00 / 45.0000 = 4044.44 -> Buy: 3950, Sell: 4050
2026-05-05 16:42:37,289 [INFO] cycle Tehran=20:12 changed=True silent=59.6min -> post (change)
2026-05-05 16:42:37,936 [INFO] cycle result: {'action': 'posted', 'detail': 'change'}
2026-05-05 17:07:20,770 [INFO] sulaymaniyah sell post: 181300 from: سلێمانی فردایی
💰
181,300 فروش
🔴
2026-05-05 17:07:20,771 [INFO] sulaymaniyah USD: market=181300 sell=182400 buy=180400
2026-05-05 17:07:21,190 [INFO] pi_jt EUR not found, trying fallback sources
2026-05-05 17:07:21,717 [INFO] EUR fallback (sell pattern): 211780 from 💵
دلار آمریکا فروش
🔴
: 181,000 تومان
💵
دلار آمریکا خرید
🔵
: 
2026-05-05 17:07:21,717 [INFO] EUR fallback computed: mid=211780 buy=211300 sell=212300
2026-05-05 17:07:21,717 [INFO] Prices fetched: USD buy=180400 sell=182400 (src=dollar_sulaymaniyah) | EUR buy=211300 sell=212300 (src=navasanchannel)
2026-05-05 17:07:22,165 [INFO] Wise TRY rates: USD/TRY=45.2187 EUR/TRY=52.9104
2026-05-05 17:07:22,167 [INFO] TRY calculated: 182400.00 / 45.0000 = 4053.33 -> Buy: 3960, Sell: 4060
2026-05-05 17:07:22,167 [INFO] cycle Tehran=20:37 changed=True silent=24.8min -> post (change)
2026-05-05 17:07:22,666 [INFO] cycle result: {'action': 'posted', 'detail': 'change'}
2026-05-05 20:47:34,633 [INFO] outside working hours (Tehran 00:17); sleeping
2026-05-05 20:47:34,633 [INFO] cycle result: {'action': 'idle', 'detail': 'outside_working_hours'}
2026-05-05 23:35:38,898 [INFO] outside working hours (Tehran 03:05); sleeping
2026-05-05 23:35:38,899 [INFO] cycle result: {'action': 'idle', 'detail': 'outside_working_hours'}
2026-05-06 09:47:03,240 [INFO] Cycle start: Tehran=2026-05-06 13:17:03.240663+03:30 UTC=2026-05-06 09:47:03.240653+00:00
2026-05-06 09:47:03,834 [INFO] USD from Sulaymaniyah: mid=176500 -> buy=175600 sell=177600
2026-05-06 09:47:05,753 [INFO] Cycle result: {'action': 'posted', 'detail': 'change'}
2026-05-06 11:08:35,686 [INFO] Cycle start: Tehran=2026-05-06 14:38:35.686538+03:30 UTC=2026-05-06 11:08:35.686527+00:00
2026-05-06 11:08:38,976 [INFO] Cycle result: {'action': 'posted', 'detail': 'change'}
2026-05-06 11:09:04,482 [INFO] Cycle start: Tehran=2026-05-06 14:39:04.482260+03:30 UTC=2026-05-06 11:09:04.482252+00:00
2026-05-06 11:09:06,229 [INFO] Cycle result: {'action': 'skip', 'detail': 'no_change'}
2026-05-06 11:09:27,306 [INFO] Cycle start: Tehran=2026-05-06 14:39:27.306594+03:30 UTC=2026-05-06 11:09:27.306585+00:00
2026-05-06 11:09:29,824 [INFO] Cycle result: {'action': 'skip', 'detail': 'no_change'}
2026-05-06 12:17:28,702 [INFO] Cycle start: Tehran=2026-05-06 15:47:28.702348+03:30 UTC=2026-05-06 12:17:28.702338+00:00
2026-05-06 12:17:29,176 [INFO] USD from Sulaymaniyah: mid=175500 -> buy=174600 sell=176600
2026-05-06 12:17:30,594 [INFO] Cycle result: {'action': 'posted', 'detail': 'change'}
2026-05-06 12:25:30,811 [INFO] Cycle start: Tehran=2026-05-06 15:55:30.811840+03:30 UTC=2026-05-06 12:25:30.811830+00:00
2026-05-06 12:25:31,197 [INFO] USD from Sulaymaniyah: mid=175500 -> buy=174600 sell=176600
2026-05-06 12:25:32,058 [INFO] Cycle result: {'action': 'skip', 'detail': 'no_change'}
2026-05-06 18:04:33,196 [INFO] Cycle start: Tehran=2026-05-06 21:34:33.196180+03:30 UTC=2026-05-06 18:04:33.196169+00:00
2026-05-06 18:04:33,626 [INFO] USD from Sulaymaniyah: mid=176200 -> buy=175300 sell=177300
2026-05-06 18:04:35,007 [INFO] Cycle result: {'action': 'posted', 'detail': 'change'}
2026-05-06 20:49:07,692 [INFO] Cycle start: Tehran=2026-05-07 00:19:07.692478+03:30 UTC=2026-05-06 20:49:07.692468+00:00
2026-05-06 20:49:07,692 [INFO] Outside working hours; skipping
2026-05-06 20:49:07,692 [INFO] Cycle result: {'action': 'idle', 'detail': 'outside_hours'}
2026-05-06 20:56:46,188 [INFO] Cycle start: Tehran=2026-05-07 00:26:46.188201+03:30 UTC=2026-05-06 20:56:46.188191+00:00
2026-05-06 20:56:46,629 [INFO] USD from Sulaymaniyah: mid=176200 -> buy=175300 sell=177300
2026-05-06 20:56:47,751 [INFO] Cycle result: {'action': 'posted', 'detail': 'change'}
2026-05-06 21:00:38,644 [INFO] Cycle start: Tehran=2026-05-07 00:30:38.644952+03:30 UTC=2026-05-06 21:00:38.644941+00:00
2026-05-06 21:00:39,330 [INFO] USD from Sulaymaniyah: mid=176200 -> buy=175300 sell=177300
2026-05-06 21:00:40,669 [INFO] Cycle result: {'action': 'posted', 'detail': 'change'}
2026-05-06 21:13:05,625 [INFO] Cycle start: Tehran=2026-05-07 00:43:05.625557+03:30 UTC=2026-05-06 21:13:05.625548+00:00
2026-05-06 21:13:06,263 [INFO] USD from Sulaymaniyah: mid=176200 -> buy=175300 sell=177300
2026-05-06 21:13:07,102 [INFO] Cycle result: {'action': 'skip', 'detail': 'no_change'}
2026-05-06 21:14:31,448 [INFO] Cycle start: Tehran=2026-05-07 00:44:31.448732+03:30 UTC=2026-05-06 21:14:31.448721+00:00
2026-05-06 21:14:32,021 [INFO] USD from Sulaymaniyah: mid=176200 -> buy=175300 sell=177300
2026-05-06 21:14:32,905 [INFO] Cycle result: {'action': 'skip', 'detail': 'no_change'}
2026-05-06 21:27:58,449 [INFO] Starting multi-cycle run (25 mins)
2026-05-06 21:27:58,449 [INFO] Cycle start: Tehran=2026-05-07 00:57:58.449290+03:30 UTC=2026-05-06 21:27:58.449279+00:00
2026-05-06 21:27:58,936 [INFO] USD from Sulaymaniyah: mid=176200 -> buy=175300 sell=177300
2026-05-06 21:27:59,736 [INFO] Cycle result: {'action': 'skip', 'detail': 'no_change'}
2026-05-06 21:27:59,736 [INFO] Waiting 2 minutes for next check...
2026-05-06 21:29:59,736 [INFO] Cycle start: Tehran=2026-05-07 00:59:59.736735+03:30 UTC=2026-05-06 21:29:59.736724+00:00
2026-05-06 21:30:00,121 [INFO] USD from Sulaymaniyah: mid=176200 -> buy=175300 sell=177300
2026-05-06 21:30:00,768 [INFO] Cycle result: {'action': 'skip', 'detail': 'no_change'}
2026-05-06 21:30:00,769 [INFO] Waiting 2 minutes for next check...
2026-05-06 21:32:00,769 [INFO] Cycle start: Tehran=2026-05-07 01:02:00.769191+03:30 UTC=2026-05-06 21:32:00.769179+00:00
2026-05-06 21:32:01,241 [INFO] USD from Sulaymaniyah: mid=176200 -> buy=175300 sell=177300
2026-05-06 21:32:01,883 [INFO] Cycle result: {'action': 'skip', 'detail': 'no_change'}
2026-05-06 21:32:01,883 [INFO] Waiting 2 minutes for next check...
2026-05-06 21:34:01,883 [INFO] Cycle start: Tehran=2026-05-07 01:04:01.883964+03:30 UTC=2026-05-06 21:34:01.883956+00:00
2026-05-06 21:34:02,256 [INFO] USD from Sulaymaniyah: mid=176200 -> buy=175300 sell=177300
2026-05-06 21:34:02,960 [INFO] Cycle result: {'action': 'skip', 'detail': 'no_change'}
2026-05-06 21:34:02,960 [INFO] Waiting 2 minutes for next check...
2026-05-06 21:36:02,960 [INFO] Cycle start: Tehran=2026-05-07 01:06:02.960499+03:30 UTC=2026-05-06 21:36:02.960492+00:00
2026-05-06 21:36:03,351 [INFO] USD from Sulaymaniyah: mid=176200 -> buy=175300 sell=177300
2026-05-06 21:36:03,969 [INFO] Cycle result: {'action': 'skip', 'detail': 'no_change'}
2026-05-06 21:36:03,969 [INFO] Waiting 2 minutes for next check...
2026-05-06 21:38:03,969 [INFO] Cycle start: Tehran=2026-05-07 01:08:03.969959+03:30 UTC=2026-05-06 21:38:03.969951+00:00
2026-05-06 21:38:04,364 [INFO] USD from Sulaymaniyah: mid=176200 -> buy=175300 sell=177300
2026-05-06 21:38:04,981 [INFO] Cycle result: {'action': 'skip', 'detail': 'no_change'}
2026-05-06 21:38:04,981 [INFO] Waiting 2 minutes for next check...
2026-05-06 21:40:04,981 [INFO] Cycle start: Tehran=2026-05-07 01:10:04.981896+03:30 UTC=2026-05-06 21:40:04.981888+00:00
2026-05-06 21:40:05,516 [INFO] USD from Sulaymaniyah: mid=176200 -> buy=175300 sell=177300
2026-05-06 21:40:06,312 [INFO] Cycle result: {'action': 'skip', 'detail': 'no_change'}
2026-05-06 21:40:06,312 [INFO] Waiting 2 minutes for next check...
2026-05-06 21:42:06,312 [INFO] Cycle start: Tehran=2026-05-07 01:12:06.312916+03:30 UTC=2026-05-06 21:42:06.312908+00:00
2026-05-06 21:42:06,710 [INFO] USD from Sulaymaniyah: mid=176200 -> buy=175300 sell=177300
2026-05-06 21:42:07,351 [INFO] Cycle result: {'action': 'skip', 'detail': 'no_change'}
2026-05-06 21:42:07,351 [INFO] Waiting 2 minutes for next check...
2026-05-06 21:44:07,351 [INFO] Cycle start: Tehran=2026-05-07 01:14:07.351766+03:30 UTC=2026-05-06 21:44:07.351758+00:00
2026-05-06 21:44:07,738 [INFO] USD from Sulaymaniyah: mid=176200 -> buy=175300 sell=177300
2026-05-06 21:44:08,383 [INFO] Cycle result: {'action': 'skip', 'detail': 'no_change'}
2026-05-06 21:44:08,383 [INFO] Waiting 2 minutes for next check...
2026-05-06 21:46:08,383 [INFO] Cycle start: Tehran=2026-05-07 01:16:08.383875+03:30 UTC=2026-05-06 21:46:08.383866+00:00
2026-05-06 21:46:08,758 [INFO] USD from Sulaymaniyah: mid=176200 -> buy=175300 sell=177300
2026-05-06 21:46:09,509 [INFO] Cycle result: {'action': 'skip', 'detail': 'no_change'}
2026-05-06 21:46:09,510 [INFO] Waiting 2 minutes for next check...
2026-05-06 21:48:09,510 [INFO] Cycle start: Tehran=2026-05-07 01:18:09.510256+03:30 UTC=2026-05-06 21:48:09.510248+00:00
2026-05-06 21:48:10,010 [INFO] USD from Sulaymaniyah: mid=176200 -> buy=175300 sell=177300
2026-05-06 21:48:10,647 [INFO] Cycle result: {'action': 'skip', 'detail': 'no_change'}
2026-05-06 21:48:10,647 [INFO] Waiting 2 minutes for next check...
2026-05-06 21:50:10,647 [INFO] Cycle start: Tehran=2026-05-07 01:20:10.647902+03:30 UTC=2026-05-06 21:50:10.647893+00:00
2026-05-06 21:50:11,022 [INFO] USD from Sulaymaniyah: mid=176200 -> buy=175300 sell=177300
2026-05-06 21:50:11,653 [INFO] Cycle result: {'action': 'skip', 'detail': 'no_change'}
2026-05-06 21:50:11,653 [INFO] Waiting 2 minutes for next check...
2026-05-06 21:52:11,653 [INFO] Cycle start: Tehran=2026-05-07 01:22:11.653535+03:30 UTC=2026-05-06 21:52:11.653526+00:00
2026-05-06 21:52:12,048 [INFO] USD from Sulaymaniyah: mid=176200 -> buy=175300 sell=177300
2026-05-06 21:52:12,814 [INFO] Cycle result: {'action': 'skip', 'detail': 'no_change'}
2026-05-06 21:52:12,815 [INFO] Waiting 2 minutes for next check...
2026-05-07 10:09:16,091 [INFO] Starting multi-cycle run (25 mins)
2026-05-07 10:09:16,091 [INFO] Cycle start: Tehran=2026-05-07 13:39:16.091665+03:30 UTC=2026-05-07 10:09:16.091655+00:00
2026-05-07 10:09:16,533 [INFO] USD from Sulaymaniyah: mid=176000 -> buy=176100 sell=177100
2026-05-07 10:09:17,299 [INFO] Attempting to send message to @barxexchange
2026-05-07 10:09:17,754 [INFO] TG send success!
2026-05-07 10:09:17,755 [INFO] Cycle result: {'action': 'posted', 'detail': 'change'}
2026-05-07 10:09:17,755 [INFO] Waiting 2 minutes for next check...
2026-05-07 10:11:17,755 [INFO] Cycle start: Tehran=2026-05-07 13:41:17.755401+03:30 UTC=2026-05-07 10:11:17.755391+00:00
2026-05-07 10:11:18,157 [INFO] USD from Sulaymaniyah: mid=176000 -> buy=176100 sell=177100
2026-05-07 10:11:18,740 [INFO] Cycle result: {'action': 'skip', 'detail': 'no_change'}
2026-05-07 10:11:18,740 [INFO] Waiting 2 minutes for next check...
2026-05-07 10:13:18,740 [INFO] Cycle start: Tehran=2026-05-07 13:43:18.740538+03:30 UTC=2026-05-07 10:13:18.740523+00:00
2026-05-07 10:13:19,157 [INFO] USD from Sulaymaniyah: mid=176000 -> buy=176100 sell=177100
2026-05-07 10:13:19,749 [INFO] Cycle result: {'action': 'skip', 'detail': 'no_change'}
2026-05-07 10:13:19,749 [INFO] Waiting 2 minutes for next check...
2026-05-07 10:15:19,749 [INFO] Cycle start: Tehran=2026-05-07 13:45:19.749946+03:30 UTC=2026-05-07 10:15:19.749937+00:00
2026-05-07 10:15:20,168 [INFO] USD from Sulaymaniyah: mid=176000 -> buy=176100 sell=177100
2026-05-07 10:15:20,926 [INFO] Cycle result: {'action': 'skip', 'detail': 'no_change'}
2026-05-07 10:15:20,926 [INFO] Waiting 2 minutes for next check...
2026-05-07 10:17:20,927 [INFO] Cycle start: Tehran=2026-05-07 13:47:20.927108+03:30 UTC=2026-05-07 10:17:20.927099+00:00
2026-05-07 10:17:21,341 [INFO] USD from Sulaymaniyah: mid=176000 -> buy=176100 sell=177100
2026-05-07 10:17:21,937 [INFO] Cycle result: {'action': 'skip', 'detail': 'no_change'}
2026-05-07 10:17:21,938 [INFO] Waiting 2 minutes for next check...
2026-05-07 10:19:21,938 [INFO] Cycle start: Tehran=2026-05-07 13:49:21.938305+03:30 UTC=2026-05-07 10:19:21.938296+00:00
2026-05-07 10:19:22,370 [INFO] USD from Sulaymaniyah: mid=176000 -> buy=176100 sell=177100
2026-05-07 10:19:22,945 [INFO] Cycle result: {'action': 'skip', 'detail': 'no_change'}
2026-05-07 10:19:22,946 [INFO] Waiting 2 minutes for next check...
2026-05-07 10:21:22,946 [INFO] Cycle start: Tehran=2026-05-07 13:51:22.946299+03:30 UTC=2026-05-07 10:21:22.946289+00:00
2026-05-07 10:21:23,347 [INFO] USD from Sulaymaniyah: mid=176000 -> buy=176100 sell=177100
2026-05-07 10:21:24,100 [INFO] Cycle result: {'action': 'skip', 'detail': 'no_change'}
2026-05-07 10:21:24,100 [INFO] Waiting 2 minutes for next check...
2026-05-07 10:23:24,100 [INFO] Cycle start: Tehran=2026-05-07 13:53:24.100552+03:30 UTC=2026-05-07 10:23:24.100542+00:00
2026-05-07 10:23:24,554 [INFO] USD from Sulaymaniyah: mid=176000 -> buy=176100 sell=177100
2026-05-07 10:23:25,131 [INFO] Cycle result: {'action': 'skip', 'detail': 'no_change'}
2026-05-07 10:23:25,131 [INFO] Waiting 2 minutes for next check...
2026-05-07 10:25:25,131 [INFO] Cycle start: Tehran=2026-05-07 13:55:25.131672+03:30 UTC=2026-05-07 10:25:25.131664+00:00
2026-05-07 10:25:25,535 [INFO] USD from Sulaymaniyah: mid=176000 -> buy=176100 sell=177100
2026-05-07 10:25:26,112 [INFO] Cycle result: {'action': 'skip', 'detail': 'no_change'}
2026-05-07 10:25:26,112 [INFO] Waiting 2 minutes for next check...
2026-05-07 10:27:26,112 [INFO] Cycle start: Tehran=2026-05-07 13:57:26.112752+03:30 UTC=2026-05-07 10:27:26.112743+00:00
2026-05-07 10:27:26,533 [INFO] USD from Sulaymaniyah: mid=176000 -> buy=176100 sell=177100
2026-05-07 10:27:27,240 [INFO] Cycle result: {'action': 'skip', 'detail': 'no_change'}
2026-05-07 10:27:27,240 [INFO] Waiting 2 minutes for next check...
2026-05-07 10:29:27,240 [INFO] Cycle start: Tehran=2026-05-07 13:59:27.240935+03:30 UTC=2026-05-07 10:29:27.240927+00:00
2026-05-07 10:29:27,642 [INFO] USD from Sulaymaniyah: mid=176000 -> buy=176100 sell=177100
2026-05-07 10:29:28,220 [INFO] Cycle result: {'action': 'skip', 'detail': 'no_change'}
2026-05-07 10:29:28,220 [INFO] Waiting 2 minutes for next check...
2026-05-07 10:31:28,220 [INFO] Cycle start: Tehran=2026-05-07 14:01:28.220816+03:30 UTC=2026-05-07 10:31:28.220807+00:00
2026-05-07 10:31:28,664 [INFO] USD from Sulaymaniyah: mid=176000 -> buy=176100 sell=177100
2026-05-07 10:31:29,235 [INFO] Cycle result: {'action': 'skip', 'detail': 'no_change'}
2026-05-07 10:31:29,235 [INFO] Waiting 2 minutes for next check...
2026-05-07 10:33:29,235 [INFO] Cycle start: Tehran=2026-05-07 14:03:29.235593+03:30 UTC=2026-05-07 10:33:29.235584+00:00
2026-05-07 10:33:29,648 [INFO] USD from Sulaymaniyah: mid=176000 -> buy=176100 sell=177100
2026-05-07 10:33:30,449 [INFO] Cycle result: {'action': 'skip', 'detail': 'no_change'}
2026-05-07 10:33:30,449 [INFO] Waiting 2 minutes for next check...
2026-05-07 10:35:30,449 [INFO] Cycle start: Tehran=2026-05-07 14:05:30.449621+03:30 UTC=2026-05-07 10:35:30.449613+00:00
2026-05-07 10:35:30,884 [INFO] USD from Sulaymaniyah: mid=176000 -> buy=176100 sell=177100
2026-05-07 10:35:31,484 [INFO] Cycle result: {'action': 'skip', 'detail': 'no_change'}
2026-05-07 10:35:31,484 [INFO] Waiting 2 minutes for next check...
2026-05-07 10:37:31,485 [INFO] Cycle start: Tehran=2026-05-07 14:07:31.485077+03:30 UTC=2026-05-07 10:37:31.485068+00:00
2026-05-07 10:37:31,935 [INFO] USD from Sulaymaniyah: mid=176000 -> buy=176100 sell=177100
2026-05-07 10:37:32,526 [INFO] Cycle result: {'action': 'skip', 'detail': 'no_change'}
2026-05-07 10:37:32,526 [INFO] Waiting 2 minutes for next check...
2026-05-07 10:39:32,526 [INFO] Cycle start: Tehran=2026-05-07 14:09:32.526715+03:30 UTC=2026-05-07 10:39:32.526706+00:00
2026-05-07 10:39:33,053 [INFO] USD from Sulaymaniyah: mid=176000 -> buy=176100 sell=177100
2026-05-07 10:39:33,693 [INFO] Cycle result: {'action': 'skip', 'detail': 'no_change'}
2026-05-07 10:39:33,694 [INFO] Waiting 2 minutes for next check...
2026-05-07 10:41:33,694 [INFO] Cycle start: Tehran=2026-05-07 14:11:33.694349+03:30 UTC=2026-05-07 10:41:33.694341+00:00
2026-05-07 10:41:34,122 [INFO] USD from Sulaymaniyah: mid=176000 -> buy=176100 sell=177100
2026-05-07 10:41:34,728 [INFO] Cycle result: {'action': 'skip', 'detail': 'no_change'}
2026-05-07 10:41:34,729 [INFO] Waiting 2 minutes for next check...
2026-05-07 10:43:34,729 [INFO] Cycle start: Tehran=2026-05-07 14:13:34.729272+03:30 UTC=2026-05-07 10:43:34.729264+00:00
2026-05-07 10:43:35,130 [INFO] USD from Sulaymaniyah: mid=176000 -> buy=176100 sell=177100
2026-05-07 10:43:35,711 [INFO] Cycle result: {'action': 'skip', 'detail': 'no_change'}
2026-05-07 10:43:35,711 [INFO] Waiting 2 minutes for next check...
2026-05-07 10:45:35,711 [INFO] Cycle start: Tehran=2026-05-07 14:15:35.711508+03:30 UTC=2026-05-07 10:45:35.711499+00:00
2026-05-07 10:45:36,172 [INFO] USD from Sulaymaniyah: mid=176000 -> buy=176100 sell=177100
2026-05-07 10:45:36,837 [INFO] Cycle result: {'action': 'skip', 'detail': 'no_change'}
2026-05-07 10:45:36,837 [INFO] Waiting 2 minutes for next check...
2026-05-07 10:47:36,837 [INFO] Cycle start: Tehran=2026-05-07 14:17:36.837926+03:30 UTC=2026-05-07 10:47:36.837918+00:00
2026-05-07 10:47:37,391 [INFO] USD from Sulaymaniyah: mid=176000 -> buy=176100 sell=177100
2026-05-07 10:47:38,060 [INFO] Cycle result: {'action': 'skip', 'detail': 'no_change'}
2026-05-07 10:47:38,061 [INFO] Waiting 2 minutes for next check...
2026-05-07 10:49:38,061 [INFO] Cycle start: Tehran=2026-05-07 14:19:38.061290+03:30 UTC=2026-05-07 10:49:38.061279+00:00
2026-05-07 10:49:38,487 [INFO] USD from Sulaymaniyah: mid=176000 -> buy=176100 sell=177100
2026-05-07 10:49:39,074 [INFO] Cycle result: {'action': 'skip', 'detail': 'no_change'}
2026-05-07 10:49:39,075 [INFO] Waiting 2 minutes for next check...
2026-05-07 10:51:39,075 [INFO] Cycle start: Tehran=2026-05-07 14:21:39.075259+03:30 UTC=2026-05-07 10:51:39.075249+00:00
2026-05-07 10:51:39,502 [INFO] USD from Sulaymaniyah: mid=176000 -> buy=176100 sell=177100
2026-05-07 10:51:40,095 [INFO] Cycle result: {'action': 'skip', 'detail': 'no_change'}
2026-05-07 10:51:40,095 [INFO] Waiting 2 minutes for next check...
2026-05-07 10:53:40,095 [INFO] Cycle start: Tehran=2026-05-07 14:23:40.095949+03:30 UTC=2026-05-07 10:53:40.095941+00:00
2026-05-07 10:53:40,495 [INFO] USD from Sulaymaniyah: mid=176000 -> buy=176100 sell=177100
2026-05-07 10:53:41,144 [INFO] Cycle result: {'action': 'skip', 'detail': 'no_change'}
2026-05-07 10:53:41,144 [INFO] Waiting 2 minutes for next check...
2026-05-07 10:55:41,144 [INFO] Cycle start: Tehran=2026-05-07 14:25:41.144629+03:30 UTC=2026-05-07 10:55:41.144620+00:00
2026-05-07 10:55:41,551 [INFO] USD from Sulaymaniyah: mid=176000 -> buy=176100 sell=177100
2026-05-07 10:55:42,193 [INFO] Cycle result: {'action': 'skip', 'detail': 'no_change'}
2026-05-07 10:55:42,193 [INFO] Waiting 2 minutes for next check...
2026-05-07 10:57:42,193 [INFO] Cycle start: Tehran=2026-05-07 14:27:42.193727+03:30 UTC=2026-05-07 10:57:42.193719+00:00
2026-05-07 10:57:42,674 [INFO] USD from Sulaymaniyah: mid=176000 -> buy=176100 sell=177100
2026-05-07 10:57:43,421 [INFO] Cycle result: {'action': 'skip', 'detail': 'no_change'}
2026-05-07 10:57:43,421 [INFO] Waiting 2 minutes for next check...
2026-05-07 10:59:43,421 [INFO] Cycle start: Tehran=2026-05-07 14:29:43.421502+03:30 UTC=2026-05-07 10:59:43.421494+00:00
2026-05-07 10:59:43,833 [INFO] USD from Sulaymaniyah: mid=176000 -> buy=176100 sell=177100
2026-05-07 10:59:44,423 [INFO] Cycle result: {'action': 'skip', 'detail': 'no_change'}
2026-05-07 10:59:44,424 [INFO] Waiting 2 minutes for next check...
2026-05-07 11:01:44,424 [INFO] Cycle start: Tehran=2026-05-07 14:31:44.424318+03:30 UTC=2026-05-07 11:01:44.424309+00:00
2026-05-07 11:01:44,861 [INFO] USD from Sulaymaniyah: mid=176000 -> buy=176100 sell=177100
2026-05-07 11:01:45,461 [INFO] Cycle result: {'action': 'skip', 'detail': 'no_change'}
2026-05-07 11:01:45,461 [INFO] Waiting 2 minutes for next check...
2026-05-07 11:03:45,461 [INFO] Cycle start: Tehran=2026-05-07 14:33:45.461685+03:30 UTC=2026-05-07 11:03:45.461677+00:00
2026-05-07 11:03:45,862 [INFO] USD from Sulaymaniyah: mid=176000 -> buy=176100 sell=177100
2026-05-07 11:03:46,452 [INFO] Cycle result: {'action': 'skip', 'detail': 'no_change'}
2026-05-07 11:03:46,453 [INFO] Waiting 2 minutes for next check...
2026-05-07 12:20:06,601 [INFO] Starting multi-cycle run (25 mins)
2026-05-07 12:20:06,601 [INFO] Cycle start: Tehran=2026-05-07 15:50:06.601979+03:30 UTC=2026-05-07 12:20:06.601971+00:00
2026-05-07 12:20:06,994 [INFO] USD from Sulaymaniyah: mid=176000 -> buy=176100 sell=177100
2026-05-07 12:20:07,720 [INFO] Cycle result: {'action': 'skip', 'detail': 'no_change'}
2026-05-07 12:20:07,720 [INFO] Waiting 2 minutes for next check...
2026-05-07 12:22:07,720 [INFO] Cycle start: Tehran=2026-05-07 15:52:07.720548+03:30 UTC=2026-05-07 12:22:07.720539+00:00
2026-05-07 12:22:08,110 [INFO] USD from Sulaymaniyah: mid=176000 -> buy=176100 sell=177100
2026-05-07 12:22:08,696 [INFO] Cycle result: {'action': 'skip', 'detail': 'no_change'}
2026-05-07 12:22:08,696 [INFO] Waiting 2 minutes for next check...
2026-05-07 12:24:08,697 [INFO] Cycle start: Tehran=2026-05-07 15:54:08.697015+03:30 UTC=2026-05-07 12:24:08.697004+00:00
2026-05-07 12:24:09,088 [INFO] USD from Sulaymaniyah: mid=176000 -> buy=176100 sell=177100
2026-05-07 12:24:09,672 [INFO] Cycle result: {'action': 'skip', 'detail': 'no_change'}
2026-05-07 12:24:09,672 [INFO] Waiting 2 minutes for next check...
2026-05-07 12:26:09,672 [INFO] Cycle start: Tehran=2026-05-07 15:56:09.672721+03:30 UTC=2026-05-07 12:26:09.672713+00:00
2026-05-07 12:26:10,044 [INFO] USD from Sulaymaniyah: mid=176000 -> buy=176100 sell=177100
2026-05-07 12:26:10,694 [INFO] Cycle result: {'action': 'skip', 'detail': 'no_change'}
2026-05-07 12:26:10,694 [INFO] Waiting 2 minutes for next check...
2026-05-07 12:28:10,695 [INFO] Cycle start: Tehran=2026-05-07 15:58:10.695027+03:30 UTC=2026-05-07 12:28:10.695019+00:00
2026-05-07 12:28:11,062 [INFO] USD from Sulaymaniyah: mid=176000 -> buy=176100 sell=177100
2026-05-07 12:28:11,670 [INFO] Cycle result: {'action': 'skip', 'detail': 'no_change'}
2026-05-07 12:28:11,670 [INFO] Waiting 2 minutes for next check...
2026-05-07 12:30:11,671 [INFO] Cycle start: Tehran=2026-05-07 16:00:11.671006+03:30 UTC=2026-05-07 12:30:11.670998+00:00
2026-05-07 12:30:12,053 [INFO] USD from Sulaymaniyah: mid=176000 -> buy=176100 sell=177100
2026-05-07 12:30:12,625 [INFO] Cycle result: {'action': 'skip', 'detail': 'no_change'}
2026-05-07 12:30:12,625 [INFO] Waiting 2 minutes for next check...
2026-05-07 12:32:12,625 [INFO] Cycle start: Tehran=2026-05-07 16:02:12.625755+03:30 UTC=2026-05-07 12:32:12.625748+00:00
2026-05-07 12:32:12,996 [INFO] USD from Sulaymaniyah: mid=176000 -> buy=176100 sell=177100
2026-05-07 12:32:13,641 [INFO] Cycle result: {'action': 'skip', 'detail': 'no_change'}
2026-05-07 12:32:13,642 [INFO] Waiting 2 minutes for next check...
2026-05-07 12:34:13,642 [INFO] Cycle start: Tehran=2026-05-07 16:04:13.642264+03:30 UTC=2026-05-07 12:34:13.642256+00:00
2026-05-07 12:34:14,166 [INFO] USD from Sulaymaniyah: mid=176000 -> buy=176100 sell=177100
2026-05-07 12:34:14,749 [INFO] Cycle result: {'action': 'skip', 'detail': 'no_change'}
2026-05-07 12:34:14,750 [INFO] Waiting 2 minutes for next check...
2026-05-07 12:36:14,750 [INFO] Cycle start: Tehran=2026-05-07 16:06:14.750419+03:30 UTC=2026-05-07 12:36:14.750411+00:00
2026-05-07 12:36:15,156 [INFO] USD from Sulaymaniyah: mid=176000 -> buy=176100 sell=177100
2026-05-07 12:36:15,750 [INFO] Cycle result: {'action': 'skip', 'detail': 'no_change'}
2026-05-07 12:36:15,750 [INFO] Waiting 2 minutes for next check...
2026-05-07 12:38:15,750 [INFO] Cycle start: Tehran=2026-05-07 16:08:15.750725+03:30 UTC=2026-05-07 12:38:15.750718+00:00
2026-05-07 12:38:16,130 [INFO] USD from Sulaymaniyah: mid=176000 -> buy=176100 sell=177100
2026-05-07 12:38:16,902 [INFO] Cycle result: {'action': 'skip', 'detail': 'no_change'}
2026-05-07 12:38:16,902 [INFO] Waiting 2 minutes for next check...
2026-05-07 12:40:16,903 [INFO] Cycle start: Tehran=2026-05-07 16:10:16.903000+03:30 UTC=2026-05-07 12:40:16.902992+00:00
2026-05-07 12:40:17,275 [INFO] USD from Sulaymaniyah: mid=176000 -> buy=176100 sell=177100
2026-05-07 12:40:17,861 [INFO] Cycle result: {'action': 'skip', 'detail': 'no_change'}
2026-05-07 12:40:17,861 [INFO] Waiting 2 minutes for next check...
2026-05-07 12:42:17,861 [INFO] Cycle start: Tehran=2026-05-07 16:12:17.861438+03:30 UTC=2026-05-07 12:42:17.861430+00:00
2026-05-07 12:42:18,252 [INFO] USD from Sulaymaniyah: mid=176000 -> buy=176100 sell=177100
2026-05-07 12:42:18,814 [INFO] Cycle result: {'action': 'skip', 'detail': 'no_change'}
2026-05-07 12:42:18,814 [INFO] Waiting 2 minutes for next check...
2026-05-07 12:44:18,814 [INFO] Cycle start: Tehran=2026-05-07 16:14:18.814771+03:30 UTC=2026-05-07 12:44:18.814764+00:00
2026-05-07 12:44:19,179 [INFO] USD from Sulaymaniyah: mid=176000 -> buy=176100 sell=177100
2026-05-07 12:44:19,907 [INFO] Cycle result: {'action': 'skip', 'detail': 'no_change'}
2026-05-07 12:44:19,907 [INFO] Waiting 2 minutes for next check...
2026-05-07 12:46:19,907 [INFO] Cycle start: Tehran=2026-05-07 16:16:19.907664+03:30 UTC=2026-05-07 12:46:19.907657+00:00
2026-05-07 12:46:20,384 [INFO] USD from Sulaymaniyah: mid=176000 -> buy=176100 sell=177100
2026-05-07 12:46:21,009 [INFO] Cycle result: {'action': 'skip', 'detail': 'no_change'}
2026-05-07 12:46:21,009 [INFO] Waiting 2 minutes for next check...
2026-05-07 12:48:21,009 [INFO] Cycle start: Tehran=2026-05-07 16:18:21.009372+03:30 UTC=2026-05-07 12:48:21.009364+00:00
2026-05-07 12:48:21,379 [INFO] USD from Sulaymaniyah: mid=176000 -> buy=176100 sell=177100
2026-05-07 12:48:21,975 [INFO] Cycle result: {'action': 'skip', 'detail': 'no_change'}
2026-05-07 12:48:21,976 [INFO] Waiting 2 minutes for next check...
2026-05-07 12:50:21,976 [INFO] Cycle start: Tehran=2026-05-07 16:20:21.976250+03:30 UTC=2026-05-07 12:50:21.976243+00:00
2026-05-07 12:50:22,386 [INFO] USD from Sulaymaniyah: mid=176000 -> buy=176100 sell=177100
2026-05-07 12:50:23,110 [INFO] Cycle result: {'action': 'skip', 'detail': 'no_change'}
2026-05-07 12:50:23,110 [INFO] Waiting 2 minutes for next check...
2026-05-07 12:52:23,110 [INFO] Cycle start: Tehran=2026-05-07 16:22:23.110582+03:30 UTC=2026-05-07 12:52:23.110575+00:00
2026-05-07 12:52:23,484 [INFO] USD from Sulaymaniyah: mid=176000 -> buy=176100 sell=177100
2026-05-07 12:52:24,067 [INFO] Cycle result: {'action': 'skip', 'detail': 'no_change'}
2026-05-07 12:52:24,067 [INFO] Waiting 2 minutes for next check...
2026-05-07 12:54:24,067 [INFO] Cycle start: Tehran=2026-05-07 16:24:24.067566+03:30 UTC=2026-05-07 12:54:24.067558+00:00
2026-05-07 12:54:24,488 [INFO] USD from Sulaymaniyah: mid=176000 -> buy=176100 sell=177100
2026-05-07 12:54:25,108 [INFO] Cycle result: {'action': 'skip', 'detail': 'no_change'}
2026-05-07 12:54:25,108 [INFO] Waiting 2 minutes for next check...
2026-05-07 12:56:25,108 [INFO] Cycle start: Tehran=2026-05-07 16:26:25.108792+03:30 UTC=2026-05-07 12:56:25.108784+00:00
2026-05-07 12:56:25,487 [INFO] USD from Sulaymaniyah: mid=176000 -> buy=176100 sell=177100
2026-05-07 12:56:26,144 [INFO] Cycle result: {'action': 'skip', 'detail': 'no_change'}
2026-05-07 12:56:26,144 [INFO] Waiting 2 minutes for next check...
2026-05-07 12:58:26,144 [INFO] Cycle start: Tehran=2026-05-07 16:28:26.144766+03:30 UTC=2026-05-07 12:58:26.144759+00:00
2026-05-07 12:58:26,566 [INFO] USD from Sulaymaniyah: mid=176000 -> buy=176100 sell=177100
2026-05-07 12:58:27,132 [INFO] Cycle result: {'action': 'skip', 'detail': 'no_change'}
2026-05-07 12:58:27,132 [INFO] Waiting 2 minutes for next check...
2026-05-07 13:00:27,132 [INFO] Cycle start: Tehran=2026-05-07 16:30:27.132899+03:30 UTC=2026-05-07 13:00:27.132892+00:00
2026-05-07 13:00:27,527 [INFO] USD from Sulaymaniyah: mid=176000 -> buy=176100 sell=177100
2026-05-07 13:00:28,096 [INFO] Cycle result: {'action': 'skip', 'detail': 'no_change'}
2026-05-07 13:00:28,096 [INFO] Waiting 2 minutes for next check...
2026-05-07 13:02:28,096 [INFO] Cycle start: Tehran=2026-05-07 16:32:28.096716+03:30 UTC=2026-05-07 13:02:28.096707+00:00
2026-05-07 13:02:28,518 [INFO] USD from Sulaymaniyah: mid=176000 -> buy=176100 sell=177100
2026-05-07 13:02:29,252 [INFO] Cycle result: {'action': 'skip', 'detail': 'no_change'}
2026-05-07 13:02:29,252 [INFO] Waiting 2 minutes for next check...
2026-05-07 13:04:29,252 [INFO] Cycle start: Tehran=2026-05-07 16:34:29.252947+03:30 UTC=2026-05-07 13:04:29.252940+00:00
2026-05-07 13:04:29,620 [INFO] USD from Sulaymaniyah: mid=176000 -> buy=176100 sell=177100
2026-05-07 13:04:30,223 [INFO] Cycle result: {'action': 'skip', 'detail': 'no_change'}
2026-05-07 13:04:30,223 [INFO] Waiting 2 minutes for next check...
2026-05-07 13:06:30,223 [INFO] Cycle start: Tehran=2026-05-07 16:36:30.223768+03:30 UTC=2026-05-07 13:06:30.223761+00:00
2026-05-07 13:06:30,626 [INFO] USD from Sulaymaniyah: mid=176000 -> buy=176100 sell=177100
2026-05-07 13:06:31,281 [INFO] Cycle result: {'action': 'skip', 'detail': 'no_change'}
2026-05-07 13:06:31,282 [INFO] Waiting 2 minutes for next check...
2026-05-07 13:08:31,282 [INFO] Cycle start: Tehran=2026-05-07 16:38:31.282375+03:30 UTC=2026-05-07 13:08:31.282368+00:00
2026-05-07 13:08:31,667 [INFO] USD from Sulaymaniyah: mid=176000 -> buy=176100 sell=177100
2026-05-07 13:08:32,391 [INFO] Cycle result: {'action': 'skip', 'detail': 'no_change'}
2026-05-07 13:08:32,391 [INFO] Waiting 2 minutes for next check...
2026-05-07 13:10:32,391 [INFO] Cycle start: Tehran=2026-05-07 16:40:32.391647+03:30 UTC=2026-05-07 13:10:32.391640+00:00
2026-05-07 13:10:32,870 [INFO] USD from Sulaymaniyah: mid=176000 -> buy=176100 sell=177100
2026-05-07 13:10:33,456 [INFO] Cycle result: {'action': 'skip', 'detail': 'no_change'}
2026-05-07 13:10:33,456 [INFO] Waiting 2 minutes for next check...
2026-05-07 13:12:33,456 [INFO] Cycle start: Tehran=2026-05-07 16:42:33.456584+03:30 UTC=2026-05-07 13:12:33.456576+00:00
2026-05-07 13:12:33,850 [INFO] USD from Sulaymaniyah: mid=176000 -> buy=176100 sell=177100
2026-05-07 13:12:34,444 [INFO] Cycle result: {'action': 'skip', 'detail': 'no_change'}
2026-05-07 13:12:34,444 [INFO] Waiting 2 minutes for next check...
2026-05-07 13:14:34,445 [INFO] Cycle start: Tehran=2026-05-07 16:44:34.445170+03:30 UTC=2026-05-07 13:14:34.445163+00:00
2026-05-07 13:14:34,846 [INFO] USD from Sulaymaniyah: mid=176000 -> buy=176100 sell=177100
2026-05-07 13:14:35,559 [INFO] Cycle result: {'action': 'skip', 'detail': 'no_change'}
2026-05-07 13:14:35,559 [INFO] Waiting 2 minutes for next check...
2026-05-07 15:31:11,238 [INFO] Starting multi-cycle run (25 mins)
2026-05-07 15:31:11,238 [INFO] Cycle start: Tehran=2026-05-07 19:01:11.238788+03:30 UTC=2026-05-07 15:31:11.238781+00:00
2026-05-07 15:31:11,626 [INFO] USD from Sulaymaniyah: mid=176000 -> buy=176100 sell=177100
2026-05-07 15:31:12,324 [INFO] Cycle result: {'action': 'skip', 'detail': 'no_change'}
2026-05-07 15:31:12,325 [INFO] Waiting 2 minutes for next check...
2026-05-07 15:33:12,325 [INFO] Cycle start: Tehran=2026-05-07 19:03:12.325335+03:30 UTC=2026-05-07 15:33:12.325327+00:00
2026-05-07 15:33:12,723 [INFO] USD from Sulaymaniyah: mid=176000 -> buy=176100 sell=177100
2026-05-07 15:33:13,334 [INFO] Cycle result: {'action': 'skip', 'detail': 'no_change'}
2026-05-07 15:33:13,334 [INFO] Waiting 2 minutes for next check...
2026-05-07 15:35:13,334 [INFO] Cycle start: Tehran=2026-05-07 19:05:13.334927+03:30 UTC=2026-05-07 15:35:13.334917+00:00
2026-05-07 15:35:13,713 [INFO] USD from Sulaymaniyah: mid=176000 -> buy=176100 sell=177100
2026-05-07 15:35:14,301 [INFO] Cycle result: {'action': 'skip', 'detail': 'no_change'}
2026-05-07 15:35:14,301 [INFO] Waiting 2 minutes for next check...
2026-05-07 15:37:14,301 [INFO] Cycle start: Tehran=2026-05-07 19:07:14.301560+03:30 UTC=2026-05-07 15:37:14.301553+00:00
2026-05-07 15:37:14,709 [INFO] USD from Sulaymaniyah: mid=175800 -> buy=175900 sell=176900
2026-05-07 15:37:15,438 [INFO] Attempting to send message to @barxexchange
2026-05-07 15:37:15,838 [INFO] TG send success!
2026-05-07 15:37:15,839 [INFO] Cycle result: {'action': 'posted', 'detail': 'change'}
2026-05-07 15:37:15,839 [INFO] Waiting 2 minutes for next check...
2026-05-07 15:39:15,839 [INFO] Cycle start: Tehran=2026-05-07 19:09:15.839446+03:30 UTC=2026-05-07 15:39:15.839439+00:00
2026-05-07 15:39:16,228 [INFO] USD from Sulaymaniyah: mid=175800 -> buy=175900 sell=176900
2026-05-07 15:39:16,826 [INFO] Cycle result: {'action': 'skip', 'detail': 'no_change'}
2026-05-07 15:39:16,826 [INFO] Waiting 2 minutes for next check...
2026-05-07 15:41:16,826 [INFO] Cycle start: Tehran=2026-05-07 19:11:16.826693+03:30 UTC=2026-05-07 15:41:16.826686+00:00
2026-05-07 15:41:17,321 [INFO] USD from Sulaymaniyah: mid=175800 -> buy=175900 sell=176900
2026-05-07 15:41:17,947 [INFO] Cycle result: {'action': 'skip', 'detail': 'no_change'}
2026-05-07 15:41:17,947 [INFO] Waiting 2 minutes for next check...
2026-05-07 15:43:17,947 [INFO] Cycle start: Tehran=2026-05-07 19:13:17.947930+03:30 UTC=2026-05-07 15:43:17.947922+00:00
2026-05-07 15:43:18,358 [INFO] USD from Sulaymaniyah: mid=175800 -> buy=175900 sell=176900
2026-05-07 15:43:19,046 [INFO] Cycle result: {'action': 'skip', 'detail': 'no_change'}
2026-05-07 15:43:19,047 [INFO] Waiting 2 minutes for next check...
2026-05-07 15:45:19,047 [INFO] Cycle start: Tehran=2026-05-07 19:15:19.047217+03:30 UTC=2026-05-07 15:45:19.047209+00:00
2026-05-07 15:45:19,523 [INFO] USD from Sulaymaniyah: mid=175800 -> buy=175900 sell=176900
2026-05-07 15:45:20,128 [INFO] Cycle result: {'action': 'skip', 'detail': 'no_change'}
2026-05-07 15:45:20,128 [INFO] Waiting 2 minutes for next check...
2026-05-07 15:47:20,128 [INFO] Cycle start: Tehran=2026-05-07 19:17:20.128447+03:30 UTC=2026-05-07 15:47:20.128439+00:00
2026-05-07 15:47:20,496 [INFO] USD from Sulaymaniyah: mid=175800 -> buy=175900 sell=176900
2026-05-07 15:47:21,098 [INFO] Cycle result: {'action': 'skip', 'detail': 'no_change'}
2026-05-07 15:47:21,099 [INFO] Waiting 2 minutes for next check...
2026-05-07 15:49:21,099 [INFO] Cycle start: Tehran=2026-05-07 19:19:21.099365+03:30 UTC=2026-05-07 15:49:21.099357+00:00
2026-05-07 15:49:21,520 [INFO] USD from Sulaymaniyah: mid=175800 -> buy=175900 sell=176900
2026-05-07 15:49:22,157 [INFO] Cycle result: {'action': 'skip', 'detail': 'no_change'}
2026-05-07 15:49:22,157 [INFO] Waiting 2 minutes for next check...
2026-05-07 15:51:22,157 [INFO] Cycle start: Tehran=2026-05-07 19:21:22.157622+03:30 UTC=2026-05-07 15:51:22.157614+00:00
2026-05-07 15:51:22,533 [INFO] USD from Sulaymaniyah: mid=175800 -> buy=175900 sell=176900
2026-05-07 15:51:23,119 [INFO] Cycle result: {'action': 'skip', 'detail': 'no_change'}
2026-05-07 15:51:23,119 [INFO] Waiting 2 minutes for next check...
2026-05-07 15:53:23,119 [INFO] Cycle start: Tehran=2026-05-07 19:23:23.119749+03:30 UTC=2026-05-07 15:53:23.119741+00:00
2026-05-07 15:53:23,591 [INFO] USD from Sulaymaniyah: mid=175800 -> buy=175900 sell=176900
2026-05-07 15:53:24,166 [INFO] Cycle result: {'action': 'skip', 'detail': 'no_change'}
2026-05-07 15:53:24,166 [INFO] Waiting 2 minutes for next check...
2026-05-07 15:55:24,166 [INFO] Cycle start: Tehran=2026-05-07 19:25:24.166647+03:30 UTC=2026-05-07 15:55:24.166639+00:00
2026-05-07 15:55:24,533 [INFO] USD from Sulaymaniyah: mid=175800 -> buy=175900 sell=176900
2026-05-07 15:55:25,284 [INFO] Cycle result: {'action': 'skip', 'detail': 'no_change'}
2026-05-07 15:55:25,284 [INFO] Waiting 2 minutes for next check...
2026-05-07 15:57:25,284 [INFO] Cycle start: Tehran=2026-05-07 19:27:25.284497+03:30 UTC=2026-05-07 15:57:25.284490+00:00
2026-05-07 15:57:25,671 [INFO] USD from Sulaymaniyah: mid=175800 -> buy=175900 sell=176900
2026-05-07 15:57:26,336 [INFO] Cycle result: {'action': 'skip', 'detail': 'no_change'}
2026-05-07 15:57:26,336 [INFO] Waiting 2 minutes for next check...
2026-05-07 15:59:26,336 [INFO] Cycle start: Tehran=2026-05-07 19:29:26.336636+03:30 UTC=2026-05-07 15:59:26.336628+00:00
2026-05-07 15:59:26,706 [INFO] USD from Sulaymaniyah: mid=175800 -> buy=175900 sell=176900
2026-05-07 15:59:27,303 [INFO] Cycle result: {'action': 'skip', 'detail': 'no_change'}
2026-05-07 15:59:27,303 [INFO] Waiting 2 minutes for next check...
2026-05-07 16:01:27,303 [INFO] Cycle start: Tehran=2026-05-07 19:31:27.303391+03:30 UTC=2026-05-07 16:01:27.303385+00:00
2026-05-07 16:01:27,687 [INFO] USD from Sulaymaniyah: mid=175800 -> buy=175900 sell=176900
2026-05-07 16:01:28,476 [INFO] Cycle result: {'action': 'skip', 'detail': 'no_change'}
2026-05-07 16:01:28,476 [INFO] Waiting 2 minutes for next check...
2026-05-07 16:03:28,476 [INFO] Cycle start: Tehran=2026-05-07 19:33:28.476646+03:30 UTC=2026-05-07 16:03:28.476639+00:00
2026-05-07 16:03:28,899 [INFO] USD from Sulaymaniyah: mid=175800 -> buy=175900 sell=176900
2026-05-07 16:03:29,475 [INFO] Cycle result: {'action': 'skip', 'detail': 'no_change'}
2026-05-07 16:03:29,476 [INFO] Waiting 2 minutes for next check...
2026-05-07 16:05:29,476 [INFO] Cycle start: Tehran=2026-05-07 19:35:29.476412+03:30 UTC=2026-05-07 16:05:29.476405+00:00
2026-05-07 16:05:29,856 [INFO] USD from Sulaymaniyah: mid=175800 -> buy=175900 sell=176900
2026-05-07 16:05:30,468 [INFO] Cycle result: {'action': 'skip', 'detail': 'no_change'}
2026-05-07 16:05:30,468 [INFO] Waiting 2 minutes for next check...
2026-05-07 16:07:30,468 [INFO] Cycle start: Tehran=2026-05-07 19:37:30.468829+03:30 UTC=2026-05-07 16:07:30.468822+00:00
2026-05-07 16:07:30,878 [INFO] USD from Sulaymaniyah: mid=175800 -> buy=175900 sell=176900
2026-05-07 16:07:31,587 [INFO] Cycle result: {'action': 'skip', 'detail': 'no_change'}
2026-05-07 16:07:31,587 [INFO] Waiting 2 minutes for next check...
2026-05-07 16:09:31,587 [INFO] Cycle start: Tehran=2026-05-07 19:39:31.587942+03:30 UTC=2026-05-07 16:09:31.587935+00:00
2026-05-07 16:09:31,974 [INFO] USD from Sulaymaniyah: mid=175800 -> buy=175900 sell=176900
2026-05-07 16:09:32,552 [INFO] Cycle result: {'action': 'skip', 'detail': 'no_change'}
2026-05-07 16:09:32,553 [INFO] Waiting 2 minutes for next check...
2026-05-07 16:11:32,553 [INFO] Cycle start: Tehran=2026-05-07 19:41:32.553444+03:30 UTC=2026-05-07 16:11:32.553437+00:00
2026-05-07 16:11:32,921 [INFO] USD from Sulaymaniyah: mid=175800 -> buy=175900 sell=176900
2026-05-07 16:11:33,508 [INFO] Cycle result: {'action': 'skip', 'detail': 'no_change'}
2026-05-07 16:11:33,509 [INFO] Waiting 2 minutes for next check...
2026-05-07 16:13:33,509 [INFO] Cycle start: Tehran=2026-05-07 19:43:33.509347+03:30 UTC=2026-05-07 16:13:33.509339+00:00
2026-05-07 16:13:33,976 [INFO] USD from Sulaymaniyah: mid=175800 -> buy=175900 sell=176900
2026-05-07 16:13:34,668 [INFO] Cycle result: {'action': 'skip', 'detail': 'no_change'}
2026-05-07 16:13:34,668 [INFO] Waiting 2 minutes for next check...
2026-05-07 16:15:34,668 [INFO] Cycle start: Tehran=2026-05-07 19:45:34.668411+03:30 UTC=2026-05-07 16:15:34.668404+00:00
2026-05-07 16:15:35,033 [INFO] USD from Sulaymaniyah: mid=175800 -> buy=175900 sell=176900
2026-05-07 16:15:35,628 [INFO] Cycle result: {'action': 'skip', 'detail': 'no_change'}
2026-05-07 16:15:35,629 [INFO] Waiting 2 minutes for next check...
2026-05-07 16:17:35,629 [INFO] Cycle start: Tehran=2026-05-07 19:47:35.629201+03:30 UTC=2026-05-07 16:17:35.629193+00:00
2026-05-07 16:17:36,049 [INFO] USD from Sulaymaniyah: mid=175800 -> buy=175900 sell=176900
2026-05-07 16:17:36,668 [INFO] Cycle result: {'action': 'skip', 'detail': 'no_change'}
2026-05-07 16:17:36,668 [INFO] Waiting 2 minutes for next check...
2026-05-07 16:19:36,668 [INFO] Cycle start: Tehran=2026-05-07 19:49:36.668775+03:30 UTC=2026-05-07 16:19:36.668768+00:00
2026-05-07 16:19:37,040 [INFO] USD from Sulaymaniyah: mid=175800 -> buy=175900 sell=176900
2026-05-07 16:19:37,748 [INFO] Cycle result: {'action': 'skip', 'detail': 'no_change'}
2026-05-07 16:19:37,748 [INFO] Waiting 2 minutes for next check...
2026-05-07 16:21:37,748 [INFO] Cycle start: Tehran=2026-05-07 19:51:37.748671+03:30 UTC=2026-05-07 16:21:37.748659+00:00
2026-05-07 16:21:38,222 [INFO] USD from Sulaymaniyah: mid=175800 -> buy=175900 sell=176900
2026-05-07 16:21:38,794 [INFO] Cycle result: {'action': 'skip', 'detail': 'no_change'}
2026-05-07 16:21:38,794 [INFO] Waiting 2 minutes for next check...
2026-05-07 16:23:38,794 [INFO] Cycle start: Tehran=2026-05-07 19:53:38.794913+03:30 UTC=2026-05-07 16:23:38.794905+00:00
2026-05-07 16:23:39,172 [INFO] USD from Sulaymaniyah: mid=175800 -> buy=175900 sell=176900
2026-05-07 16:23:39,755 [INFO] Cycle result: {'action': 'skip', 'detail': 'no_change'}
2026-05-07 16:23:39,755 [INFO] Waiting 2 minutes for next check...
2026-05-07 16:25:39,756 [INFO] Cycle start: Tehran=2026-05-07 19:55:39.756013+03:30 UTC=2026-05-07 16:25:39.756006+00:00
2026-05-07 16:25:40,220 [INFO] USD from Sulaymaniyah: mid=175800 -> buy=175900 sell=176900
2026-05-07 16:25:40,963 [INFO] Cycle result: {'action': 'skip', 'detail': 'no_change'}
2026-05-07 16:25:40,963 [INFO] Waiting 2 minutes for next check...
2026-05-07 18:13:13,230 [INFO] Starting multi-cycle run (25 mins)
2026-05-07 18:13:13,230 [INFO] Cycle start: Tehran=2026-05-07 21:43:13.230374+03:30 UTC=2026-05-07 18:13:13.230365+00:00
2026-05-07 18:13:13,690 [INFO] USD from Sulaymaniyah: mid=175800 -> buy=175900 sell=176900
2026-05-07 18:13:14,265 [INFO] Cycle result: {'action': 'skip', 'detail': 'no_change'}
2026-05-07 18:13:14,266 [INFO] Waiting 2 minutes for next check...
2026-05-07 18:15:14,266 [INFO] Cycle start: Tehran=2026-05-07 21:45:14.266209+03:30 UTC=2026-05-07 18:15:14.266200+00:00
2026-05-07 18:15:14,627 [INFO] USD from Sulaymaniyah: mid=175800 -> buy=175900 sell=176900
2026-05-07 18:15:15,206 [INFO] Cycle result: {'action': 'skip', 'detail': 'no_change'}
2026-05-07 18:15:15,206 [INFO] Waiting 2 minutes for next check...
2026-05-07 18:17:15,206 [INFO] Cycle start: Tehran=2026-05-07 21:47:15.206584+03:30 UTC=2026-05-07 18:17:15.206571+00:00
2026-05-07 18:17:15,613 [INFO] USD from Sulaymaniyah: mid=175800 -> buy=175900 sell=176900
2026-05-07 18:17:16,143 [INFO] Cycle result: {'action': 'skip', 'detail': 'no_change'}
2026-05-07 18:17:16,143 [INFO] Waiting 2 minutes for next check...
2026-05-07 18:19:16,143 [INFO] Cycle start: Tehran=2026-05-07 21:49:16.143722+03:30 UTC=2026-05-07 18:19:16.143713+00:00
2026-05-07 18:19:16,503 [INFO] USD from Sulaymaniyah: mid=175800 -> buy=175900 sell=176900
2026-05-07 18:19:17,163 [INFO] Cycle result: {'action': 'skip', 'detail': 'no_change'}
2026-05-07 18:19:17,164 [INFO] Waiting 2 minutes for next check...
2026-05-07 18:21:17,164 [INFO] Cycle start: Tehran=2026-05-07 21:51:17.164284+03:30 UTC=2026-05-07 18:21:17.164275+00:00
2026-05-07 18:21:17,549 [INFO] USD from Sulaymaniyah: mid=175800 -> buy=175900 sell=176900
2026-05-07 18:21:18,067 [INFO] Cycle result: {'action': 'skip', 'detail': 'no_change'}
2026-05-07 18:21:18,067 [INFO] Waiting 2 minutes for next check...
2026-05-07 18:23:18,067 [INFO] Cycle start: Tehran=2026-05-07 21:53:18.067748+03:30 UTC=2026-05-07 18:23:18.067739+00:00
2026-05-07 18:23:18,446 [INFO] USD from Sulaymaniyah: mid=175800 -> buy=175900 sell=176900
2026-05-07 18:23:18,999 [INFO] Cycle result: {'action': 'skip', 'detail': 'no_change'}
2026-05-07 18:23:18,999 [INFO] Waiting 2 minutes for next check...
2026-05-07 18:25:18,999 [INFO] Cycle start: Tehran=2026-05-07 21:55:18.999846+03:30 UTC=2026-05-07 18:25:18.999837+00:00
2026-05-07 18:25:19,394 [INFO] USD from Sulaymaniyah: mid=175800 -> buy=175900 sell=176900
2026-05-07 18:25:20,072 [INFO] Cycle result: {'action': 'skip', 'detail': 'no_change'}
2026-05-07 18:25:20,072 [INFO] Waiting 2 minutes for next check...
2026-05-07 18:27:20,072 [INFO] Cycle start: Tehran=2026-05-07 21:57:20.072892+03:30 UTC=2026-05-07 18:27:20.072882+00:00
2026-05-07 18:27:20,478 [INFO] USD from Sulaymaniyah: mid=175800 -> buy=175900 sell=176900
2026-05-07 18:27:21,021 [INFO] Cycle result: {'action': 'skip', 'detail': 'no_change'}
2026-05-07 18:27:21,021 [INFO] Waiting 2 minutes for next check...
2026-05-07 18:29:21,021 [INFO] Cycle start: Tehran=2026-05-07 21:59:21.021563+03:30 UTC=2026-05-07 18:29:21.021554+00:00
2026-05-07 18:29:22,088 [INFO] USD from Sulaymaniyah: mid=175800 -> buy=175900 sell=176900
2026-05-07 18:29:23,210 [INFO] Cycle result: {'action': 'skip', 'detail': 'no_change'}
2026-05-07 18:29:23,210 [INFO] Waiting 2 minutes for next check...
2026-05-07 18:31:23,210 [INFO] Cycle start: Tehran=2026-05-07 22:01:23.210884+03:30 UTC=2026-05-07 18:31:23.210875+00:00
2026-05-07 18:31:23,599 [INFO] USD from Sulaymaniyah: mid=175800 -> buy=175900 sell=176900
2026-05-07 18:31:24,258 [INFO] Cycle result: {'action': 'skip', 'detail': 'no_change'}
2026-05-07 18:31:24,258 [INFO] Waiting 2 minutes for next check...
2026-05-07 18:33:24,259 [INFO] Cycle start: Tehran=2026-05-07 22:03:24.259021+03:30 UTC=2026-05-07 18:33:24.259012+00:00
2026-05-07 18:33:24,624 [INFO] USD from Sulaymaniyah: mid=175800 -> buy=175900 sell=176900
2026-05-07 18:33:25,169 [INFO] Cycle result: {'action': 'skip', 'detail': 'no_change'}
2026-05-07 18:33:25,170 [INFO] Waiting 2 minutes for next check...
2026-05-07 18:35:25,170 [INFO] Cycle start: Tehran=2026-05-07 22:05:25.170374+03:30 UTC=2026-05-07 18:35:25.170365+00:00
2026-05-07 18:35:25,532 [INFO] USD from Sulaymaniyah: mid=175800 -> buy=175900 sell=176900
2026-05-07 18:35:26,072 [INFO] Cycle result: {'action': 'skip', 'detail': 'no_change'}
2026-05-07 18:35:26,073 [INFO] Waiting 2 minutes for next check...
2026-05-07 18:37:26,073 [INFO] Cycle start: Tehran=2026-05-07 22:07:26.073250+03:30 UTC=2026-05-07 18:37:26.073241+00:00
2026-05-07 18:37:26,425 [INFO] USD from Sulaymaniyah: mid=175800 -> buy=175900 sell=176900
2026-05-07 18:37:27,174 [INFO] Cycle result: {'action': 'skip', 'detail': 'no_change'}
2026-05-07 18:37:27,174 [INFO] Waiting 2 minutes for next check...
2026-05-07 18:39:27,174 [INFO] Cycle start: Tehran=2026-05-07 22:09:27.174432+03:30 UTC=2026-05-07 18:39:27.174424+00:00
2026-05-07 18:39:27,587 [INFO] USD from Sulaymaniyah: mid=175800 -> buy=175900 sell=176900
2026-05-07 18:39:28,140 [INFO] Cycle result: {'action': 'skip', 'detail': 'no_change'}
2026-05-07 18:39:28,140 [INFO] Waiting 2 minutes for next check...
2026-05-07 18:41:28,141 [INFO] Cycle start: Tehran=2026-05-07 22:11:28.141048+03:30 UTC=2026-05-07 18:41:28.141039+00:00
2026-05-07 18:41:28,507 [INFO] USD from Sulaymaniyah: mid=175800 -> buy=175900 sell=176900
2026-05-07 18:41:29,046 [INFO] Cycle result: {'action': 'skip', 'detail': 'no_change'}
2026-05-07 18:41:29,046 [INFO] Waiting 2 minutes for next check...
2026-05-07 18:43:29,047 [INFO] Cycle start: Tehran=2026-05-07 22:13:29.047000+03:30 UTC=2026-05-07 18:43:29.046991+00:00
2026-05-07 18:43:29,437 [INFO] USD from Sulaymaniyah: mid=175800 -> buy=175900 sell=176900
2026-05-07 18:43:30,018 [INFO] Cycle result: {'action': 'skip', 'detail': 'no_change'}
2026-05-07 18:43:30,018 [INFO] Waiting 2 minutes for next check...
2026-05-07 18:45:30,019 [INFO] Cycle start: Tehran=2026-05-07 22:15:30.019137+03:30 UTC=2026-05-07 18:45:30.019128+00:00
2026-05-07 18:45:30,374 [INFO] USD from Sulaymaniyah: mid=175800 -> buy=175900 sell=176900
2026-05-07 18:45:30,920 [INFO] Cycle result: {'action': 'skip', 'detail': 'no_change'}
2026-05-07 18:45:30,920 [INFO] Waiting 2 minutes for next check...
2026-05-07 18:47:30,920 [INFO] Cycle start: Tehran=2026-05-07 22:17:30.920482+03:30 UTC=2026-05-07 18:47:30.920473+00:00
2026-05-07 18:47:31,350 [INFO] USD from Sulaymaniyah: mid=175800 -> buy=175900 sell=176900
2026-05-07 18:47:31,898 [INFO] Cycle result: {'action': 'skip', 'detail': 'no_change'}
2026-05-07 18:47:31,898 [INFO] Waiting 2 minutes for next check...
2026-05-07 18:49:31,898 [INFO] Cycle start: Tehran=2026-05-07 22:19:31.898703+03:30 UTC=2026-05-07 18:49:31.898694+00:00
2026-05-07 18:49:34,192 [INFO] USD from Sulaymaniyah: mid=175800 -> buy=175900 sell=176900
2026-05-07 18:49:36,874 [INFO] Cycle result: {'action': 'skip', 'detail': 'no_change'}
2026-05-07 18:49:36,874 [INFO] Waiting 2 minutes for next check...
2026-05-07 18:51:36,874 [INFO] Cycle start: Tehran=2026-05-07 22:21:36.874579+03:30 UTC=2026-05-07 18:51:36.874570+00:00
2026-05-07 18:51:37,241 [INFO] USD from Sulaymaniyah: mid=175800 -> buy=175900 sell=176900
2026-05-07 18:51:37,785 [INFO] Cycle result: {'action': 'skip', 'detail': 'no_change'}
2026-05-07 18:51:37,785 [INFO] Waiting 2 minutes for next check...
2026-05-07 18:53:37,785 [INFO] Cycle start: Tehran=2026-05-07 22:23:37.785476+03:30 UTC=2026-05-07 18:53:37.785467+00:00
2026-05-07 18:53:38,152 [INFO] USD from Sulaymaniyah: mid=175800 -> buy=175900 sell=176900
2026-05-07 18:53:38,678 [INFO] Cycle result: {'action': 'skip', 'detail': 'no_change'}
2026-05-07 18:53:38,678 [INFO] Waiting 2 minutes for next check...
2026-05-07 18:55:38,678 [INFO] Cycle start: Tehran=2026-05-07 22:25:38.678730+03:30 UTC=2026-05-07 18:55:38.678720+00:00
2026-05-07 18:55:39,079 [INFO] USD from Sulaymaniyah: mid=175800 -> buy=175900 sell=176900
2026-05-07 18:55:39,667 [INFO] Cycle result: {'action': 'skip', 'detail': 'no_change'}
2026-05-07 18:55:39,668 [INFO] Waiting 2 minutes for next check...
2026-05-07 18:57:39,668 [INFO] Cycle start: Tehran=2026-05-07 22:27:39.668281+03:30 UTC=2026-05-07 18:57:39.668272+00:00
2026-05-07 18:57:40,050 [INFO] USD from Sulaymaniyah: mid=175800 -> buy=175900 sell=176900
2026-05-07 18:57:40,611 [INFO] Cycle result: {'action': 'skip', 'detail': 'no_change'}
2026-05-07 18:57:40,611 [INFO] Waiting 2 minutes for next check...
2026-05-07 18:59:40,611 [INFO] Cycle start: Tehran=2026-05-07 22:29:40.611452+03:30 UTC=2026-05-07 18:59:40.611443+00:00
2026-05-07 18:59:41,039 [INFO] USD from Sulaymaniyah: mid=175800 -> buy=175900 sell=176900
2026-05-07 18:59:41,562 [INFO] Cycle result: {'action': 'skip', 'detail': 'no_change'}
2026-05-07 18:59:41,562 [INFO] Waiting 2 minutes for next check...
2026-05-07 19:01:41,563 [INFO] Cycle start: Tehran=2026-05-07 22:31:41.563020+03:30 UTC=2026-05-07 19:01:41.563012+00:00
2026-05-07 19:01:41,939 [INFO] USD from Sulaymaniyah: mid=175800 -> buy=175900 sell=176900
2026-05-07 19:01:42,678 [INFO] Cycle result: {'action': 'skip', 'detail': 'no_change'}
2026-05-07 19:01:42,678 [INFO] Waiting 2 minutes for next check...
2026-05-07 19:03:42,678 [INFO] Cycle start: Tehran=2026-05-07 22:33:42.678473+03:30 UTC=2026-05-07 19:03:42.678464+00:00
2026-05-07 19:03:43,140 [INFO] USD from Sulaymaniyah: mid=175800 -> buy=175900 sell=176900
2026-05-07 19:03:43,673 [INFO] Cycle result: {'action': 'skip', 'detail': 'no_change'}
2026-05-07 19:03:43,673 [INFO] Waiting 2 minutes for next check...
2026-05-07 19:05:43,673 [INFO] Cycle start: Tehran=2026-05-07 22:35:43.673887+03:30 UTC=2026-05-07 19:05:43.673878+00:00
2026-05-07 19:05:44,030 [INFO] USD from Sulaymaniyah: mid=175800 -> buy=175900 sell=176900
2026-05-07 19:05:44,585 [INFO] Cycle result: {'action': 'skip', 'detail': 'no_change'}
2026-05-07 19:05:44,585 [INFO] Waiting 2 minutes for next check...
2026-05-07 19:07:44,586 [INFO] Cycle start: Tehran=2026-05-07 22:37:44.586065+03:30 UTC=2026-05-07 19:07:44.586057+00:00
2026-05-07 19:07:44,959 [INFO] USD from Sulaymaniyah: mid=175800 -> buy=175900 sell=176900
2026-05-07 19:07:45,646 [INFO] Cycle result: {'action': 'skip', 'detail': 'no_change'}
2026-05-07 19:07:45,646 [INFO] Waiting 2 minutes for next check...
2026-05-07 21:40:03,857 [INFO] Starting multi-cycle run (25 mins)
2026-05-07 21:40:03,857 [INFO] Cycle start: Tehran=2026-05-08 01:10:03.857753+03:30 UTC=2026-05-07 21:40:03.857744+00:00
2026-05-07 21:40:04,524 [INFO] USD from Sulaymaniyah: mid=175800 -> buy=175900 sell=176900
2026-05-07 21:40:05,369 [INFO] Cycle result: {'action': 'skip', 'detail': 'no_change'}
2026-05-07 21:40:05,369 [INFO] Waiting 2 minutes for next check...
2026-05-07 21:42:05,369 [INFO] Cycle start: Tehran=2026-05-08 01:12:05.369690+03:30 UTC=2026-05-07 21:42:05.369683+00:00
2026-05-07 21:42:05,955 [INFO] USD from Sulaymaniyah: mid=175800 -> buy=175900 sell=176900
2026-05-07 21:42:06,751 [INFO] Cycle result: {'action': 'skip', 'detail': 'no_change'}
2026-05-07 21:42:06,752 [INFO] Waiting 2 minutes for next check...
2026-05-07 21:44:06,752 [INFO] Cycle start: Tehran=2026-05-08 01:14:06.752624+03:30 UTC=2026-05-07 21:44:06.752613+00:00
2026-05-07 21:44:07,377 [INFO] USD from Sulaymaniyah: mid=175800 -> buy=175900 sell=176900
2026-05-07 21:44:08,152 [INFO] Cycle result: {'action': 'skip', 'detail': 'no_change'}
2026-05-07 21:44:08,153 [INFO] Waiting 2 minutes for next check...
2026-05-07 21:46:08,153 [INFO] Cycle start: Tehran=2026-05-08 01:16:08.153404+03:30 UTC=2026-05-07 21:46:08.153396+00:00
2026-05-07 21:46:08,737 [INFO] USD from Sulaymaniyah: mid=175800 -> buy=175900 sell=176900
2026-05-07 21:46:09,560 [INFO] Cycle result: {'action': 'skip', 'detail': 'no_change'}
2026-05-07 21:46:09,560 [INFO] Waiting 2 minutes for next check...
2026-05-07 21:48:09,560 [INFO] Cycle start: Tehran=2026-05-08 01:18:09.560505+03:30 UTC=2026-05-07 21:48:09.560497+00:00
2026-05-07 21:48:10,153 [INFO] USD from Sulaymaniyah: mid=175800 -> buy=175900 sell=176900
2026-05-07 21:48:10,916 [INFO] Cycle result: {'action': 'skip', 'detail': 'no_change'}
2026-05-07 21:48:10,916 [INFO] Waiting 2 minutes for next check...
2026-05-07 21:50:10,916 [INFO] Cycle start: Tehran=2026-05-08 01:20:10.916597+03:30 UTC=2026-05-07 21:50:10.916589+00:00
2026-05-07 21:50:11,562 [INFO] USD from Sulaymaniyah: mid=175800 -> buy=175900 sell=176900
2026-05-07 21:50:12,315 [INFO] Cycle result: {'action': 'skip', 'detail': 'no_change'}
2026-05-07 21:50:12,316 [INFO] Waiting 2 minutes for next check...
2026-05-07 21:52:12,316 [INFO] Cycle start: Tehran=2026-05-08 01:22:12.316491+03:30 UTC=2026-05-07 21:52:12.316483+00:00
2026-05-07 21:52:12,913 [INFO] USD from Sulaymaniyah: mid=175800 -> buy=175900 sell=176900
2026-05-07 21:52:13,697 [INFO] Cycle result: {'action': 'skip', 'detail': 'no_change'}
2026-05-07 21:52:13,697 [INFO] Waiting 2 minutes for next check...
2026-05-07 21:54:13,697 [INFO] Cycle start: Tehran=2026-05-08 01:24:13.697594+03:30 UTC=2026-05-07 21:54:13.697586+00:00
2026-05-07 21:54:14,313 [INFO] USD from Sulaymaniyah: mid=175800 -> buy=175900 sell=176900
2026-05-07 21:54:15,075 [INFO] Cycle result: {'action': 'skip', 'detail': 'no_change'}
2026-05-07 21:54:15,075 [INFO] Waiting 2 minutes for next check...
2026-05-07 21:56:15,075 [INFO] Cycle start: Tehran=2026-05-08 01:26:15.075836+03:30 UTC=2026-05-07 21:56:15.075829+00:00
2026-05-07 21:56:15,667 [INFO] USD from Sulaymaniyah: mid=175800 -> buy=175900 sell=176900
2026-05-07 21:56:16,428 [INFO] Cycle result: {'action': 'skip', 'detail': 'no_change'}
2026-05-07 21:56:16,428 [INFO] Waiting 2 minutes for next check...
2026-05-07 21:58:16,429 [INFO] Cycle start: Tehran=2026-05-08 01:28:16.429073+03:30 UTC=2026-05-07 21:58:16.429066+00:00
2026-05-07 21:58:17,019 [INFO] USD from Sulaymaniyah: mid=175800 -> buy=175900 sell=176900
2026-05-07 21:58:17,805 [INFO] Cycle result: {'action': 'skip', 'detail': 'no_change'}
2026-05-07 21:58:17,805 [INFO] Waiting 2 minutes for next check...
2026-05-07 22:00:17,806 [INFO] Cycle start: Tehran=2026-05-08 01:30:17.806114+03:30 UTC=2026-05-07 22:00:17.806106+00:00
2026-05-07 22:00:18,420 [INFO] USD from Sulaymaniyah: mid=175800 -> buy=175900 sell=176900
2026-05-07 22:00:19,169 [INFO] Cycle result: {'action': 'skip', 'detail': 'no_change'}
2026-05-07 22:00:19,170 [INFO] Waiting 2 minutes for next check...
2026-05-07 22:02:19,170 [INFO] Cycle start: Tehran=2026-05-08 01:32:19.170257+03:30 UTC=2026-05-07 22:02:19.170250+00:00
2026-05-07 22:02:19,808 [INFO] USD from Sulaymaniyah: mid=175800 -> buy=175900 sell=176900
2026-05-07 22:02:20,546 [INFO] Cycle result: {'action': 'skip', 'detail': 'no_change'}
2026-05-07 22:02:20,546 [INFO] Waiting 2 minutes for next check...
2026-05-07 22:04:20,546 [INFO] Cycle start: Tehran=2026-05-08 01:34:20.546962+03:30 UTC=2026-05-07 22:04:20.546955+00:00
2026-05-07 22:04:21,133 [INFO] USD from Sulaymaniyah: mid=175800 -> buy=175900 sell=176900
2026-05-07 22:04:21,983 [INFO] Cycle result: {'action': 'skip', 'detail': 'no_change'}
2026-05-07 22:04:21,984 [INFO] Waiting 2 minutes for next check...
2026-05-07 22:06:21,984 [INFO] Cycle start: Tehran=2026-05-08 01:36:21.984424+03:30 UTC=2026-05-07 22:06:21.984417+00:00
2026-05-07 22:06:22,570 [INFO] USD from Sulaymaniyah: mid=175800 -> buy=175900 sell=176900
2026-05-07 22:06:23,339 [INFO] Cycle result: {'action': 'skip', 'detail': 'no_change'}
2026-05-07 22:06:23,339 [INFO] Waiting 2 minutes for next check...
2026-05-07 22:08:23,339 [INFO] Cycle start: Tehran=2026-05-08 01:38:23.339682+03:30 UTC=2026-05-07 22:08:23.339675+00:00
2026-05-07 22:08:23,928 [INFO] USD from Sulaymaniyah: mid=175800 -> buy=175900 sell=176900
2026-05-07 22:08:24,670 [INFO] Cycle result: {'action': 'skip', 'detail': 'no_change'}
2026-05-07 22:08:24,671 [INFO] Waiting 2 minutes for next check...
2026-05-07 22:10:24,671 [INFO] Cycle start: Tehran=2026-05-08 01:40:24.671359+03:30 UTC=2026-05-07 22:10:24.671352+00:00
2026-05-07 22:10:25,333 [INFO] USD from Sulaymaniyah: mid=175800 -> buy=175900 sell=176900
2026-05-07 22:10:26,158 [INFO] Cycle result: {'action': 'skip', 'detail': 'no_change'}
2026-05-07 22:10:26,159 [INFO] Waiting 2 minutes for next check...
2026-05-07 22:12:26,159 [INFO] Cycle start: Tehran=2026-05-08 01:42:26.159270+03:30 UTC=2026-05-07 22:12:26.159262+00:00
2026-05-07 22:12:26,746 [INFO] USD from Sulaymaniyah: mid=175800 -> buy=175900 sell=176900
2026-05-07 22:12:27,491 [INFO] Cycle result: {'action': 'skip', 'detail': 'no_change'}
2026-05-07 22:12:27,491 [INFO] Waiting 2 minutes for next check...
2026-05-07 22:14:27,491 [INFO] Cycle start: Tehran=2026-05-08 01:44:27.491867+03:30 UTC=2026-05-07 22:14:27.491859+00:00
2026-05-07 22:14:28,175 [INFO] USD from Sulaymaniyah: mid=175800 -> buy=175900 sell=176900
2026-05-07 22:14:28,955 [INFO] Cycle result: {'action': 'skip', 'detail': 'no_change'}
2026-05-07 22:14:28,956 [INFO] Waiting 2 minutes for next check...
2026-05-07 22:16:28,956 [INFO] Cycle start: Tehran=2026-05-08 01:46:28.956392+03:30 UTC=2026-05-07 22:16:28.956384+00:00
2026-05-07 22:16:29,545 [INFO] USD from Sulaymaniyah: mid=175800 -> buy=175900 sell=176900
2026-05-07 22:16:30,429 [INFO] Cycle result: {'action': 'skip', 'detail': 'no_change'}
2026-05-07 22:16:30,430 [INFO] Waiting 2 minutes for next check...
2026-05-07 22:18:30,430 [INFO] Cycle start: Tehran=2026-05-08 01:48:30.430286+03:30 UTC=2026-05-07 22:18:30.430278+00:00
2026-05-07 22:18:31,089 [INFO] USD from Sulaymaniyah: mid=175800 -> buy=175900 sell=176900
2026-05-07 22:18:31,830 [INFO] Cycle result: {'action': 'skip', 'detail': 'no_change'}
2026-05-07 22:18:31,830 [INFO] Waiting 2 minutes for next check...
2026-05-07 22:20:31,831 [INFO] Cycle start: Tehran=2026-05-08 01:50:31.831062+03:30 UTC=2026-05-07 22:20:31.831055+00:00
2026-05-07 22:20:32,489 [INFO] USD from Sulaymaniyah: mid=175800 -> buy=175900 sell=176900
2026-05-07 22:20:33,255 [INFO] Cycle result: {'action': 'skip', 'detail': 'no_change'}
2026-05-07 22:20:33,255 [INFO] Waiting 2 minutes for next check...
2026-05-07 22:22:33,255 [INFO] Cycle start: Tehran=2026-05-08 01:52:33.255534+03:30 UTC=2026-05-07 22:22:33.255526+00:00
2026-05-07 22:22:33,897 [INFO] USD from Sulaymaniyah: mid=175800 -> buy=175900 sell=176900
2026-05-07 22:22:34,698 [INFO] Cycle result: {'action': 'skip', 'detail': 'no_change'}
2026-05-07 22:22:34,698 [INFO] Waiting 2 minutes for next check...
2026-05-07 22:24:34,698 [INFO] Cycle start: Tehran=2026-05-08 01:54:34.698652+03:30 UTC=2026-05-07 22:24:34.698645+00:00
2026-05-07 22:24:35,283 [INFO] USD from Sulaymaniyah: mid=175800 -> buy=175900 sell=176900
2026-05-07 22:24:36,024 [INFO] Cycle result: {'action': 'skip', 'detail': 'no_change'}
2026-05-07 22:24:36,025 [INFO] Waiting 2 minutes for next check...
2026-05-07 22:26:36,025 [INFO] Cycle start: Tehran=2026-05-08 01:56:36.025544+03:30 UTC=2026-05-07 22:26:36.025536+00:00
2026-05-07 22:26:36,667 [INFO] USD from Sulaymaniyah: mid=175800 -> buy=175900 sell=176900
2026-05-07 22:26:37,406 [INFO] Cycle result: {'action': 'skip', 'detail': 'no_change'}
2026-05-07 22:26:37,406 [INFO] Waiting 2 minutes for next check...
2026-05-07 22:28:37,406 [INFO] Cycle start: Tehran=2026-05-08 01:58:37.406502+03:30 UTC=2026-05-07 22:28:37.406495+00:00
2026-05-07 22:28:37,989 [INFO] USD from Sulaymaniyah: mid=175800 -> buy=175900 sell=176900
2026-05-07 22:28:38,785 [INFO] Cycle result: {'action': 'skip', 'detail': 'no_change'}
2026-05-07 22:28:38,785 [INFO] Waiting 2 minutes for next check...
2026-05-07 22:30:38,785 [INFO] Cycle start: Tehran=2026-05-08 02:00:38.785729+03:30 UTC=2026-05-07 22:30:38.785722+00:00
2026-05-07 22:30:39,435 [INFO] USD from Sulaymaniyah: mid=175800 -> buy=175900 sell=176900
2026-05-07 22:30:40,182 [INFO] Cycle result: {'action': 'skip', 'detail': 'no_change'}
2026-05-07 22:30:40,182 [INFO] Waiting 2 minutes for next check...
2026-05-07 22:32:40,182 [INFO] Cycle start: Tehran=2026-05-08 02:02:40.182576+03:30 UTC=2026-05-07 22:32:40.182568+00:00
2026-05-07 22:32:40,770 [INFO] USD from Sulaymaniyah: mid=175800 -> buy=175900 sell=176900
2026-05-07 22:32:41,535 [INFO] Cycle result: {'action': 'skip', 'detail': 'no_change'}
2026-05-07 22:32:41,535 [INFO] Waiting 2 minutes for next check...
2026-05-07 22:34:41,535 [INFO] Cycle start: Tehran=2026-05-08 02:04:41.535601+03:30 UTC=2026-05-07 22:34:41.535594+00:00
2026-05-07 22:34:42,196 [INFO] USD from Sulaymaniyah: mid=175800 -> buy=175900 sell=176900
2026-05-07 22:34:42,999 [INFO] Cycle result: {'action': 'skip', 'detail': 'no_change'}
2026-05-07 22:34:42,999 [INFO] Waiting 2 minutes for next check...
2026-05-08 10:54:27,206 [INFO] Starting multi-cycle run (25 mins)
2026-05-08 10:54:27,207 [INFO] Cycle start: Tehran=2026-05-08 14:24:27.207012+03:30 UTC=2026-05-08 10:54:27.207005+00:00
2026-05-08 10:54:28,712 [INFO] Attempting to send message to @barxexchange
2026-05-08 10:54:29,122 [INFO] TG send success!
2026-05-08 10:54:29,122 [INFO] Cycle result: {'action': 'posted', 'detail': 'change'}
2026-05-08 10:54:29,122 [INFO] Waiting 2 minutes for next check...
2026-05-08 10:56:29,123 [INFO] Cycle start: Tehran=2026-05-08 14:26:29.123139+03:30 UTC=2026-05-08 10:56:29.123131+00:00
2026-05-08 10:56:30,398 [INFO] Cycle result: {'action': 'skip', 'detail': 'no_change'}
2026-05-08 10:56:30,398 [INFO] Waiting 2 minutes for next check...
2026-05-08 10:58:30,398 [INFO] Cycle start: Tehran=2026-05-08 14:28:30.398464+03:30 UTC=2026-05-08 10:58:30.398453+00:00
2026-05-08 10:58:31,812 [INFO] Cycle result: {'action': 'skip', 'detail': 'no_change'}
2026-05-08 10:58:31,812 [INFO] Waiting 2 minutes for next check...
2026-05-08 11:00:31,813 [INFO] Cycle start: Tehran=2026-05-08 14:30:31.813127+03:30 UTC=2026-05-08 11:00:31.813119+00:00
2026-05-08 11:00:33,165 [INFO] Cycle result: {'action': 'skip', 'detail': 'no_change'}
2026-05-08 11:00:33,166 [INFO] Waiting 2 minutes for next check...
2026-05-08 11:02:33,166 [INFO] Cycle start: Tehran=2026-05-08 14:32:33.166374+03:30 UTC=2026-05-08 11:02:33.166365+00:00
2026-05-08 11:02:34,451 [INFO] Cycle result: {'action': 'skip', 'detail': 'no_change'}
2026-05-08 11:02:34,451 [INFO] Waiting 2 minutes for next check...
2026-05-08 11:04:34,451 [INFO] Cycle start: Tehran=2026-05-08 14:34:34.451494+03:30 UTC=2026-05-08 11:04:34.451487+00:00
2026-05-08 11:04:35,768 [INFO] Cycle result: {'action': 'skip', 'detail': 'no_change'}
2026-05-08 11:04:35,768 [INFO] Waiting 2 minutes for next check...
2026-05-08 11:06:35,768 [INFO] Cycle start: Tehran=2026-05-08 14:36:35.768721+03:30 UTC=2026-05-08 11:06:35.768713+00:00
2026-05-08 11:06:41,128 [INFO] Cycle result: {'action': 'skip', 'detail': 'no_change'}
2026-05-08 11:06:41,129 [INFO] Waiting 2 minutes for next check...
2026-05-08 11:08:41,129 [INFO] Cycle start: Tehran=2026-05-08 14:38:41.129269+03:30 UTC=2026-05-08 11:08:41.129260+00:00
2026-05-08 11:08:42,420 [INFO] Cycle result: {'action': 'skip', 'detail': 'no_change'}
2026-05-08 11:08:42,420 [INFO] Waiting 2 minutes for next check...
2026-05-08 11:10:42,420 [INFO] Cycle start: Tehran=2026-05-08 14:40:42.420717+03:30 UTC=2026-05-08 11:10:42.420708+00:00
2026-05-08 11:10:43,697 [INFO] Cycle result: {'action': 'skip', 'detail': 'no_change'}
2026-05-08 11:10:43,698 [INFO] Waiting 2 minutes for next check...
2026-05-08 11:12:43,698 [INFO] Cycle start: Tehran=2026-05-08 14:42:43.698374+03:30 UTC=2026-05-08 11:12:43.698367+00:00
2026-05-08 11:12:45,131 [INFO] Cycle result: {'action': 'skip', 'detail': 'no_change'}
2026-05-08 11:12:45,131 [INFO] Waiting 2 minutes for next check...
2026-05-08 11:14:45,132 [INFO] Cycle start: Tehran=2026-05-08 14:44:45.132111+03:30 UTC=2026-05-08 11:14:45.132103+00:00
2026-05-08 11:14:46,432 [INFO] Cycle result: {'action': 'skip', 'detail': 'no_change'}
2026-05-08 11:14:46,432 [INFO] Waiting 2 minutes for next check...
2026-05-08 11:16:46,433 [INFO] Cycle start: Tehran=2026-05-08 14:46:46.433035+03:30 UTC=2026-05-08 11:16:46.433028+00:00
2026-05-08 11:16:46,833 [INFO] USD from Sulaymaniyah: mid=175800 -> buy=175900 sell=176900
2026-05-08 11:16:47,354 [INFO] Attempting to send message to @barxexchange
2026-05-08 11:16:47,783 [INFO] TG send success!
2026-05-08 11:16:47,783 [INFO] Cycle result: {'action': 'posted', 'detail': 'change'}
2026-05-08 11:16:47,783 [INFO] Waiting 2 minutes for next check...
2026-05-08 11:18:47,784 [INFO] Cycle start: Tehran=2026-05-08 14:48:47.784091+03:30 UTC=2026-05-08 11:18:47.784083+00:00
2026-05-08 11:18:48,218 [INFO] USD from Sulaymaniyah: mid=175800 -> buy=175900 sell=176900
2026-05-08 11:18:48,756 [INFO] Cycle result: {'action': 'skip', 'detail': 'no_change'}
2026-05-08 11:18:48,756 [INFO] Waiting 2 minutes for next check...
2026-05-08 11:20:48,756 [INFO] Cycle start: Tehran=2026-05-08 14:50:48.756875+03:30 UTC=2026-05-08 11:20:48.756867+00:00
2026-05-08 11:20:49,141 [INFO] USD from Sulaymaniyah: mid=175800 -> buy=175900 sell=176900
2026-05-08 11:20:49,728 [INFO] Cycle result: {'action': 'skip', 'detail': 'no_change'}
2026-05-08 11:20:49,728 [INFO] Waiting 2 minutes for next check...
2026-05-08 11:22:49,729 [INFO] Cycle start: Tehran=2026-05-08 14:52:49.729104+03:30 UTC=2026-05-08 11:22:49.729096+00:00
2026-05-08 11:22:50,103 [INFO] USD from Sulaymaniyah: mid=175800 -> buy=175900 sell=176900
2026-05-08 11:22:50,640 [INFO] Cycle result: {'action': 'skip', 'detail': 'no_change'}
2026-05-08 11:22:50,640 [INFO] Waiting 2 minutes for next check...
2026-05-08 11:24:50,640 [INFO] Cycle start: Tehran=2026-05-08 14:54:50.640784+03:30 UTC=2026-05-08 11:24:50.640776+00:00
2026-05-08 11:24:51,017 [INFO] USD from Sulaymaniyah: mid=175800 -> buy=175900 sell=176900
2026-05-08 11:24:51,727 [INFO] Cycle result: {'action': 'skip', 'detail': 'no_change'}
2026-05-08 11:24:51,727 [INFO] Waiting 2 minutes for next check...
2026-05-08 11:26:51,727 [INFO] Cycle start: Tehran=2026-05-08 14:56:51.727696+03:30 UTC=2026-05-08 11:26:51.727688+00:00
2026-05-08 11:26:52,095 [INFO] USD from Sulaymaniyah: mid=175800 -> buy=175900 sell=176900
2026-05-08 11:26:52,615 [INFO] Cycle result: {'action': 'skip', 'detail': 'no_change'}
2026-05-08 11:26:52,615 [INFO] Waiting 2 minutes for next check...
2026-05-08 11:28:52,615 [INFO] Cycle start: Tehran=2026-05-08 14:58:52.615509+03:30 UTC=2026-05-08 11:28:52.615501+00:00
2026-05-08 11:28:53,055 [INFO] USD from Sulaymaniyah: mid=175800 -> buy=175900 sell=176900
2026-05-08 11:28:53,591 [INFO] Cycle result: {'action': 'skip', 'detail': 'no_change'}
2026-05-08 11:28:53,591 [INFO] Waiting 2 minutes for next check...
2026-05-08 11:30:53,591 [INFO] Cycle start: Tehran=2026-05-08 15:00:53.591774+03:30 UTC=2026-05-08 11:30:53.591766+00:00
2026-05-08 11:30:53,970 [INFO] USD from Sulaymaniyah: mid=175800 -> buy=175900 sell=176900
2026-05-08 11:30:54,556 [INFO] Cycle result: {'action': 'skip', 'detail': 'no_change'}
2026-05-08 11:30:54,556 [INFO] Waiting 2 minutes for next check...
2026-05-08 11:32:54,556 [INFO] Cycle start: Tehran=2026-05-08 15:02:54.556755+03:30 UTC=2026-05-08 11:32:54.556747+00:00
2026-05-08 11:32:54,937 [INFO] USD from Sulaymaniyah: mid=175800 -> buy=175900 sell=176900
2026-05-08 11:32:55,458 [INFO] Cycle result: {'action': 'skip', 'detail': 'no_change'}
2026-05-08 11:32:55,458 [INFO] Waiting 2 minutes for next check...
2026-05-08 11:34:55,458 [INFO] Cycle start: Tehran=2026-05-08 15:04:55.458833+03:30 UTC=2026-05-08 11:34:55.458825+00:00
2026-05-08 11:34:55,895 [INFO] USD from Sulaymaniyah: mid=175800 -> buy=175900 sell=176900
2026-05-08 11:34:56,427 [INFO] Cycle result: {'action': 'skip', 'detail': 'no_change'}
2026-05-08 11:34:56,427 [INFO] Waiting 2 minutes for next check...
2026-05-08 11:36:56,427 [INFO] Cycle start: Tehran=2026-05-08 15:06:56.427448+03:30 UTC=2026-05-08 11:36:56.427439+00:00
2026-05-08 11:36:56,858 [INFO] USD from Sulaymaniyah: mid=175800 -> buy=175900 sell=176900
2026-05-08 11:36:57,553 [INFO] Cycle result: {'action': 'skip', 'detail': 'no_change'}
2026-05-08 11:36:57,554 [INFO] Waiting 2 minutes for next check...
2026-05-08 11:38:57,554 [INFO] Cycle start: Tehran=2026-05-08 15:08:57.554318+03:30 UTC=2026-05-08 11:38:57.554310+00:00
2026-05-08 11:38:57,933 [INFO] USD from Sulaymaniyah: mid=175800 -> buy=175900 sell=176900
2026-05-08 11:38:58,469 [INFO] Cycle result: {'action': 'skip', 'detail': 'no_change'}
2026-05-08 11:38:58,470 [INFO] Waiting 2 minutes for next check...
2026-05-08 11:40:58,470 [INFO] Cycle start: Tehran=2026-05-08 15:10:58.470384+03:30 UTC=2026-05-08 11:40:58.470368+00:00
2026-05-08 11:40:58,890 [INFO] USD from Sulaymaniyah: mid=175800 -> buy=175900 sell=176900
2026-05-08 11:40:59,416 [INFO] Cycle result: {'action': 'skip', 'detail': 'no_change'}
2026-05-08 11:40:59,417 [INFO] Waiting 2 minutes for next check...
2026-05-08 11:42:59,417 [INFO] Cycle start: Tehran=2026-05-08 15:12:59.417273+03:30 UTC=2026-05-08 11:42:59.417265+00:00
2026-05-08 11:42:59,783 [INFO] USD from Sulaymaniyah: mid=175800 -> buy=175900 sell=176900
2026-05-08 11:43:00,372 [INFO] Cycle result: {'action': 'skip', 'detail': 'no_change'}
2026-05-08 11:43:00,372 [INFO] Waiting 2 minutes for next check...
2026-05-08 11:45:00,372 [INFO] Cycle start: Tehran=2026-05-08 15:15:00.372433+03:30 UTC=2026-05-08 11:45:00.372426+00:00
2026-05-08 11:45:00,757 [INFO] USD from Sulaymaniyah: mid=175800 -> buy=175900 sell=176900
2026-05-08 11:45:01,320 [INFO] Cycle result: {'action': 'skip', 'detail': 'no_change'}
2026-05-08 11:45:01,320 [INFO] Waiting 2 minutes for next check...
2026-05-08 11:47:01,320 [INFO] Cycle start: Tehran=2026-05-08 15:17:01.320555+03:30 UTC=2026-05-08 11:47:01.320548+00:00
2026-05-08 11:47:01,683 [INFO] USD from Sulaymaniyah: mid=175800 -> buy=175900 sell=176900
2026-05-08 11:47:02,207 [INFO] Cycle result: {'action': 'skip', 'detail': 'no_change'}
2026-05-08 11:47:02,207 [INFO] Waiting 2 minutes for next check...
2026-05-08 11:49:02,207 [INFO] Cycle start: Tehran=2026-05-08 15:19:02.207639+03:30 UTC=2026-05-08 11:49:02.207631+00:00
2026-05-08 11:49:02,590 [INFO] USD from Sulaymaniyah: mid=175800 -> buy=175900 sell=176900
2026-05-08 11:49:03,134 [INFO] Cycle result: {'action': 'skip', 'detail': 'no_change'}
2026-05-08 11:49:03,134 [INFO] Waiting 2 minutes for next check...
2026-05-08 16:01:58,961 [INFO] Starting multi-cycle run (25 mins)
2026-05-08 16:01:58,961 [INFO] Cycle start: Tehran=2026-05-08 19:31:58.961321+03:30 UTC=2026-05-08 16:01:58.961314+00:00
2026-05-08 16:01:59,602 [INFO] USD from Sulaymaniyah: mid=176400 -> buy=176500 sell=177500
2026-05-08 16:02:00,415 [INFO] Attempting to send message to @barxexchange
2026-05-08 16:02:01,060 [INFO] TG send success!
2026-05-08 16:02:01,060 [INFO] Cycle result: {'action': 'posted', 'detail': 'change'}
2026-05-08 16:02:01,060 [INFO] Waiting 2 minutes for next check...
2026-05-08 16:04:01,060 [INFO] Cycle start: Tehran=2026-05-08 19:34:01.060891+03:30 UTC=2026-05-08 16:04:01.060882+00:00
2026-05-08 16:04:01,661 [INFO] USD from Sulaymaniyah: mid=176400 -> buy=176500 sell=177500
2026-05-08 16:04:02,407 [INFO] Cycle result: {'action': 'skip', 'detail': 'no_change'}
2026-05-08 16:04:02,407 [INFO] Waiting 2 minutes for next check...
2026-05-08 16:06:02,407 [INFO] Cycle start: Tehran=2026-05-08 19:36:02.407930+03:30 UTC=2026-05-08 16:06:02.407918+00:00
2026-05-08 16:06:03,006 [INFO] USD from Sulaymaniyah: mid=176400 -> buy=176500 sell=177500
2026-05-08 16:06:03,751 [INFO] Cycle result: {'action': 'skip', 'detail': 'no_change'}
2026-05-08 16:06:03,751 [INFO] Waiting 2 minutes for next check...
2026-05-08 16:08:03,751 [INFO] Cycle start: Tehran=2026-05-08 19:38:03.751674+03:30 UTC=2026-05-08 16:08:03.751666+00:00
2026-05-08 16:08:04,390 [INFO] USD from Sulaymaniyah: mid=176400 -> buy=176500 sell=177500
2026-05-08 16:08:05,189 [INFO] Cycle result: {'action': 'skip', 'detail': 'no_change'}
2026-05-08 16:08:05,189 [INFO] Waiting 2 minutes for next check...
2026-05-08 16:10:05,189 [INFO] Cycle start: Tehran=2026-05-08 19:40:05.189773+03:30 UTC=2026-05-08 16:10:05.189765+00:00
2026-05-08 16:10:05,778 [INFO] USD from Sulaymaniyah: mid=176400 -> buy=176500 sell=177500
2026-05-08 16:10:06,531 [INFO] Cycle result: {'action': 'skip', 'detail': 'no_change'}
2026-05-08 16:10:06,531 [INFO] Waiting 2 minutes for next check...
2026-05-08 16:12:06,531 [INFO] Cycle start: Tehran=2026-05-08 19:42:06.531922+03:30 UTC=2026-05-08 16:12:06.531914+00:00
2026-05-08 16:12:07,172 [INFO] USD from Sulaymaniyah: mid=176400 -> buy=176500 sell=177500
2026-05-08 16:12:07,893 [INFO] Cycle result: {'action': 'skip', 'detail': 'no_change'}
2026-05-08 16:12:07,894 [INFO] Waiting 2 minutes for next check...
2026-05-08 16:14:07,894 [INFO] Cycle start: Tehran=2026-05-08 19:44:07.894332+03:30 UTC=2026-05-08 16:14:07.894324+00:00
2026-05-08 16:14:08,478 [INFO] USD from Sulaymaniyah: mid=176500 -> buy=176600 sell=177600
2026-05-08 16:14:09,324 [INFO] Attempting to send message to @barxexchange
2026-05-08 16:14:09,991 [INFO] TG send success!
2026-05-08 16:14:09,991 [INFO] Cycle result: {'action': 'posted', 'detail': 'change'}
2026-05-08 16:14:09,991 [INFO] Waiting 2 minutes for next check...
2026-05-08 16:16:09,992 [INFO] Cycle start: Tehran=2026-05-08 19:46:09.992100+03:30 UTC=2026-05-08 16:16:09.992091+00:00
2026-05-08 16:16:10,586 [INFO] USD from Sulaymaniyah: mid=176400 -> buy=176500 sell=177500
2026-05-08 16:16:11,385 [INFO] Attempting to send message to @barxexchange
2026-05-08 16:16:12,046 [INFO] TG send success!
2026-05-08 16:16:12,047 [INFO] Cycle result: {'action': 'posted', 'detail': 'change'}
2026-05-08 16:16:12,047 [INFO] Waiting 2 minutes for next check...
2026-05-08 16:18:12,047 [INFO] Cycle start: Tehran=2026-05-08 19:48:12.047786+03:30 UTC=2026-05-08 16:18:12.047778+00:00
2026-05-08 16:18:12,641 [INFO] USD from Sulaymaniyah: mid=176400 -> buy=176500 sell=177500
2026-05-08 16:18:13,383 [INFO] Cycle result: {'action': 'skip', 'detail': 'no_change'}
2026-05-08 16:18:13,383 [INFO] Waiting 2 minutes for next check...
2026-05-08 16:20:13,384 [INFO] Cycle start: Tehran=2026-05-08 19:50:13.384008+03:30 UTC=2026-05-08 16:20:13.383999+00:00
2026-05-08 16:20:13,952 [INFO] USD from Sulaymaniyah: mid=176400 -> buy=176500 sell=177500
2026-05-08 16:20:14,765 [INFO] Cycle result: {'action': 'skip', 'detail': 'no_change'}
2026-05-08 16:20:14,765 [INFO] Waiting 2 minutes for next check...
2026-05-08 16:22:14,766 [INFO] Cycle start: Tehran=2026-05-08 19:52:14.765984+03:30 UTC=2026-05-08 16:22:14.765975+00:00
2026-05-08 16:22:15,367 [INFO] USD from Sulaymaniyah: mid=176400 -> buy=176500 sell=177500
2026-05-08 16:22:16,100 [INFO] Cycle result: {'action': 'skip', 'detail': 'no_change'}
2026-05-08 16:22:16,100 [INFO] Waiting 2 minutes for next check...
2026-05-08 16:24:16,100 [INFO] Cycle start: Tehran=2026-05-08 19:54:16.100530+03:30 UTC=2026-05-08 16:24:16.100522+00:00
2026-05-08 16:24:16,736 [INFO] USD from Sulaymaniyah: mid=176500 -> buy=176600 sell=177600
2026-05-08 16:24:17,485 [INFO] Attempting to send message to @barxexchange
2026-05-08 16:24:18,128 [INFO] TG send success!
2026-05-08 16:24:18,129 [INFO] Cycle result: {'action': 'posted', 'detail': 'change'}
2026-05-08 16:24:18,129 [INFO] Waiting 2 minutes for next check...
2026-05-08 16:26:18,129 [INFO] Cycle start: Tehran=2026-05-08 19:56:18.129313+03:30 UTC=2026-05-08 16:26:18.129305+00:00
2026-05-08 16:26:18,720 [INFO] USD from Sulaymaniyah: mid=176700 -> buy=176800 sell=177800
2026-05-08 16:26:19,495 [INFO] Attempting to send message to @barxexchange
2026-05-08 16:26:20,106 [INFO] TG send success!
2026-05-08 16:26:20,107 [INFO] Cycle result: {'action': 'posted', 'detail': 'change'}
2026-05-08 16:26:20,107 [INFO] Waiting 2 minutes for next check...
2026-05-08 16:28:20,107 [INFO] Cycle start: Tehran=2026-05-08 19:58:20.107497+03:30 UTC=2026-05-08 16:28:20.107489+00:00
2026-05-08 16:28:20,705 [INFO] USD from Sulaymaniyah: mid=176700 -> buy=176800 sell=177800
2026-05-08 16:28:21,480 [INFO] Cycle result: {'action': 'skip', 'detail': 'no_change'}
2026-05-08 16:28:21,480 [INFO] Waiting 2 minutes for next check...
2026-05-08 16:30:21,480 [INFO] Cycle start: Tehran=2026-05-08 20:00:21.480685+03:30 UTC=2026-05-08 16:30:21.480676+00:00
2026-05-08 16:30:22,079 [INFO] USD from Sulaymaniyah: mid=176700 -> buy=176800 sell=177800
2026-05-08 16:30:22,826 [INFO] Cycle result: {'action': 'skip', 'detail': 'no_change'}
2026-05-08 16:30:22,826 [INFO] Waiting 2 minutes for next check...
2026-05-08 16:32:22,827 [INFO] Cycle start: Tehran=2026-05-08 20:02:22.827092+03:30 UTC=2026-05-08 16:32:22.827084+00:00
2026-05-08 16:32:23,399 [INFO] USD from Sulaymaniyah: mid=176700 -> buy=176800 sell=177800
2026-05-08 16:32:24,180 [INFO] Cycle result: {'action': 'skip', 'detail': 'no_change'}
2026-05-08 16:32:24,180 [INFO] Waiting 2 minutes for next check...
2026-05-08 16:34:24,180 [INFO] Cycle start: Tehran=2026-05-08 20:04:24.180520+03:30 UTC=2026-05-08 16:34:24.180512+00:00
2026-05-08 16:34:24,819 [INFO] USD from Sulaymaniyah: mid=176400 -> buy=176500 sell=177500
2026-05-08 16:34:25,553 [INFO] Attempting to send message to @barxexchange
2026-05-08 16:34:26,211 [INFO] TG send success!
2026-05-08 16:34:26,212 [INFO] Cycle result: {'action': 'posted', 'detail': 'change'}
2026-05-08 16:34:26,212 [INFO] Waiting 2 minutes for next check...
2026-05-08 16:36:26,212 [INFO] Cycle start: Tehran=2026-05-08 20:06:26.212551+03:30 UTC=2026-05-08 16:36:26.212544+00:00
2026-05-08 16:36:26,806 [INFO] USD from Sulaymaniyah: mid=176400 -> buy=176500 sell=177500
2026-05-08 16:36:27,532 [INFO] Cycle result: {'action': 'skip', 'detail': 'no_change'}
2026-05-08 16:36:27,532 [INFO] Waiting 2 minutes for next check...
2026-05-08 16:38:27,532 [INFO] Cycle start: Tehran=2026-05-08 20:08:27.532801+03:30 UTC=2026-05-08 16:38:27.532794+00:00
2026-05-08 16:38:28,102 [INFO] USD from Sulaymaniyah: mid=176400 -> buy=176500 sell=177500
2026-05-08 16:38:28,934 [INFO] Cycle result: {'action': 'skip', 'detail': 'no_change'}
2026-05-08 16:38:28,934 [INFO] Waiting 2 minutes for next check...
2026-05-08 16:40:28,934 [INFO] Cycle start: Tehran=2026-05-08 20:10:28.934628+03:30 UTC=2026-05-08 16:40:28.934620+00:00
2026-05-08 16:40:29,618 [INFO] USD from Sulaymaniyah: mid=176700 -> buy=176800 sell=177800
2026-05-08 16:40:30,383 [INFO] Attempting to send message to @barxexchange
2026-05-08 16:40:31,041 [INFO] TG send success!
2026-05-08 16:40:31,041 [INFO] Cycle result: {'action': 'posted', 'detail': 'change'}
2026-05-08 16:40:31,041 [INFO] Waiting 2 minutes for next check...
2026-05-08 16:42:31,041 [INFO] Cycle start: Tehran=2026-05-08 20:12:31.041848+03:30 UTC=2026-05-08 16:42:31.041840+00:00
2026-05-08 16:42:31,612 [INFO] USD from Sulaymaniyah: mid=176400 -> buy=176500 sell=177500
2026-05-08 16:42:32,331 [INFO] Attempting to send message to @barxexchange
2026-05-08 16:42:32,987 [INFO] TG send success!
2026-05-08 16:42:32,988 [INFO] Cycle result: {'action': 'posted', 'detail': 'change'}
2026-05-08 16:42:32,988 [INFO] Waiting 2 minutes for next check...
2026-05-08 16:44:32,988 [INFO] Cycle start: Tehran=2026-05-08 20:14:32.988455+03:30 UTC=2026-05-08 16:44:32.988447+00:00
2026-05-08 16:44:33,641 [INFO] USD from Sulaymaniyah: mid=176400 -> buy=176500 sell=177500
2026-05-08 16:44:34,469 [INFO] Cycle result: {'action': 'skip', 'detail': 'no_change'}
2026-05-08 16:44:34,469 [INFO] Waiting 2 minutes for next check...
2026-05-08 16:46:34,469 [INFO] Cycle start: Tehran=2026-05-08 20:16:34.469864+03:30 UTC=2026-05-08 16:46:34.469856+00:00
2026-05-08 16:46:35,059 [INFO] USD from Sulaymaniyah: mid=176400 -> buy=176500 sell=177500
2026-05-08 16:46:35,768 [INFO] Cycle result: {'action': 'skip', 'detail': 'no_change'}
2026-05-08 16:46:35,769 [INFO] Waiting 2 minutes for next check...
2026-05-08 16:48:35,769 [INFO] Cycle start: Tehran=2026-05-08 20:18:35.769441+03:30 UTC=2026-05-08 16:48:35.769433+00:00
2026-05-08 16:48:36,322 [INFO] USD from Sulaymaniyah: mid=176400 -> buy=176500 sell=177500
2026-05-08 16:48:37,039 [INFO] Cycle result: {'action': 'skip', 'detail': 'no_change'}
2026-05-08 16:48:37,040 [INFO] Waiting 2 minutes for next check...
2026-05-08 16:50:37,040 [INFO] Cycle start: Tehran=2026-05-08 20:20:37.040431+03:30 UTC=2026-05-08 16:50:37.040423+00:00
2026-05-08 16:50:37,618 [INFO] USD from Sulaymaniyah: mid=176300 -> buy=176400 sell=177400
2026-05-08 16:50:38,424 [INFO] Attempting to send message to @barxexchange
2026-05-08 16:50:39,214 [INFO] TG send success!
2026-05-08 16:50:39,214 [INFO] Cycle result: {'action': 'posted', 'detail': 'change'}
2026-05-08 16:50:39,214 [INFO] Waiting 2 minutes for next check...
2026-05-08 16:52:39,214 [INFO] Cycle start: Tehran=2026-05-08 20:22:39.214895+03:30 UTC=2026-05-08 16:52:39.214887+00:00
2026-05-08 16:52:39,799 [INFO] USD from Sulaymaniyah: mid=176300 -> buy=176400 sell=177400
2026-05-08 16:52:40,542 [INFO] Cycle result: {'action': 'skip', 'detail': 'no_change'}
2026-05-08 16:52:40,542 [INFO] Waiting 2 minutes for next check...
2026-05-08 16:54:40,542 [INFO] Cycle start: Tehran=2026-05-08 20:24:40.542858+03:30 UTC=2026-05-08 16:54:40.542850+00:00
2026-05-08 16:54:41,159 [INFO] USD from Sulaymaniyah: mid=176300 -> buy=176400 sell=177400
2026-05-08 16:54:41,886 [INFO] Cycle result: {'action': 'skip', 'detail': 'no_change'}
2026-05-08 16:54:41,887 [INFO] Waiting 2 minutes for next check...
2026-05-08 16:56:41,887 [INFO] Cycle start: Tehran=2026-05-08 20:26:41.887315+03:30 UTC=2026-05-08 16:56:41.887308+00:00
2026-05-08 16:56:42,455 [INFO] USD from Sulaymaniyah: mid=176300 -> buy=176400 sell=177400
2026-05-08 16:56:43,199 [INFO] Cycle result: {'action': 'skip', 'detail': 'no_change'}
2026-05-08 16:56:43,200 [INFO] Waiting 2 minutes for next check...
2026-05-08 20:16:18,598 [INFO] Starting multi-cycle run (25 mins)
2026-05-08 20:16:18,598 [INFO] Cycle start: Tehran=2026-05-08 23:46:18.598703+03:30 UTC=2026-05-08 20:16:18.598694+00:00
2026-05-08 20:16:19,228 [INFO] USD from Sulaymaniyah: mid=176900 -> buy=177000 sell=178000
2026-05-08 20:16:20,088 [INFO] Attempting to send message to @barxexchange
2026-05-08 20:16:20,919 [INFO] TG send success!
2026-05-08 20:16:20,919 [INFO] Cycle result: {'action': 'posted', 'detail': 'change'}
2026-05-08 20:16:20,919 [INFO] Waiting 2 minutes for next check...
2026-05-08 20:18:20,920 [INFO] Cycle start: Tehran=2026-05-08 23:48:20.920147+03:30 UTC=2026-05-08 20:18:20.920139+00:00
2026-05-08 20:18:21,493 [INFO] USD from Sulaymaniyah: mid=176900 -> buy=177000 sell=178000
2026-05-08 20:18:22,229 [INFO] Cycle result: {'action': 'skip', 'detail': 'no_change'}
2026-05-08 20:18:22,229 [INFO] Waiting 2 minutes for next check...
2026-05-08 20:20:22,229 [INFO] Cycle start: Tehran=2026-05-08 23:50:22.229569+03:30 UTC=2026-05-08 20:20:22.229557+00:00
2026-05-08 20:20:22,803 [INFO] USD from Sulaymaniyah: mid=176900 -> buy=177000 sell=178000
2026-05-08 20:20:23,523 [INFO] Cycle result: {'action': 'skip', 'detail': 'no_change'}
2026-05-08 20:20:23,523 [INFO] Waiting 2 minutes for next check...
2026-05-08 20:22:23,524 [INFO] Cycle start: Tehran=2026-05-08 23:52:23.524152+03:30 UTC=2026-05-08 20:22:23.524143+00:00
2026-05-08 20:22:24,114 [INFO] USD from Sulaymaniyah: mid=176900 -> buy=177000 sell=178000
2026-05-08 20:22:24,886 [INFO] Cycle result: {'action': 'skip', 'detail': 'no_change'}
2026-05-08 20:22:24,886 [INFO] Waiting 2 minutes for next check...
2026-05-08 20:24:24,886 [INFO] Cycle start: Tehran=2026-05-08 23:54:24.886812+03:30 UTC=2026-05-08 20:24:24.886804+00:00
2026-05-08 20:24:25,488 [INFO] USD from Sulaymaniyah: mid=176900 -> buy=177000 sell=178000
2026-05-08 20:24:26,205 [INFO] Cycle result: {'action': 'skip', 'detail': 'no_change'}
2026-05-08 20:24:26,205 [INFO] Waiting 2 minutes for next check...
2026-05-08 20:26:26,206 [INFO] Cycle start: Tehran=2026-05-08 23:56:26.206133+03:30 UTC=2026-05-08 20:26:26.206125+00:00
2026-05-08 20:26:26,850 [INFO] USD from Sulaymaniyah: mid=176900 -> buy=177000 sell=178000
2026-05-08 20:26:27,572 [INFO] Cycle result: {'action': 'skip', 'detail': 'no_change'}
2026-05-08 20:26:27,572 [INFO] Waiting 2 minutes for next check...
2026-05-08 20:28:27,572 [INFO] Cycle start: Tehran=2026-05-08 23:58:27.572483+03:30 UTC=2026-05-08 20:28:27.572475+00:00
2026-05-08 20:28:28,193 [INFO] USD from Sulaymaniyah: mid=176900 -> buy=177000 sell=178000
2026-05-08 20:28:28,955 [INFO] Cycle result: {'action': 'skip', 'detail': 'no_change'}
2026-05-08 20:28:28,955 [INFO] Waiting 2 minutes for next check...
2026-05-08 20:30:28,955 [INFO] Cycle start: Tehran=2026-05-09 00:00:28.955585+03:30 UTC=2026-05-08 20:30:28.955576+00:00
2026-05-08 20:30:29,527 [INFO] USD from Sulaymaniyah: mid=176900 -> buy=177000 sell=178000
2026-05-08 20:30:30,261 [INFO] Cycle result: {'action': 'skip', 'detail': 'no_change'}
2026-05-08 20:30:30,262 [INFO] Waiting 2 minutes for next check...
2026-05-08 20:32:30,262 [INFO] Cycle start: Tehran=2026-05-09 00:02:30.262237+03:30 UTC=2026-05-08 20:32:30.262229+00:00
2026-05-08 20:32:30,862 [INFO] USD from Sulaymaniyah: mid=176900 -> buy=177000 sell=178000
2026-05-08 20:32:31,561 [INFO] Cycle result: {'action': 'skip', 'detail': 'no_change'}
2026-05-08 20:32:31,561 [INFO] Waiting 2 minutes for next check...
2026-05-08 20:34:31,562 [INFO] Cycle start: Tehran=2026-05-09 00:04:31.562159+03:30 UTC=2026-05-08 20:34:31.562151+00:00
2026-05-08 20:34:32,138 [INFO] USD from Sulaymaniyah: mid=176900 -> buy=177000 sell=178000
2026-05-08 20:34:32,948 [INFO] Cycle result: {'action': 'skip', 'detail': 'no_change'}
2026-05-08 20:34:32,948 [INFO] Waiting 2 minutes for next check...
2026-05-08 20:36:32,949 [INFO] Cycle start: Tehran=2026-05-09 00:06:32.949096+03:30 UTC=2026-05-08 20:36:32.949088+00:00
2026-05-08 20:36:33,548 [INFO] USD from Sulaymaniyah: mid=176900 -> buy=177000 sell=178000
2026-05-08 20:36:34,294 [INFO] Cycle result: {'action': 'skip', 'detail': 'no_change'}
2026-05-08 20:36:34,294 [INFO] Waiting 2 minutes for next check...
2026-05-08 20:38:34,295 [INFO] Cycle start: Tehran=2026-05-09 00:08:34.295088+03:30 UTC=2026-05-08 20:38:34.295080+00:00
2026-05-08 20:38:34,862 [INFO] USD from Sulaymaniyah: mid=176900 -> buy=177000 sell=178000
2026-05-08 20:38:35,571 [INFO] Cycle result: {'action': 'skip', 'detail': 'no_change'}
2026-05-08 20:38:35,571 [INFO] Waiting 2 minutes for next check...
2026-05-08 20:40:35,571 [INFO] Cycle start: Tehran=2026-05-09 00:10:35.571862+03:30 UTC=2026-05-08 20:40:35.571854+00:00
2026-05-08 20:40:36,157 [INFO] USD from Sulaymaniyah: mid=176900 -> buy=177000 sell=178000
2026-05-08 20:40:36,918 [INFO] Cycle result: {'action': 'skip', 'detail': 'no_change'}
2026-05-08 20:40:36,918 [INFO] Waiting 2 minutes for next check...
2026-05-08 20:42:36,919 [INFO] Cycle start: Tehran=2026-05-09 00:12:36.919137+03:30 UTC=2026-05-08 20:42:36.919129+00:00
2026-05-08 20:42:37,488 [INFO] USD from Sulaymaniyah: mid=176900 -> buy=177000 sell=178000
2026-05-08 20:42:38,233 [INFO] Cycle result: {'action': 'skip', 'detail': 'no_change'}
2026-05-08 20:42:38,233 [INFO] Waiting 2 minutes for next check...
2026-05-08 20:44:38,233 [INFO] Cycle start: Tehran=2026-05-09 00:14:38.233959+03:30 UTC=2026-05-08 20:44:38.233952+00:00
2026-05-08 20:44:38,807 [INFO] USD from Sulaymaniyah: mid=176900 -> buy=177000 sell=178000
2026-05-08 20:44:39,539 [INFO] Cycle result: {'action': 'skip', 'detail': 'no_change'}
2026-05-08 20:44:39,539 [INFO] Waiting 2 minutes for next check...
2026-05-08 20:46:39,539 [INFO] Cycle start: Tehran=2026-05-09 00:16:39.539491+03:30 UTC=2026-05-08 20:46:39.539483+00:00
2026-05-08 20:46:40,137 [INFO] USD from Sulaymaniyah: mid=176900 -> buy=177000 sell=178000
2026-05-08 20:46:40,944 [INFO] Cycle result: {'action': 'skip', 'detail': 'no_change'}
2026-05-08 20:46:40,944 [INFO] Waiting 2 minutes for next check...
2026-05-08 20:48:40,944 [INFO] Cycle start: Tehran=2026-05-09 00:18:40.944808+03:30 UTC=2026-05-08 20:48:40.944800+00:00
2026-05-08 20:48:41,516 [INFO] USD from Sulaymaniyah: mid=176900 -> buy=177000 sell=178000
2026-05-08 20:48:42,233 [INFO] Cycle result: {'action': 'skip', 'detail': 'no_change'}
2026-05-08 20:48:42,233 [INFO] Waiting 2 minutes for next check...
2026-05-08 20:50:42,233 [INFO] Cycle start: Tehran=2026-05-09 00:20:42.233469+03:30 UTC=2026-05-08 20:50:42.233461+00:00
2026-05-08 20:50:42,798 [INFO] USD from Sulaymaniyah: mid=176900 -> buy=177000 sell=178000
2026-05-08 20:50:43,532 [INFO] Cycle result: {'action': 'skip', 'detail': 'no_change'}
2026-05-08 20:50:43,532 [INFO] Waiting 2 minutes for next check...
2026-05-08 20:52:43,532 [INFO] Cycle start: Tehran=2026-05-09 00:22:43.532708+03:30 UTC=2026-05-08 20:52:43.532699+00:00
2026-05-08 20:52:44,165 [INFO] USD from Sulaymaniyah: mid=176900 -> buy=177000 sell=178000
2026-05-08 20:52:45,000 [INFO] Cycle result: {'action': 'skip', 'detail': 'no_change'}
2026-05-08 20:52:45,001 [INFO] Waiting 2 minutes for next check...
2026-05-08 20:54:45,001 [INFO] Cycle start: Tehran=2026-05-09 00:24:45.001453+03:30 UTC=2026-05-08 20:54:45.001446+00:00
2026-05-08 20:54:45,567 [INFO] USD from Sulaymaniyah: mid=176900 -> buy=177000 sell=178000
2026-05-08 20:54:46,310 [INFO] Cycle result: {'action': 'skip', 'detail': 'no_change'}
2026-05-08 20:54:46,310 [INFO] Waiting 2 minutes for next check...
2026-05-08 20:56:46,311 [INFO] Cycle start: Tehran=2026-05-09 00:26:46.311005+03:30 UTC=2026-05-08 20:56:46.310997+00:00
2026-05-08 20:56:46,939 [INFO] USD from Sulaymaniyah: mid=176900 -> buy=177000 sell=178000
2026-05-08 20:56:47,664 [INFO] Cycle result: {'action': 'skip', 'detail': 'no_change'}
2026-05-08 20:56:47,664 [INFO] Waiting 2 minutes for next check...
2026-05-08 20:58:47,664 [INFO] Cycle start: Tehran=2026-05-09 00:28:47.664516+03:30 UTC=2026-05-08 20:58:47.664507+00:00
2026-05-08 20:58:48,240 [INFO] USD from Sulaymaniyah: mid=176900 -> buy=177000 sell=178000
2026-05-08 20:58:49,015 [INFO] Cycle result: {'action': 'skip', 'detail': 'no_change'}
2026-05-08 20:58:49,015 [INFO] Waiting 2 minutes for next check...
2026-05-08 21:00:49,015 [INFO] Cycle start: Tehran=2026-05-09 00:30:49.015484+03:30 UTC=2026-05-08 21:00:49.015476+00:00
2026-05-08 21:00:49,587 [INFO] USD from Sulaymaniyah: mid=176900 -> buy=177000 sell=178000
2026-05-08 21:00:50,320 [INFO] Cycle result: {'action': 'skip', 'detail': 'no_change'}
2026-05-08 21:00:50,321 [INFO] Waiting 2 minutes for next check...
2026-05-08 21:02:50,321 [INFO] Cycle start: Tehran=2026-05-09 00:32:50.321356+03:30 UTC=2026-05-08 21:02:50.321347+00:00
2026-05-08 21:02:50,937 [INFO] USD from Sulaymaniyah: mid=176900 -> buy=177000 sell=178000
2026-05-08 21:02:51,669 [INFO] Cycle result: {'action': 'skip', 'detail': 'no_change'}
2026-05-08 21:02:51,670 [INFO] Waiting 2 minutes for next check...
2026-05-08 21:04:51,670 [INFO] Cycle start: Tehran=2026-05-09 00:34:51.670213+03:30 UTC=2026-05-08 21:04:51.670205+00:00
2026-05-08 21:04:52,243 [INFO] USD from Sulaymaniyah: mid=176900 -> buy=177000 sell=178000
2026-05-08 21:04:53,030 [INFO] Cycle result: {'action': 'skip', 'detail': 'no_change'}
2026-05-08 21:04:53,030 [INFO] Waiting 2 minutes for next check...
2026-05-08 21:06:53,030 [INFO] Cycle start: Tehran=2026-05-09 00:36:53.030831+03:30 UTC=2026-05-08 21:06:53.030822+00:00
2026-05-08 21:06:53,668 [INFO] USD from Sulaymaniyah: mid=176900 -> buy=177000 sell=178000
2026-05-08 21:06:54,442 [INFO] Cycle result: {'action': 'skip', 'detail': 'no_change'}
2026-05-08 21:06:54,442 [INFO] Waiting 2 minutes for next check...
2026-05-08 21:08:54,442 [INFO] Cycle start: Tehran=2026-05-09 00:38:54.442791+03:30 UTC=2026-05-08 21:08:54.442783+00:00
2026-05-08 21:08:55,017 [INFO] USD from Sulaymaniyah: mid=176900 -> buy=177000 sell=178000
2026-05-08 21:08:55,738 [INFO] Cycle result: {'action': 'skip', 'detail': 'no_change'}
2026-05-08 21:08:55,738 [INFO] Waiting 2 minutes for next check...
2026-05-08 21:10:55,738 [INFO] Cycle start: Tehran=2026-05-09 00:40:55.738439+03:30 UTC=2026-05-08 21:10:55.738431+00:00
2026-05-08 21:10:56,377 [INFO] USD from Sulaymaniyah: mid=176900 -> buy=177000 sell=178000
2026-05-08 21:10:57,206 [INFO] Cycle result: {'action': 'skip', 'detail': 'no_change'}
2026-05-08 21:10:57,206 [INFO] Waiting 2 minutes for next check...
2026-05-08 23:40:43,575 [INFO] Starting multi-cycle run (25 mins)
2026-05-08 23:40:43,576 [INFO] Cycle start: Tehran=2026-05-09 03:10:43.576106+03:30 UTC=2026-05-08 23:40:43.576099+00:00
2026-05-08 23:40:44,173 [INFO] USD from Sulaymaniyah: mid=176900 -> buy=177000 sell=178000
2026-05-08 23:40:45,063 [INFO] Cycle result: {'action': 'skip', 'detail': 'no_change'}
2026-05-08 23:40:45,063 [INFO] Waiting 2 minutes for next check...
2026-05-08 23:42:45,063 [INFO] Cycle start: Tehran=2026-05-09 03:12:45.063857+03:30 UTC=2026-05-08 23:42:45.063847+00:00
2026-05-08 23:42:45,606 [INFO] USD from Sulaymaniyah: mid=176900 -> buy=177000 sell=178000
2026-05-08 23:42:46,345 [INFO] Cycle result: {'action': 'skip', 'detail': 'no_change'}
2026-05-08 23:42:46,345 [INFO] Waiting 2 minutes for next check...
2026-05-08 23:44:46,346 [INFO] Cycle start: Tehran=2026-05-09 03:14:46.346100+03:30 UTC=2026-05-08 23:44:46.346086+00:00
2026-05-08 23:44:46,939 [INFO] USD from Sulaymaniyah: mid=176900 -> buy=177000 sell=178000
2026-05-08 23:44:47,710 [INFO] Cycle result: {'action': 'skip', 'detail': 'no_change'}
2026-05-08 23:44:47,711 [INFO] Waiting 2 minutes for next check...
2026-05-08 23:46:47,711 [INFO] Cycle start: Tehran=2026-05-09 03:16:47.711430+03:30 UTC=2026-05-08 23:46:47.711421+00:00
2026-05-08 23:46:48,241 [INFO] USD from Sulaymaniyah: mid=176900 -> buy=177000 sell=178000
2026-05-08 23:46:49,053 [INFO] Cycle result: {'action': 'skip', 'detail': 'no_change'}
2026-05-08 23:46:49,053 [INFO] Waiting 2 minutes for next check...
2026-05-08 23:48:49,053 [INFO] Cycle start: Tehran=2026-05-09 03:18:49.053881+03:30 UTC=2026-05-08 23:48:49.053871+00:00
2026-05-08 23:48:49,658 [INFO] USD from Sulaymaniyah: mid=176900 -> buy=177000 sell=178000
2026-05-08 23:48:50,356 [INFO] Cycle result: {'action': 'skip', 'detail': 'no_change'}
2026-05-08 23:48:50,356 [INFO] Waiting 2 minutes for next check...
2026-05-08 23:50:50,356 [INFO] Cycle start: Tehran=2026-05-09 03:20:50.356917+03:30 UTC=2026-05-08 23:50:50.356908+00:00
2026-05-08 23:50:50,957 [INFO] USD from Sulaymaniyah: mid=176900 -> buy=177000 sell=178000
2026-05-08 23:50:51,671 [INFO] Cycle result: {'action': 'skip', 'detail': 'no_change'}
2026-05-08 23:50:51,672 [INFO] Waiting 2 minutes for next check...
2026-05-08 23:52:51,672 [INFO] Cycle start: Tehran=2026-05-09 03:22:51.672269+03:30 UTC=2026-05-08 23:52:51.672259+00:00
2026-05-08 23:52:52,271 [INFO] USD from Sulaymaniyah: mid=176900 -> buy=177000 sell=178000
2026-05-08 23:52:53,065 [INFO] Cycle result: {'action': 'skip', 'detail': 'no_change'}
2026-05-08 23:52:53,065 [INFO] Waiting 2 minutes for next check...
2026-05-08 23:54:53,066 [INFO] Cycle start: Tehran=2026-05-09 03:24:53.066124+03:30 UTC=2026-05-08 23:54:53.066115+00:00
2026-05-08 23:54:53,599 [INFO] USD from Sulaymaniyah: mid=176900 -> buy=177000 sell=178000
2026-05-08 23:54:54,385 [INFO] Cycle result: {'action': 'skip', 'detail': 'no_change'}
2026-05-08 23:54:54,385 [INFO] Waiting 2 minutes for next check...
2026-05-08 23:56:54,385 [INFO] Cycle start: Tehran=2026-05-09 03:26:54.385875+03:30 UTC=2026-05-08 23:56:54.385866+00:00
2026-05-08 23:56:54,998 [INFO] USD from Sulaymaniyah: mid=176900 -> buy=177000 sell=178000
2026-05-08 23:56:55,747 [INFO] Cycle result: {'action': 'skip', 'detail': 'no_change'}
2026-05-08 23:56:55,747 [INFO] Waiting 2 minutes for next check...
2026-05-08 23:58:55,747 [INFO] Cycle start: Tehran=2026-05-09 03:28:55.747620+03:30 UTC=2026-05-08 23:58:55.747612+00:00
2026-05-08 23:58:56,281 [INFO] USD from Sulaymaniyah: mid=176900 -> buy=177000 sell=178000
2026-05-08 23:58:57,128 [INFO] Cycle result: {'action': 'skip', 'detail': 'no_change'}
2026-05-08 23:58:57,128 [INFO] Waiting 2 minutes for next check...
2026-05-09 00:00:57,128 [INFO] Cycle start: Tehran=2026-05-09 03:30:57.128844+03:30 UTC=2026-05-09 00:00:57.128835+00:00
2026-05-09 00:00:57,722 [INFO] USD from Sulaymaniyah: mid=176900 -> buy=177000 sell=178000
2026-05-09 00:00:58,440 [INFO] Cycle result: {'action': 'skip', 'detail': 'no_change'}
2026-05-09 00:00:58,440 [INFO] Waiting 2 minutes for next check...
2026-05-09 00:02:58,440 [INFO] Cycle start: Tehran=2026-05-09 03:32:58.440961+03:30 UTC=2026-05-09 00:02:58.440952+00:00
2026-05-09 00:02:58,979 [INFO] USD from Sulaymaniyah: mid=176900 -> buy=177000 sell=178000
2026-05-09 00:02:59,727 [INFO] Cycle result: {'action': 'skip', 'detail': 'no_change'}
2026-05-09 00:02:59,727 [INFO] Waiting 2 minutes for next check...
2026-05-09 00:04:59,728 [INFO] Cycle start: Tehran=2026-05-09 03:34:59.728076+03:30 UTC=2026-05-09 00:04:59.728067+00:00
2026-05-09 00:05:00,270 [INFO] USD from Sulaymaniyah: mid=176900 -> buy=177000 sell=178000
2026-05-09 00:05:01,094 [INFO] Cycle result: {'action': 'skip', 'detail': 'no_change'}
2026-05-09 00:05:01,094 [INFO] Waiting 2 minutes for next check...
2026-05-09 00:07:01,095 [INFO] Cycle start: Tehran=2026-05-09 03:37:01.094984+03:30 UTC=2026-05-09 00:07:01.094975+00:00
2026-05-09 00:07:01,718 [INFO] USD from Sulaymaniyah: mid=176900 -> buy=177000 sell=178000
2026-05-09 00:07:02,514 [INFO] Cycle result: {'action': 'skip', 'detail': 'no_change'}
2026-05-09 00:07:02,515 [INFO] Waiting 2 minutes for next check...
2026-05-09 00:09:02,515 [INFO] Cycle start: Tehran=2026-05-09 03:39:02.515452+03:30 UTC=2026-05-09 00:09:02.515443+00:00
2026-05-09 00:09:03,048 [INFO] USD from Sulaymaniyah: mid=176900 -> buy=177000 sell=178000
2026-05-09 00:09:03,802 [INFO] Cycle result: {'action': 'skip', 'detail': 'no_change'}
2026-05-09 00:09:03,802 [INFO] Waiting 2 minutes for next check...
2026-05-09 00:11:03,803 [INFO] Cycle start: Tehran=2026-05-09 03:41:03.803029+03:30 UTC=2026-05-09 00:11:03.803020+00:00
2026-05-09 00:11:04,397 [INFO] USD from Sulaymaniyah: mid=176900 -> buy=177000 sell=178000
2026-05-09 00:11:05,175 [INFO] Cycle result: {'action': 'skip', 'detail': 'no_change'}
2026-05-09 00:11:05,175 [INFO] Waiting 2 minutes for next check...
2026-05-09 00:13:05,176 [INFO] Cycle start: Tehran=2026-05-09 03:43:05.176174+03:30 UTC=2026-05-09 00:13:05.176165+00:00
2026-05-09 00:13:05,715 [INFO] USD from Sulaymaniyah: mid=176900 -> buy=177000 sell=178000
2026-05-09 00:13:06,623 [INFO] Cycle result: {'action': 'skip', 'detail': 'no_change'}
2026-05-09 00:13:06,623 [INFO] Waiting 2 minutes for next check...
2026-05-09 00:15:06,623 [INFO] Cycle start: Tehran=2026-05-09 03:45:06.623712+03:30 UTC=2026-05-09 00:15:06.623702+00:00
2026-05-09 00:15:07,182 [INFO] USD from Sulaymaniyah: mid=176900 -> buy=177000 sell=178000
2026-05-09 00:15:07,913 [INFO] Cycle result: {'action': 'skip', 'detail': 'no_change'}
2026-05-09 00:15:07,914 [INFO] Waiting 2 minutes for next check...
2026-05-09 00:17:07,914 [INFO] Cycle start: Tehran=2026-05-09 03:47:07.914250+03:30 UTC=2026-05-09 00:17:07.914241+00:00
2026-05-09 00:17:08,462 [INFO] USD from Sulaymaniyah: mid=176900 -> buy=177000 sell=178000
2026-05-09 00:17:09,326 [INFO] Cycle result: {'action': 'skip', 'detail': 'no_change'}
2026-05-09 00:17:09,326 [INFO] Waiting 2 minutes for next check...
2026-05-09 00:19:09,327 [INFO] Cycle start: Tehran=2026-05-09 03:49:09.327136+03:30 UTC=2026-05-09 00:19:09.327128+00:00
2026-05-09 00:19:09,894 [INFO] USD from Sulaymaniyah: mid=176900 -> buy=177000 sell=178000
2026-05-09 00:19:10,693 [INFO] Cycle result: {'action': 'skip', 'detail': 'no_change'}
2026-05-09 00:19:10,693 [INFO] Waiting 2 minutes for next check...
2026-05-09 00:21:10,693 [INFO] Cycle start: Tehran=2026-05-09 03:51:10.693661+03:30 UTC=2026-05-09 00:21:10.693652+00:00
2026-05-09 00:21:11,268 [INFO] USD from Sulaymaniyah: mid=176900 -> buy=177000 sell=178000
2026-05-09 00:21:12,017 [INFO] Cycle result: {'action': 'skip', 'detail': 'no_change'}
2026-05-09 00:21:12,017 [INFO] Waiting 2 minutes for next check...
2026-05-09 00:23:12,017 [INFO] Cycle start: Tehran=2026-05-09 03:53:12.017328+03:30 UTC=2026-05-09 00:23:12.017318+00:00
2026-05-09 00:23:12,578 [INFO] USD from Sulaymaniyah: mid=176900 -> buy=177000 sell=178000
2026-05-09 00:23:13,435 [INFO] Cycle result: {'action': 'skip', 'detail': 'no_change'}
2026-05-09 00:23:13,435 [INFO] Waiting 2 minutes for next check...
2026-05-09 00:25:13,436 [INFO] Cycle start: Tehran=2026-05-09 03:55:13.436025+03:30 UTC=2026-05-09 00:25:13.436017+00:00
2026-05-09 00:25:13,969 [INFO] USD from Sulaymaniyah: mid=176900 -> buy=177000 sell=178000
2026-05-09 00:25:14,739 [INFO] Cycle result: {'action': 'skip', 'detail': 'no_change'}
2026-05-09 00:25:14,739 [INFO] Waiting 2 minutes for next check...
2026-05-09 00:27:14,739 [INFO] Cycle start: Tehran=2026-05-09 03:57:14.739433+03:30 UTC=2026-05-09 00:27:14.739425+00:00
2026-05-09 00:27:15,313 [INFO] USD from Sulaymaniyah: mid=176900 -> buy=177000 sell=178000
2026-05-09 00:27:16,061 [INFO] Cycle result: {'action': 'skip', 'detail': 'no_change'}
2026-05-09 00:27:16,061 [INFO] Waiting 2 minutes for next check...
2026-05-09 00:29:16,061 [INFO] Cycle start: Tehran=2026-05-09 03:59:16.061504+03:30 UTC=2026-05-09 00:29:16.061496+00:00
2026-05-09 00:29:16,616 [INFO] USD from Sulaymaniyah: mid=176900 -> buy=177000 sell=178000
2026-05-09 00:29:17,432 [INFO] Cycle result: {'action': 'skip', 'detail': 'no_change'}
2026-05-09 00:29:17,433 [INFO] Waiting 2 minutes for next check...
2026-05-09 00:31:17,433 [INFO] Cycle start: Tehran=2026-05-09 04:01:17.433270+03:30 UTC=2026-05-09 00:31:17.433261+00:00
2026-05-09 00:31:18,026 [INFO] USD from Sulaymaniyah: mid=176900 -> buy=177000 sell=178000
2026-05-09 00:31:18,797 [INFO] Cycle result: {'action': 'skip', 'detail': 'no_change'}
2026-05-09 00:31:18,797 [INFO] Waiting 2 minutes for next check...
2026-05-09 00:33:18,798 [INFO] Cycle start: Tehran=2026-05-09 04:03:18.798016+03:30 UTC=2026-05-09 00:33:18.798007+00:00
2026-05-09 00:33:19,336 [INFO] USD from Sulaymaniyah: mid=176900 -> buy=177000 sell=178000
2026-05-09 00:33:20,039 [INFO] Cycle result: {'action': 'skip', 'detail': 'no_change'}
2026-05-09 00:33:20,040 [INFO] Waiting 2 minutes for next check...
2026-05-09 00:35:20,040 [INFO] Cycle start: Tehran=2026-05-09 04:05:20.040415+03:30 UTC=2026-05-09 00:35:20.040406+00:00
2026-05-09 00:35:20,588 [INFO] USD from Sulaymaniyah: mid=176900 -> buy=177000 sell=178000
2026-05-09 00:35:21,393 [INFO] Cycle result: {'action': 'skip', 'detail': 'no_change'}
2026-05-09 00:35:21,393 [INFO] Waiting 2 minutes for next check...
2026-05-09 09:57:53,848 [INFO] Starting multi-cycle run (25 mins)
2026-05-09 09:57:53,848 [INFO] Cycle start: Tehran=2026-05-09 13:27:53.848779+03:30 UTC=2026-05-09 09:57:53.848771+00:00
2026-05-09 09:57:55,421 [INFO] Attempting to send message to @barxexchange
2026-05-09 09:57:55,926 [INFO] TG send success!
2026-05-09 09:57:55,926 [INFO] Cycle result: {'action': 'posted', 'detail': 'change'}
2026-05-09 09:57:55,926 [INFO] Waiting 2 minutes for next check...
2026-05-09 09:59:55,927 [INFO] Cycle start: Tehran=2026-05-09 13:29:55.926998+03:30 UTC=2026-05-09 09:59:55.926990+00:00
2026-05-09 09:59:56,295 [INFO] USD from Sulaymaniyah: mid=177500 -> buy=177600 sell=178600
2026-05-09 09:59:56,957 [INFO] Attempting to send message to @barxexchange
2026-05-09 09:59:57,377 [INFO] TG send success!
2026-05-09 09:59:57,378 [INFO] Cycle result: {'action': 'posted', 'detail': 'change'}
2026-05-09 09:59:57,378 [INFO] Waiting 2 minutes for next check...
2026-05-09 10:01:57,378 [INFO] Cycle start: Tehran=2026-05-09 13:31:57.378467+03:30 UTC=2026-05-09 10:01:57.378456+00:00
2026-05-09 10:01:57,801 [INFO] USD from Sulaymaniyah: mid=177500 -> buy=177600 sell=178600
2026-05-09 10:01:58,398 [INFO] Cycle result: {'action': 'skip', 'detail': 'no_change'}
2026-05-09 10:01:58,399 [INFO] Waiting 2 minutes for next check...
2026-05-09 10:03:58,399 [INFO] Cycle start: Tehran=2026-05-09 13:33:58.399320+03:30 UTC=2026-05-09 10:03:58.399313+00:00
2026-05-09 10:03:59,844 [INFO] Attempting to send message to @barxexchange
2026-05-09 10:04:00,236 [INFO] TG send success!
2026-05-09 10:04:00,236 [INFO] Cycle result: {'action': 'posted', 'detail': 'change'}
2026-05-09 10:04:00,236 [INFO] Waiting 2 minutes for next check...
2026-05-09 10:06:00,237 [INFO] Cycle start: Tehran=2026-05-09 13:36:00.237028+03:30 UTC=2026-05-09 10:06:00.237020+00:00
2026-05-09 10:06:01,666 [INFO] Cycle result: {'action': 'skip', 'detail': 'no_change'}
2026-05-09 10:06:01,666 [INFO] Waiting 2 minutes for next check...
2026-05-09 10:08:01,666 [INFO] Cycle start: Tehran=2026-05-09 13:38:01.666659+03:30 UTC=2026-05-09 10:08:01.666652+00:00
2026-05-09 10:08:03,012 [INFO] Cycle result: {'action': 'skip', 'detail': 'no_change'}
2026-05-09 10:08:03,012 [INFO] Waiting 2 minutes for next check...
2026-05-09 10:10:03,013 [INFO] Cycle start: Tehran=2026-05-09 13:40:03.013004+03:30 UTC=2026-05-09 10:10:03.012997+00:00
2026-05-09 10:10:04,398 [INFO] Cycle result: {'action': 'skip', 'detail': 'no_change'}
2026-05-09 10:10:04,398 [INFO] Waiting 2 minutes for next check...
2026-05-09 10:12:04,398 [INFO] Cycle start: Tehran=2026-05-09 13:42:04.398532+03:30 UTC=2026-05-09 10:12:04.398525+00:00
2026-05-09 10:12:05,705 [INFO] Cycle result: {'action': 'skip', 'detail': 'no_change'}
2026-05-09 10:12:05,705 [INFO] Waiting 2 minutes for next check...
2026-05-09 10:14:05,705 [INFO] Cycle start: Tehran=2026-05-09 13:44:05.705893+03:30 UTC=2026-05-09 10:14:05.705887+00:00
2026-05-09 10:14:07,036 [INFO] Cycle result: {'action': 'skip', 'detail': 'no_change'}
2026-05-09 10:14:07,036 [INFO] Waiting 2 minutes for next check...
2026-05-09 10:16:07,036 [INFO] Cycle start: Tehran=2026-05-09 13:46:07.036581+03:30 UTC=2026-05-09 10:16:07.036574+00:00
2026-05-09 10:16:08,524 [INFO] Cycle result: {'action': 'skip', 'detail': 'no_change'}
2026-05-09 10:16:08,524 [INFO] Waiting 2 minutes for next check...
2026-05-09 10:18:08,525 [INFO] Cycle start: Tehran=2026-05-09 13:48:08.525007+03:30 UTC=2026-05-09 10:18:08.525000+00:00
2026-05-09 10:18:09,833 [INFO] Cycle result: {'action': 'skip', 'detail': 'no_change'}
2026-05-09 10:18:09,833 [INFO] Waiting 2 minutes for next check...
2026-05-09 10:20:09,833 [INFO] Cycle start: Tehran=2026-05-09 13:50:09.833429+03:30 UTC=2026-05-09 10:20:09.833422+00:00
2026-05-09 10:20:11,242 [INFO] Cycle result: {'action': 'skip', 'detail': 'no_change'}
2026-05-09 10:20:11,242 [INFO] Waiting 2 minutes for next check...
2026-05-09 10:22:11,242 [INFO] Cycle start: Tehran=2026-05-09 13:52:11.242862+03:30 UTC=2026-05-09 10:22:11.242854+00:00
2026-05-09 10:22:12,653 [INFO] Cycle result: {'action': 'skip', 'detail': 'no_change'}
2026-05-09 10:22:12,653 [INFO] Waiting 2 minutes for next check...
2026-05-09 10:24:12,653 [INFO] Cycle start: Tehran=2026-05-09 13:54:12.653863+03:30 UTC=2026-05-09 10:24:12.653855+00:00
2026-05-09 10:24:13,948 [INFO] Cycle result: {'action': 'skip', 'detail': 'no_change'}
2026-05-09 10:24:13,948 [INFO] Waiting 2 minutes for next check...
2026-05-09 10:26:13,949 [INFO] Cycle start: Tehran=2026-05-09 13:56:13.949039+03:30 UTC=2026-05-09 10:26:13.949032+00:00
2026-05-09 10:26:15,405 [INFO] Cycle result: {'action': 'skip', 'detail': 'no_change'}
2026-05-09 10:26:15,405 [INFO] Waiting 2 minutes for next check...
2026-05-09 10:28:15,406 [INFO] Cycle start: Tehran=2026-05-09 13:58:15.406088+03:30 UTC=2026-05-09 10:28:15.406081+00:00
2026-05-09 10:28:16,907 [INFO] Cycle result: {'action': 'skip', 'detail': 'no_change'}
2026-05-09 10:28:16,907 [INFO] Waiting 2 minutes for next check...
2026-05-09 10:30:16,907 [INFO] Cycle start: Tehran=2026-05-09 14:00:16.907700+03:30 UTC=2026-05-09 10:30:16.907692+00:00
2026-05-09 10:30:18,231 [INFO] Cycle result: {'action': 'skip', 'detail': 'no_change'}
2026-05-09 10:30:18,231 [INFO] Waiting 2 minutes for next check...
2026-05-09 10:32:18,232 [INFO] Cycle start: Tehran=2026-05-09 14:02:18.232048+03:30 UTC=2026-05-09 10:32:18.232041+00:00
2026-05-09 10:32:19,551 [INFO] Cycle result: {'action': 'skip', 'detail': 'no_change'}
2026-05-09 10:32:19,551 [INFO] Waiting 2 minutes for next check...
2026-05-09 10:34:19,552 [INFO] Cycle start: Tehran=2026-05-09 14:04:19.552054+03:30 UTC=2026-05-09 10:34:19.552046+00:00
2026-05-09 10:34:21,058 [INFO] Cycle result: {'action': 'skip', 'detail': 'no_change'}
2026-05-09 10:34:21,059 [INFO] Waiting 2 minutes for next check...
2026-05-09 10:36:21,059 [INFO] Cycle start: Tehran=2026-05-09 14:06:21.059245+03:30 UTC=2026-05-09 10:36:21.059237+00:00
2026-05-09 10:36:37,083 [INFO] Cycle result: {'action': 'skip', 'detail': 'no_change'}
2026-05-09 10:36:37,084 [INFO] Waiting 2 minutes for next check...
2026-05-09 10:38:37,084 [INFO] Cycle start: Tehran=2026-05-09 14:08:37.084244+03:30 UTC=2026-05-09 10:38:37.084237+00:00
2026-05-09 10:38:38,430 [INFO] Cycle result: {'action': 'skip', 'detail': 'no_change'}
2026-05-09 10:38:38,430 [INFO] Waiting 2 minutes for next check...
2026-05-09 10:40:38,431 [INFO] Cycle start: Tehran=2026-05-09 14:10:38.431176+03:30 UTC=2026-05-09 10:40:38.431167+00:00
2026-05-09 10:40:39,864 [INFO] Cycle result: {'action': 'skip', 'detail': 'no_change'}
2026-05-09 10:40:39,864 [INFO] Waiting 2 minutes for next check...
2026-05-09 10:42:39,864 [INFO] Cycle start: Tehran=2026-05-09 14:12:39.864794+03:30 UTC=2026-05-09 10:42:39.864786+00:00
2026-05-09 10:42:40,246 [INFO] USD from Sulaymaniyah: mid=178000 -> buy=178100 sell=179100
2026-05-09 10:42:40,808 [INFO] Attempting to send message to @barxexchange
2026-05-09 10:42:41,207 [INFO] TG send success!
2026-05-09 10:42:41,208 [INFO] Cycle result: {'action': 'posted', 'detail': 'change'}
2026-05-09 10:42:41,208 [INFO] Waiting 2 minutes for next check...
2026-05-09 10:44:41,208 [INFO] Cycle start: Tehran=2026-05-09 14:14:41.208400+03:30 UTC=2026-05-09 10:44:41.208392+00:00
2026-05-09 10:44:41,658 [INFO] USD from Sulaymaniyah: mid=178000 -> buy=178100 sell=179100
2026-05-09 10:44:42,216 [INFO] Cycle result: {'action': 'skip', 'detail': 'no_change'}
2026-05-09 10:44:42,216 [INFO] Waiting 2 minutes for next check...
2026-05-09 10:46:42,216 [INFO] Cycle start: Tehran=2026-05-09 14:16:42.216573+03:30 UTC=2026-05-09 10:46:42.216566+00:00
2026-05-09 10:46:43,723 [INFO] Attempting to send message to @barxexchange
2026-05-09 10:46:44,173 [INFO] TG send success!
2026-05-09 10:46:44,173 [INFO] Cycle result: {'action': 'posted', 'detail': 'change'}
2026-05-09 10:46:44,173 [INFO] Waiting 2 minutes for next check...
2026-05-09 10:48:44,173 [INFO] Cycle start: Tehran=2026-05-09 14:18:44.173833+03:30 UTC=2026-05-09 10:48:44.173826+00:00
2026-05-09 10:48:45,534 [INFO] Cycle result: {'action': 'skip', 'detail': 'no_change'}
2026-05-09 10:48:45,534 [INFO] Waiting 2 minutes for next check...
2026-05-09 10:50:45,535 [INFO] Cycle start: Tehran=2026-05-09 14:20:45.535131+03:30 UTC=2026-05-09 10:50:45.535123+00:00
2026-05-09 10:50:46,839 [INFO] Cycle result: {'action': 'skip', 'detail': 'no_change'}
2026-05-09 10:50:46,840 [INFO] Waiting 2 minutes for next check...
2026-05-09 10:52:46,840 [INFO] Cycle start: Tehran=2026-05-09 14:22:46.840246+03:30 UTC=2026-05-09 10:52:46.840238+00:00
2026-05-09 10:52:48,544 [INFO] Cycle result: {'action': 'skip', 'detail': 'no_change'}
2026-05-09 10:52:48,544 [INFO] Waiting 2 minutes for next check...
2026-05-09 14:19:42,905 [INFO] Starting multi-cycle run (25 mins)
2026-05-09 14:19:42,905 [INFO] Cycle start: Tehran=2026-05-09 17:49:42.905185+03:30 UTC=2026-05-09 14:19:42.905177+00:00
2026-05-09 14:19:43,425 [INFO] USD from Sulaymaniyah: mid=177500 -> buy=177600 sell=178600
2026-05-09 14:19:44,414 [INFO] Attempting to send message to @barxexchange
2026-05-09 14:19:44,959 [INFO] TG send success!
2026-05-09 14:19:44,960 [INFO] Cycle result: {'action': 'posted', 'detail': 'change'}
2026-05-09 14:19:44,960 [INFO] Waiting 2 minutes for next check...
2026-05-09 14:21:44,960 [INFO] Cycle start: Tehran=2026-05-09 17:51:44.960452+03:30 UTC=2026-05-09 14:21:44.960445+00:00
2026-05-09 14:21:45,440 [INFO] USD from Sulaymaniyah: mid=177500 -> buy=177600 sell=178600
2026-05-09 14:21:46,171 [INFO] Cycle result: {'action': 'skip', 'detail': 'no_change'}
2026-05-09 14:21:46,171 [INFO] Waiting 2 minutes for next check...
2026-05-09 14:23:46,171 [INFO] Cycle start: Tehran=2026-05-09 17:53:46.171724+03:30 UTC=2026-05-09 14:23:46.171713+00:00
2026-05-09 14:23:46,640 [INFO] USD from Sulaymaniyah: mid=177500 -> buy=177600 sell=178600
2026-05-09 14:23:47,388 [INFO] Cycle result: {'action': 'skip', 'detail': 'no_change'}
2026-05-09 14:23:47,388 [INFO] Waiting 2 minutes for next check...
2026-05-09 14:25:47,388 [INFO] Cycle start: Tehran=2026-05-09 17:55:47.388658+03:30 UTC=2026-05-09 14:25:47.388650+00:00
2026-05-09 14:25:47,898 [INFO] USD from Sulaymaniyah: mid=177400 -> buy=177500 sell=178500
2026-05-09 14:25:48,797 [INFO] Attempting to send message to @barxexchange
2026-05-09 14:25:49,350 [INFO] TG send success!
2026-05-09 14:25:49,350 [INFO] Cycle result: {'action': 'posted', 'detail': 'change'}
2026-05-09 14:25:49,350 [INFO] Waiting 2 minutes for next check...
2026-05-09 14:27:49,350 [INFO] Cycle start: Tehran=2026-05-09 17:57:49.350889+03:30 UTC=2026-05-09 14:27:49.350881+00:00
2026-05-09 14:27:49,825 [INFO] USD from Sulaymaniyah: mid=177400 -> buy=177500 sell=178500
2026-05-09 14:27:50,570 [INFO] Cycle result: {'action': 'skip', 'detail': 'no_change'}
2026-05-09 14:27:50,571 [INFO] Waiting 2 minutes for next check...
2026-05-09 14:29:50,571 [INFO] Cycle start: Tehran=2026-05-09 17:59:50.571449+03:30 UTC=2026-05-09 14:29:50.571442+00:00
2026-05-09 14:29:51,094 [INFO] USD from Sulaymaniyah: mid=177800 -> buy=177900 sell=178900
2026-05-09 14:29:51,840 [INFO] Attempting to send message to @barxexchange
2026-05-09 14:29:52,372 [INFO] TG send success!
2026-05-09 14:29:52,373 [INFO] Cycle result: {'action': 'posted', 'detail': 'change'}
2026-05-09 14:29:52,373 [INFO] Waiting 2 minutes for next check...
2026-05-09 14:31:52,373 [INFO] Cycle start: Tehran=2026-05-09 18:01:52.373500+03:30 UTC=2026-05-09 14:31:52.373493+00:00
2026-05-09 14:31:52,838 [INFO] USD from Sulaymaniyah: mid=177800 -> buy=177900 sell=178900
2026-05-09 14:31:53,763 [INFO] Cycle result: {'action': 'skip', 'detail': 'no_change'}
2026-05-09 14:31:53,763 [INFO] Waiting 2 minutes for next check...
2026-05-09 14:33:53,763 [INFO] Cycle start: Tehran=2026-05-09 18:03:53.763638+03:30 UTC=2026-05-09 14:33:53.763630+00:00
2026-05-09 14:33:54,259 [INFO] USD from Sulaymaniyah: mid=177500 -> buy=177600 sell=178600
2026-05-09 14:33:54,974 [INFO] Attempting to send message to @barxexchange
2026-05-09 14:33:55,523 [INFO] TG send success!
2026-05-09 14:33:55,523 [INFO] Cycle result: {'action': 'posted', 'detail': 'change'}
2026-05-09 14:33:55,523 [INFO] Waiting 2 minutes for next check...
2026-05-09 14:35:55,524 [INFO] Cycle start: Tehran=2026-05-09 18:05:55.524068+03:30 UTC=2026-05-09 14:35:55.524060+00:00
2026-05-09 14:35:55,996 [INFO] USD from Sulaymaniyah: mid=177500 -> buy=177600 sell=178600
2026-05-09 14:35:56,686 [INFO] Cycle result: {'action': 'skip', 'detail': 'no_change'}
2026-05-09 14:35:56,686 [INFO] Waiting 2 minutes for next check...
2026-05-09 14:37:56,686 [INFO] Cycle start: Tehran=2026-05-09 18:07:56.686575+03:30 UTC=2026-05-09 14:37:56.686568+00:00
2026-05-09 14:37:57,223 [INFO] USD from Sulaymaniyah: mid=177500 -> buy=177600 sell=178600
2026-05-09 14:37:58,073 [INFO] Cycle result: {'action': 'skip', 'detail': 'no_change'}
2026-05-09 14:37:58,073 [INFO] Waiting 2 minutes for next check...
2026-05-09 14:39:58,073 [INFO] Cycle start: Tehran=2026-05-09 18:09:58.073888+03:30 UTC=2026-05-09 14:39:58.073881+00:00
2026-05-09 14:39:58,556 [INFO] USD from Sulaymaniyah: mid=177500 -> buy=177600 sell=178600
2026-05-09 14:39:59,294 [INFO] Cycle result: {'action': 'skip', 'detail': 'no_change'}
2026-05-09 14:39:59,294 [INFO] Waiting 2 minutes for next check...
2026-05-09 14:41:59,295 [INFO] Cycle start: Tehran=2026-05-09 18:11:59.295085+03:30 UTC=2026-05-09 14:41:59.295079+00:00
2026-05-09 14:41:59,795 [INFO] USD from Sulaymaniyah: mid=177800 -> buy=177900 sell=178900
2026-05-09 14:42:00,527 [INFO] Attempting to send message to @barxexchange
2026-05-09 14:42:01,075 [INFO] TG send success!
2026-05-09 14:42:01,075 [INFO] Cycle result: {'action': 'posted', 'detail': 'change'}
2026-05-09 14:42:01,075 [INFO] Waiting 2 minutes for next check...
2026-05-09 14:44:01,075 [INFO] Cycle start: Tehran=2026-05-09 18:14:01.075970+03:30 UTC=2026-05-09 14:44:01.075963+00:00
2026-05-09 14:44:01,581 [INFO] USD from Sulaymaniyah: mid=177800 -> buy=177900 sell=178900
2026-05-09 14:44:02,445 [INFO] Cycle result: {'action': 'skip', 'detail': 'no_change'}
2026-05-09 14:44:02,445 [INFO] Waiting 2 minutes for next check...
2026-05-09 14:46:02,445 [INFO] Cycle start: Tehran=2026-05-09 18:16:02.445773+03:30 UTC=2026-05-09 14:46:02.445766+00:00
2026-05-09 14:46:02,966 [INFO] USD from Sulaymaniyah: mid=177800 -> buy=177900 sell=178900
2026-05-09 14:46:03,685 [INFO] Cycle result: {'action': 'skip', 'detail': 'no_change'}
2026-05-09 14:46:03,685 [INFO] Waiting 2 minutes for next check...
2026-05-09 14:48:03,685 [INFO] Cycle start: Tehran=2026-05-09 18:18:03.685733+03:30 UTC=2026-05-09 14:48:03.685726+00:00
2026-05-09 14:48:04,175 [INFO] USD from Sulaymaniyah: mid=177800 -> buy=177900 sell=178900
2026-05-09 14:48:04,900 [INFO] Cycle result: {'action': 'skip', 'detail': 'no_change'}
2026-05-09 14:48:04,900 [INFO] Waiting 2 minutes for next check...
2026-05-09 14:50:04,900 [INFO] Cycle start: Tehran=2026-05-09 18:20:04.900755+03:30 UTC=2026-05-09 14:50:04.900748+00:00
2026-05-09 14:50:05,409 [INFO] USD from Sulaymaniyah: mid=177800 -> buy=177900 sell=178900
2026-05-09 14:50:06,371 [INFO] Cycle result: {'action': 'skip', 'detail': 'no_change'}
2026-05-09 14:50:06,372 [INFO] Waiting 2 minutes for next check...
2026-05-09 14:52:06,372 [INFO] Cycle start: Tehran=2026-05-09 18:22:06.372183+03:30 UTC=2026-05-09 14:52:06.372177+00:00
2026-05-09 14:52:06,849 [INFO] USD from Sulaymaniyah: mid=177800 -> buy=177900 sell=178900
2026-05-09 14:52:07,539 [INFO] Cycle result: {'action': 'skip', 'detail': 'no_change'}
2026-05-09 14:52:07,540 [INFO] Waiting 2 minutes for next check...
2026-05-09 14:54:07,540 [INFO] Cycle start: Tehran=2026-05-09 18:24:07.540433+03:30 UTC=2026-05-09 14:54:07.540387+00:00
2026-05-09 14:54:08,050 [INFO] USD from Sulaymaniyah: mid=177800 -> buy=177900 sell=178900
2026-05-09 14:54:08,793 [INFO] Cycle result: {'action': 'skip', 'detail': 'no_change'}
2026-05-09 14:54:08,794 [INFO] Waiting 2 minutes for next check...
2026-05-09 14:56:08,794 [INFO] Cycle start: Tehran=2026-05-09 18:26:08.794203+03:30 UTC=2026-05-09 14:56:08.794196+00:00
2026-05-09 14:56:09,251 [INFO] USD from Sulaymaniyah: mid=177800 -> buy=177900 sell=178900
2026-05-09 14:56:10,124 [INFO] Cycle result: {'action': 'skip', 'detail': 'no_change'}
2026-05-09 14:56:10,125 [INFO] Waiting 2 minutes for next check...
2026-05-09 14:58:10,125 [INFO] Cycle start: Tehran=2026-05-09 18:28:10.125311+03:30 UTC=2026-05-09 14:58:10.125303+00:00
2026-05-09 14:58:10,641 [INFO] USD from Sulaymaniyah: mid=177800 -> buy=177900 sell=178900
2026-05-09 14:58:11,336 [INFO] Cycle result: {'action': 'skip', 'detail': 'no_change'}
2026-05-09 14:58:11,336 [INFO] Waiting 2 minutes for next check...
2026-05-09 15:00:11,336 [INFO] Cycle start: Tehran=2026-05-09 18:30:11.336550+03:30 UTC=2026-05-09 15:00:11.336541+00:00
2026-05-09 15:00:11,857 [INFO] USD from Sulaymaniyah: mid=177800 -> buy=177900 sell=178900
2026-05-09 15:00:12,637 [INFO] Cycle result: {'action': 'skip', 'detail': 'no_change'}
2026-05-09 15:00:12,637 [INFO] Waiting 2 minutes for next check...
2026-05-09 15:02:12,637 [INFO] Cycle start: Tehran=2026-05-09 18:32:12.637788+03:30 UTC=2026-05-09 15:02:12.637780+00:00
2026-05-09 15:02:13,106 [INFO] USD from Sulaymaniyah: mid=177800 -> buy=177900 sell=178900
2026-05-09 15:02:14,087 [INFO] Cycle result: {'action': 'skip', 'detail': 'no_change'}
2026-05-09 15:02:14,087 [INFO] Waiting 2 minutes for next check...
2026-05-09 15:04:14,087 [INFO] Cycle start: Tehran=2026-05-09 18:34:14.087944+03:30 UTC=2026-05-09 15:04:14.087937+00:00
2026-05-09 15:04:14,571 [INFO] USD from Sulaymaniyah: mid=177800 -> buy=177900 sell=178900
2026-05-09 15:04:15,310 [INFO] Cycle result: {'action': 'skip', 'detail': 'no_change'}
2026-05-09 15:04:15,311 [INFO] Waiting 2 minutes for next check...
2026-05-09 15:06:15,311 [INFO] Cycle start: Tehran=2026-05-09 18:36:15.311290+03:30 UTC=2026-05-09 15:06:15.311283+00:00
2026-05-09 15:06:15,824 [INFO] USD from Sulaymaniyah: mid=177800 -> buy=177900 sell=178900
2026-05-09 15:06:16,538 [INFO] Cycle result: {'action': 'skip', 'detail': 'no_change'}
2026-05-09 15:06:16,539 [INFO] Waiting 2 minutes for next check...
2026-05-09 15:08:16,539 [INFO] Cycle start: Tehran=2026-05-09 18:38:16.539270+03:30 UTC=2026-05-09 15:08:16.539263+00:00
2026-05-09 15:08:17,013 [INFO] USD from Sulaymaniyah: mid=177800 -> buy=177900 sell=178900
2026-05-09 15:08:17,964 [INFO] Cycle result: {'action': 'skip', 'detail': 'no_change'}
2026-05-09 15:08:17,965 [INFO] Waiting 2 minutes for next check...
2026-05-09 15:10:17,965 [INFO] Cycle start: Tehran=2026-05-09 18:40:17.965435+03:30 UTC=2026-05-09 15:10:17.965428+00:00
2026-05-09 15:10:18,487 [INFO] USD from Sulaymaniyah: mid=177800 -> buy=177900 sell=178900
2026-05-09 15:10:19,234 [INFO] Cycle result: {'action': 'skip', 'detail': 'no_change'}
2026-05-09 15:10:19,234 [INFO] Waiting 2 minutes for next check...
2026-05-09 15:12:19,235 [INFO] Cycle start: Tehran=2026-05-09 18:42:19.235091+03:30 UTC=2026-05-09 15:12:19.235084+00:00
2026-05-09 15:12:19,695 [INFO] USD from Sulaymaniyah: mid=177800 -> buy=177900 sell=178900
2026-05-09 15:12:20,402 [INFO] Cycle result: {'action': 'skip', 'detail': 'no_change'}
2026-05-09 15:12:20,402 [INFO] Waiting 2 minutes for next check...
2026-05-09 15:14:20,403 [INFO] Cycle start: Tehran=2026-05-09 18:44:20.403018+03:30 UTC=2026-05-09 15:14:20.403009+00:00
2026-05-09 15:14:20,883 [INFO] USD from Sulaymaniyah: mid=177400 -> buy=177500 sell=178500
2026-05-09 15:14:21,811 [INFO] Attempting to send message to @barxexchange
2026-05-09 15:14:22,393 [INFO] TG send success!
2026-05-09 15:14:22,393 [INFO] Cycle result: {'action': 'posted', 'detail': 'change'}
2026-05-09 15:14:22,393 [INFO] Waiting 2 minutes for next check...
2026-05-09 17:36:25,917 [INFO] Starting multi-cycle run (25 mins)
2026-05-09 17:36:25,917 [INFO] Cycle start: Tehran=2026-05-09 21:06:25.917942+03:30 UTC=2026-05-09 17:36:25.917934+00:00
2026-05-09 17:36:26,545 [INFO] USD from Sulaymaniyah: mid=176900 -> buy=177000 sell=178000
2026-05-09 17:36:27,430 [INFO] Attempting to send message to @barxexchange
2026-05-09 17:36:28,085 [INFO] TG send success!
2026-05-09 17:36:28,085 [INFO] Cycle result: {'action': 'posted', 'detail': 'change'}
2026-05-09 17:36:28,085 [INFO] Waiting 2 minutes for next check...
2026-05-09 17:38:28,085 [INFO] Cycle start: Tehran=2026-05-09 21:08:28.085701+03:30 UTC=2026-05-09 17:38:28.085693+00:00
2026-05-09 17:38:28,620 [INFO] USD from Sulaymaniyah: mid=176900 -> buy=177000 sell=178000
2026-05-09 17:38:29,424 [INFO] Cycle result: {'action': 'skip', 'detail': 'no_change'}
2026-05-09 17:38:29,424 [INFO] Waiting 2 minutes for next check...
2026-05-09 17:40:29,425 [INFO] Cycle start: Tehran=2026-05-09 21:10:29.425140+03:30 UTC=2026-05-09 17:40:29.425130+00:00
2026-05-09 17:40:29,991 [INFO] USD from Sulaymaniyah: mid=176900 -> buy=177000 sell=178000
2026-05-09 17:40:30,777 [INFO] Cycle result: {'action': 'skip', 'detail': 'no_change'}
2026-05-09 17:40:30,777 [INFO] Waiting 2 minutes for next check...
2026-05-09 17:42:30,777 [INFO] Cycle start: Tehran=2026-05-09 21:12:30.777646+03:30 UTC=2026-05-09 17:42:30.777637+00:00
2026-05-09 17:42:31,381 [INFO] USD from Sulaymaniyah: mid=176900 -> buy=177000 sell=178000
2026-05-09 17:42:32,229 [INFO] Cycle result: {'action': 'skip', 'detail': 'no_change'}
2026-05-09 17:42:32,229 [INFO] Waiting 2 minutes for next check...
2026-05-09 17:44:32,229 [INFO] Cycle start: Tehran=2026-05-09 21:14:32.229885+03:30 UTC=2026-05-09 17:44:32.229877+00:00
2026-05-09 17:44:32,820 [INFO] USD from Sulaymaniyah: mid=176900 -> buy=177000 sell=178000
2026-05-09 17:44:33,592 [INFO] Cycle result: {'action': 'skip', 'detail': 'no_change'}
2026-05-09 17:44:33,592 [INFO] Waiting 2 minutes for next check...
2026-05-09 17:46:33,592 [INFO] Cycle start: Tehran=2026-05-09 21:16:33.592919+03:30 UTC=2026-05-09 17:46:33.592910+00:00
2026-05-09 17:46:34,160 [INFO] USD from Sulaymaniyah: mid=176900 -> buy=177000 sell=178000
2026-05-09 17:46:34,953 [INFO] Cycle result: {'action': 'skip', 'detail': 'no_change'}
2026-05-09 17:46:34,953 [INFO] Waiting 2 minutes for next check...
2026-05-09 17:48:34,953 [INFO] Cycle start: Tehran=2026-05-09 21:18:34.953459+03:30 UTC=2026-05-09 17:48:34.953451+00:00
2026-05-09 17:48:35,517 [INFO] USD from Sulaymaniyah: mid=176900 -> buy=177000 sell=178000
2026-05-09 17:48:36,479 [INFO] Cycle result: {'action': 'skip', 'detail': 'no_change'}
2026-05-09 17:48:36,479 [INFO] Waiting 2 minutes for next check...
2026-05-09 17:50:36,480 [INFO] Cycle start: Tehran=2026-05-09 21:20:36.480214+03:30 UTC=2026-05-09 17:50:36.480205+00:00
2026-05-09 17:50:37,155 [INFO] USD from Sulaymaniyah: mid=176900 -> buy=177000 sell=178000
2026-05-09 17:50:37,944 [INFO] Cycle result: {'action': 'skip', 'detail': 'no_change'}
2026-05-09 17:50:37,944 [INFO] Waiting 2 minutes for next check...
2026-05-09 17:52:37,944 [INFO] Cycle start: Tehran=2026-05-09 21:22:37.944786+03:30 UTC=2026-05-09 17:52:37.944779+00:00
2026-05-09 17:52:38,547 [INFO] USD from Sulaymaniyah: mid=176900 -> buy=177000 sell=178000
2026-05-09 17:52:39,334 [INFO] Cycle result: {'action': 'skip', 'detail': 'no_change'}
2026-05-09 17:52:39,334 [INFO] Waiting 2 minutes for next check...
2026-05-09 17:54:39,334 [INFO] Cycle start: Tehran=2026-05-09 21:24:39.334883+03:30 UTC=2026-05-09 17:54:39.334876+00:00
2026-05-09 17:54:39,935 [INFO] USD from Sulaymaniyah: mid=176900 -> buy=177000 sell=178000
2026-05-09 17:54:40,825 [INFO] Cycle result: {'action': 'skip', 'detail': 'no_change'}
2026-05-09 17:54:40,825 [INFO] Waiting 2 minutes for next check...
2026-05-09 17:56:40,825 [INFO] Cycle start: Tehran=2026-05-09 21:26:40.825563+03:30 UTC=2026-05-09 17:56:40.825556+00:00
2026-05-09 17:56:41,387 [INFO] USD from Sulaymaniyah: mid=176900 -> buy=177000 sell=178000
2026-05-09 17:56:42,174 [INFO] Cycle result: {'action': 'skip', 'detail': 'no_change'}
2026-05-09 17:56:42,174 [INFO] Waiting 2 minutes for next check...
2026-05-09 17:58:42,174 [INFO] Cycle start: Tehran=2026-05-09 21:28:42.174662+03:30 UTC=2026-05-09 17:58:42.174655+00:00
2026-05-09 17:58:42,870 [INFO] USD from Sulaymaniyah: mid=176900 -> buy=177000 sell=178000
2026-05-09 17:58:43,677 [INFO] Cycle result: {'action': 'skip', 'detail': 'no_change'}
2026-05-09 17:58:43,677 [INFO] Waiting 2 minutes for next check...
2026-05-09 18:00:43,677 [INFO] Cycle start: Tehran=2026-05-09 21:30:43.677889+03:30 UTC=2026-05-09 18:00:43.677881+00:00
2026-05-09 18:00:44,215 [INFO] USD from Sulaymaniyah: mid=176900 -> buy=177000 sell=178000
2026-05-09 18:00:45,042 [INFO] Cycle result: {'action': 'skip', 'detail': 'no_change'}
2026-05-09 18:00:45,042 [INFO] Waiting 2 minutes for next check...
2026-05-09 18:02:45,042 [INFO] Cycle start: Tehran=2026-05-09 21:32:45.042586+03:30 UTC=2026-05-09 18:02:45.042580+00:00
2026-05-09 18:02:45,668 [INFO] USD from Sulaymaniyah: mid=176900 -> buy=177000 sell=178000
2026-05-09 18:02:46,478 [INFO] Cycle result: {'action': 'skip', 'detail': 'no_change'}
2026-05-09 18:02:46,478 [INFO] Waiting 2 minutes for next check...
2026-05-09 18:04:46,479 [INFO] Cycle start: Tehran=2026-05-09 21:34:46.479041+03:30 UTC=2026-05-09 18:04:46.479034+00:00
2026-05-09 18:05:01,576 [INFO] USD from Sulaymaniyah: mid=176900 -> buy=177000 sell=178000
2026-05-09 18:05:24,561 [INFO] Cycle result: {'action': 'skip', 'detail': 'no_change'}
2026-05-09 18:05:24,561 [INFO] Waiting 2 minutes for next check...
2026-05-09 18:07:24,561 [INFO] Cycle start: Tehran=2026-05-09 21:37:24.561605+03:30 UTC=2026-05-09 18:07:24.561598+00:00
2026-05-09 18:07:32,498 [INFO] USD from Sulaymaniyah: mid=176900 -> buy=177000 sell=178000
2026-05-09 18:07:39,939 [INFO] Cycle result: {'action': 'skip', 'detail': 'no_change'}
2026-05-09 18:07:39,940 [INFO] Waiting 2 minutes for next check...
2026-05-09 18:09:39,940 [INFO] Cycle start: Tehran=2026-05-09 21:39:39.940238+03:30 UTC=2026-05-09 18:09:39.940231+00:00
2026-05-09 18:09:40,486 [INFO] USD from Sulaymaniyah: mid=176900 -> buy=177000 sell=178000
2026-05-09 18:09:41,261 [INFO] Cycle result: {'action': 'skip', 'detail': 'no_change'}
2026-05-09 18:09:41,261 [INFO] Waiting 2 minutes for next check...
2026-05-09 18:11:41,261 [INFO] Cycle start: Tehran=2026-05-09 21:41:41.261628+03:30 UTC=2026-05-09 18:11:41.261622+00:00
2026-05-09 18:11:43,150 [INFO] USD from Sulaymaniyah: mid=176900 -> buy=177000 sell=178000
2026-05-09 18:11:46,819 [INFO] Cycle result: {'action': 'skip', 'detail': 'no_change'}
2026-05-09 18:11:46,820 [INFO] Waiting 2 minutes for next check...
2026-05-09 18:13:46,820 [INFO] Cycle start: Tehran=2026-05-09 21:43:46.820414+03:30 UTC=2026-05-09 18:13:46.820408+00:00
2026-05-09 18:13:47,466 [INFO] USD from Sulaymaniyah: mid=176900 -> buy=177000 sell=178000
2026-05-09 18:13:48,353 [INFO] Cycle result: {'action': 'skip', 'detail': 'no_change'}
2026-05-09 18:13:48,353 [INFO] Waiting 2 minutes for next check...
2026-05-09 18:15:48,353 [INFO] Cycle start: Tehran=2026-05-09 21:45:48.353750+03:30 UTC=2026-05-09 18:15:48.353743+00:00
2026-05-09 18:15:48,954 [INFO] USD from Sulaymaniyah: mid=176900 -> buy=177000 sell=178000
2026-05-09 18:15:49,716 [INFO] Cycle result: {'action': 'skip', 'detail': 'no_change'}
2026-05-09 18:15:49,716 [INFO] Waiting 2 minutes for next check...
2026-05-09 18:17:49,716 [INFO] Cycle start: Tehran=2026-05-09 21:47:49.716932+03:30 UTC=2026-05-09 18:17:49.716926+00:00
2026-05-09 18:17:50,285 [INFO] USD from Sulaymaniyah: mid=176900 -> buy=177000 sell=178000
2026-05-09 18:17:51,064 [INFO] Cycle result: {'action': 'skip', 'detail': 'no_change'}
2026-05-09 18:17:51,064 [INFO] Waiting 2 minutes for next check...
2026-05-09 18:19:51,064 [INFO] Cycle start: Tehran=2026-05-09 21:49:51.064916+03:30 UTC=2026-05-09 18:19:51.064909+00:00
2026-05-09 18:19:51,660 [INFO] USD from Sulaymaniyah: mid=176900 -> buy=177000 sell=178000
2026-05-09 18:19:52,518 [INFO] Cycle result: {'action': 'skip', 'detail': 'no_change'}
2026-05-09 18:19:52,518 [INFO] Waiting 2 minutes for next check...
2026-05-09 18:21:52,518 [INFO] Cycle start: Tehran=2026-05-09 21:51:52.518538+03:30 UTC=2026-05-09 18:21:52.518531+00:00
2026-05-09 18:22:01,078 [INFO] USD from Sulaymaniyah: mid=176900 -> buy=177000 sell=178000
2026-05-09 18:22:07,340 [INFO] Cycle result: {'action': 'skip', 'detail': 'no_change'}
2026-05-09 18:22:07,340 [INFO] Waiting 2 minutes for next check...
2026-05-09 18:24:07,340 [INFO] Cycle start: Tehran=2026-05-09 21:54:07.340470+03:30 UTC=2026-05-09 18:24:07.340463+00:00
2026-05-09 18:24:07,941 [INFO] USD from Sulaymaniyah: mid=176900 -> buy=177000 sell=178000
2026-05-09 18:24:08,782 [INFO] Cycle result: {'action': 'skip', 'detail': 'no_change'}
2026-05-09 18:24:08,782 [INFO] Waiting 2 minutes for next check...
2026-05-09 18:26:08,782 [INFO] Cycle start: Tehran=2026-05-09 21:56:08.782846+03:30 UTC=2026-05-09 18:26:08.782839+00:00
2026-05-09 18:26:09,350 [INFO] USD from Sulaymaniyah: mid=176900 -> buy=177000 sell=178000
2026-05-09 18:26:10,308 [INFO] Cycle result: {'action': 'skip', 'detail': 'no_change'}
2026-05-09 18:26:10,308 [INFO] Waiting 2 minutes for next check...
2026-05-09 18:28:10,308 [INFO] Cycle start: Tehran=2026-05-09 21:58:10.308824+03:30 UTC=2026-05-09 18:28:10.308818+00:00
2026-05-09 18:28:11,095 [INFO] USD from Sulaymaniyah: mid=176900 -> buy=177000 sell=178000
2026-05-09 18:28:12,373 [INFO] Cycle result: {'action': 'skip', 'detail': 'no_change'}
2026-05-09 18:28:12,373 [INFO] Waiting 2 minutes for next check...
2026-05-09 18:30:12,373 [INFO] Cycle start: Tehran=2026-05-09 22:00:12.373745+03:30 UTC=2026-05-09 18:30:12.373737+00:00
2026-05-09 18:30:12,914 [INFO] USD from Sulaymaniyah: mid=176900 -> buy=177000 sell=178000
2026-05-09 18:30:13,705 [INFO] Cycle result: {'action': 'skip', 'detail': 'no_change'}
2026-05-09 18:30:13,706 [INFO] Waiting 2 minutes for next check...
2026-05-09 20:09:14,313 [INFO] Starting multi-cycle run (25 mins)
2026-05-09 20:09:14,313 [INFO] Cycle start: Tehran=2026-05-09 23:39:14.313583+03:30 UTC=2026-05-09 20:09:14.313575+00:00
2026-05-09 20:09:14,741 [INFO] USD from Sulaymaniyah: mid=176900 -> buy=177000 sell=178000
2026-05-09 20:09:15,417 [INFO] Cycle result: {'action': 'skip', 'detail': 'no_change'}
2026-05-09 20:09:15,417 [INFO] Waiting 2 minutes for next check...
2026-05-09 20:11:15,418 [INFO] Cycle start: Tehran=2026-05-09 23:41:15.417961+03:30 UTC=2026-05-09 20:11:15.417952+00:00
2026-05-09 20:11:15,836 [INFO] USD from Sulaymaniyah: mid=176900 -> buy=177000 sell=178000
2026-05-09 20:11:16,446 [INFO] Cycle result: {'action': 'skip', 'detail': 'no_change'}
2026-05-09 20:11:16,447 [INFO] Waiting 2 minutes for next check...
2026-05-09 20:13:16,447 [INFO] Cycle start: Tehran=2026-05-09 23:43:16.447355+03:30 UTC=2026-05-09 20:13:16.447341+00:00
2026-05-09 20:13:16,856 [INFO] USD from Sulaymaniyah: mid=176900 -> buy=177000 sell=178000
2026-05-09 20:13:17,442 [INFO] Cycle result: {'action': 'skip', 'detail': 'no_change'}
2026-05-09 20:13:17,442 [INFO] Waiting 2 minutes for next check...
2026-05-09 20:15:17,442 [INFO] Cycle start: Tehran=2026-05-09 23:45:17.442726+03:30 UTC=2026-05-09 20:15:17.442716+00:00
2026-05-09 20:15:17,914 [INFO] USD from Sulaymaniyah: mid=176900 -> buy=177000 sell=178000
2026-05-09 20:15:18,540 [INFO] Cycle result: {'action': 'skip', 'detail': 'no_change'}
2026-05-09 20:15:18,540 [INFO] Waiting 2 minutes for next check...
2026-05-09 20:17:18,540 [INFO] Cycle start: Tehran=2026-05-09 23:47:18.540948+03:30 UTC=2026-05-09 20:17:18.540939+00:00
2026-05-09 20:17:18,954 [INFO] USD from Sulaymaniyah: mid=176900 -> buy=177000 sell=178000
2026-05-09 20:17:19,521 [INFO] Cycle result: {'action': 'skip', 'detail': 'no_change'}
2026-05-09 20:17:19,522 [INFO] Waiting 2 minutes for next check...
2026-05-09 20:19:19,522 [INFO] Cycle start: Tehran=2026-05-09 23:49:19.522417+03:30 UTC=2026-05-09 20:19:19.522408+00:00
2026-05-09 20:19:19,931 [INFO] USD from Sulaymaniyah: mid=176900 -> buy=177000 sell=178000
2026-05-09 20:19:20,511 [INFO] Cycle result: {'action': 'skip', 'detail': 'no_change'}
2026-05-09 20:19:20,511 [INFO] Waiting 2 minutes for next check...
2026-05-09 20:21:20,511 [INFO] Cycle start: Tehran=2026-05-09 23:51:20.511946+03:30 UTC=2026-05-09 20:21:20.511936+00:00
2026-05-09 20:21:20,947 [INFO] USD from Sulaymaniyah: mid=176900 -> buy=177000 sell=178000
2026-05-09 20:21:21,729 [INFO] Cycle result: {'action': 'skip', 'detail': 'no_change'}
2026-05-09 20:21:21,729 [INFO] Waiting 2 minutes for next check...
2026-05-09 20:23:21,729 [INFO] Cycle start: Tehran=2026-05-09 23:53:21.729613+03:30 UTC=2026-05-09 20:23:21.729603+00:00
2026-05-09 20:23:22,171 [INFO] USD from Sulaymaniyah: mid=176900 -> buy=177000 sell=178000
2026-05-09 20:23:22,744 [INFO] Cycle result: {'action': 'skip', 'detail': 'no_change'}
2026-05-09 20:23:22,744 [INFO] Waiting 2 minutes for next check...
2026-05-09 20:25:22,745 [INFO] Cycle start: Tehran=2026-05-09 23:55:22.744993+03:30 UTC=2026-05-09 20:25:22.744983+00:00
2026-05-09 20:25:23,194 [INFO] USD from Sulaymaniyah: mid=176900 -> buy=177000 sell=178000
2026-05-09 20:25:23,756 [INFO] Cycle result: {'action': 'skip', 'detail': 'no_change'}
2026-05-09 20:25:23,756 [INFO] Waiting 2 minutes for next check...
2026-05-09 20:27:23,757 [INFO] Cycle start: Tehran=2026-05-09 23:57:23.757011+03:30 UTC=2026-05-09 20:27:23.757003+00:00
2026-05-09 20:27:24,213 [INFO] USD from Sulaymaniyah: mid=176900 -> buy=177000 sell=178000
2026-05-09 20:27:24,850 [INFO] Cycle result: {'action': 'skip', 'detail': 'no_change'}
2026-05-09 20:27:24,851 [INFO] Waiting 2 minutes for next check...
2026-05-09 20:29:24,851 [INFO] Cycle start: Tehran=2026-05-09 23:59:24.851182+03:30 UTC=2026-05-09 20:29:24.851174+00:00
2026-05-09 20:29:25,259 [INFO] USD from Sulaymaniyah: mid=176900 -> buy=177000 sell=178000
2026-05-09 20:29:25,840 [INFO] Cycle result: {'action': 'skip', 'detail': 'no_change'}
2026-05-09 20:29:25,840 [INFO] Waiting 2 minutes for next check...
2026-05-09 20:31:25,840 [INFO] Cycle start: Tehran=2026-05-10 00:01:25.840724+03:30 UTC=2026-05-09 20:31:25.840715+00:00
2026-05-09 20:31:26,288 [INFO] USD from Sulaymaniyah: mid=176900 -> buy=177000 sell=178000
2026-05-09 20:31:26,853 [INFO] Cycle result: {'action': 'skip', 'detail': 'no_change'}
2026-05-09 20:31:26,853 [INFO] Waiting 2 minutes for next check...
2026-05-09 20:33:26,854 [INFO] Cycle start: Tehran=2026-05-10 00:03:26.854169+03:30 UTC=2026-05-09 20:33:26.854161+00:00
2026-05-09 20:33:27,263 [INFO] USD from Sulaymaniyah: mid=176900 -> buy=177000 sell=178000
2026-05-09 20:33:27,875 [INFO] Cycle result: {'action': 'skip', 'detail': 'no_change'}
2026-05-09 20:33:27,875 [INFO] Waiting 2 minutes for next check...
2026-05-09 20:35:27,875 [INFO] Cycle start: Tehran=2026-05-10 00:05:27.875435+03:30 UTC=2026-05-09 20:35:27.875427+00:00
2026-05-09 20:35:28,320 [INFO] USD from Sulaymaniyah: mid=176900 -> buy=177000 sell=178000
2026-05-09 20:35:28,887 [INFO] Cycle result: {'action': 'skip', 'detail': 'no_change'}
2026-05-09 20:35:28,887 [INFO] Waiting 2 minutes for next check...
2026-05-09 20:37:28,887 [INFO] Cycle start: Tehran=2026-05-10 00:07:28.887468+03:30 UTC=2026-05-09 20:37:28.887459+00:00
2026-05-09 20:37:29,296 [INFO] USD from Sulaymaniyah: mid=176900 -> buy=177000 sell=178000
2026-05-09 20:37:29,872 [INFO] Cycle result: {'action': 'skip', 'detail': 'no_change'}
2026-05-09 20:37:29,872 [INFO] Waiting 2 minutes for next check...
2026-05-09 20:39:29,872 [INFO] Cycle start: Tehran=2026-05-10 00:09:29.872631+03:30 UTC=2026-05-09 20:39:29.872622+00:00
2026-05-09 20:39:30,279 [INFO] USD from Sulaymaniyah: mid=176900 -> buy=177000 sell=178000
2026-05-09 20:39:30,919 [INFO] Cycle result: {'action': 'skip', 'detail': 'no_change'}
2026-05-09 20:39:30,920 [INFO] Waiting 2 minutes for next check...
2026-05-09 20:41:30,920 [INFO] Cycle start: Tehran=2026-05-10 00:11:30.920263+03:30 UTC=2026-05-09 20:41:30.920254+00:00
2026-05-09 20:41:31,455 [INFO] USD from Sulaymaniyah: mid=176900 -> buy=177000 sell=178000
2026-05-09 20:41:32,025 [INFO] Cycle result: {'action': 'skip', 'detail': 'no_change'}
2026-05-09 20:41:32,026 [INFO] Waiting 2 minutes for next check...
2026-05-09 20:43:32,026 [INFO] Cycle start: Tehran=2026-05-10 00:13:32.026169+03:30 UTC=2026-05-09 20:43:32.026160+00:00
2026-05-09 20:43:32,428 [INFO] USD from Sulaymaniyah: mid=176900 -> buy=177000 sell=178000
2026-05-09 20:43:33,019 [INFO] Cycle result: {'action': 'skip', 'detail': 'no_change'}
2026-05-09 20:43:33,019 [INFO] Waiting 2 minutes for next check...
2026-05-09 20:45:33,019 [INFO] Cycle start: Tehran=2026-05-10 00:15:33.019490+03:30 UTC=2026-05-09 20:45:33.019481+00:00
2026-05-09 20:45:33,505 [INFO] USD from Sulaymaniyah: mid=176900 -> buy=177000 sell=178000
2026-05-09 20:45:34,250 [INFO] Cycle result: {'action': 'skip', 'detail': 'no_change'}
2026-05-09 20:45:34,250 [INFO] Waiting 2 minutes for next check...
2026-05-09 20:47:34,250 [INFO] Cycle start: Tehran=2026-05-10 00:17:34.250559+03:30 UTC=2026-05-09 20:47:34.250550+00:00
2026-05-09 20:47:34,666 [INFO] USD from Sulaymaniyah: mid=176900 -> buy=177000 sell=178000
2026-05-09 20:47:35,252 [INFO] Cycle result: {'action': 'skip', 'detail': 'no_change'}
2026-05-09 20:47:35,253 [INFO] Waiting 2 minutes for next check...
2026-05-09 20:49:35,253 [INFO] Cycle start: Tehran=2026-05-10 00:19:35.253409+03:30 UTC=2026-05-09 20:49:35.253400+00:00
2026-05-09 20:49:35,663 [INFO] USD from Sulaymaniyah: mid=176900 -> buy=177000 sell=178000
2026-05-09 20:49:36,230 [INFO] Cycle result: {'action': 'skip', 'detail': 'no_change'}
2026-05-09 20:49:36,231 [INFO] Waiting 2 minutes for next check...
2026-05-09 20:51:36,231 [INFO] Cycle start: Tehran=2026-05-10 00:21:36.231204+03:30 UTC=2026-05-09 20:51:36.231193+00:00
2026-05-09 20:51:36,675 [INFO] USD from Sulaymaniyah: mid=176900 -> buy=177000 sell=178000
2026-05-09 20:51:37,382 [INFO] Cycle result: {'action': 'skip', 'detail': 'no_change'}
2026-05-09 20:51:37,382 [INFO] Waiting 2 minutes for next check...
2026-05-09 20:53:37,382 [INFO] Cycle start: Tehran=2026-05-10 00:23:37.382503+03:30 UTC=2026-05-09 20:53:37.382494+00:00
2026-05-09 20:53:37,812 [INFO] USD from Sulaymaniyah: mid=176900 -> buy=177000 sell=178000
2026-05-09 20:53:38,415 [INFO] Cycle result: {'action': 'skip', 'detail': 'no_change'}
2026-05-09 20:53:38,416 [INFO] Waiting 2 minutes for next check...
2026-05-09 20:55:38,416 [INFO] Cycle start: Tehran=2026-05-10 00:25:38.416354+03:30 UTC=2026-05-09 20:55:38.416345+00:00
2026-05-09 20:55:38,845 [INFO] USD from Sulaymaniyah: mid=176900 -> buy=177000 sell=178000
2026-05-09 20:55:39,437 [INFO] Cycle result: {'action': 'skip', 'detail': 'no_change'}
2026-05-09 20:55:39,437 [INFO] Waiting 2 minutes for next check...
2026-05-09 20:57:39,437 [INFO] Cycle start: Tehran=2026-05-10 00:27:39.437635+03:30 UTC=2026-05-09 20:57:39.437625+00:00
2026-05-09 20:57:39,844 [INFO] USD from Sulaymaniyah: mid=176900 -> buy=177000 sell=178000
2026-05-09 20:57:40,540 [INFO] Cycle result: {'action': 'skip', 'detail': 'no_change'}
2026-05-09 20:57:40,540 [INFO] Waiting 2 minutes for next check...
2026-05-09 20:59:40,540 [INFO] Cycle start: Tehran=2026-05-10 00:29:40.540692+03:30 UTC=2026-05-09 20:59:40.540683+00:00
2026-05-09 20:59:40,946 [INFO] USD from Sulaymaniyah: mid=176900 -> buy=177000 sell=178000
2026-05-09 20:59:41,576 [INFO] Cycle result: {'action': 'skip', 'detail': 'no_change'}
2026-05-09 20:59:41,577 [INFO] Waiting 2 minutes for next check...
2026-05-09 21:01:41,577 [INFO] Cycle start: Tehran=2026-05-10 00:31:41.577174+03:30 UTC=2026-05-09 21:01:41.577165+00:00
2026-05-09 21:01:42,004 [INFO] USD from Sulaymaniyah: mid=176900 -> buy=177000 sell=178000
2026-05-09 21:01:42,581 [INFO] Cycle result: {'action': 'skip', 'detail': 'no_change'}
2026-05-09 21:01:42,581 [INFO] Waiting 2 minutes for next check...
2026-05-09 21:03:42,582 [INFO] Cycle start: Tehran=2026-05-10 00:33:42.582141+03:30 UTC=2026-05-09 21:03:42.582132+00:00
2026-05-09 21:03:42,995 [INFO] USD from Sulaymaniyah: mid=176900 -> buy=177000 sell=178000
2026-05-09 21:03:43,682 [INFO] Cycle result: {'action': 'skip', 'detail': 'no_change'}
2026-05-09 21:03:43,683 [INFO] Waiting 2 minutes for next check...
2026-05-09 22:29:22,140 [INFO] Starting multi-cycle run (25 mins)
2026-05-09 22:29:22,140 [INFO] Cycle start: Tehran=2026-05-10 01:59:22.140954+03:30 UTC=2026-05-09 22:29:22.140945+00:00
2026-05-09 22:29:22,541 [INFO] USD from Sulaymaniyah: mid=176900 -> buy=177000 sell=178000
2026-05-09 22:29:23,125 [INFO] Cycle result: {'action': 'skip', 'detail': 'no_change'}
2026-05-09 22:29:23,125 [INFO] Waiting 2 minutes for next check...
2026-05-09 22:31:23,125 [INFO] Cycle start: Tehran=2026-05-10 02:01:23.125574+03:30 UTC=2026-05-09 22:31:23.125566+00:00
2026-05-09 22:31:23,483 [INFO] USD from Sulaymaniyah: mid=176900 -> buy=177000 sell=178000
2026-05-09 22:31:24,120 [INFO] Cycle result: {'action': 'skip', 'detail': 'no_change'}
2026-05-09 22:31:24,120 [INFO] Waiting 2 minutes for next check...
2026-05-09 22:33:24,120 [INFO] Cycle start: Tehran=2026-05-10 02:03:24.120842+03:30 UTC=2026-05-09 22:33:24.120831+00:00
2026-05-09 22:33:24,496 [INFO] USD from Sulaymaniyah: mid=176900 -> buy=177000 sell=178000
2026-05-09 22:33:25,011 [INFO] Cycle result: {'action': 'skip', 'detail': 'no_change'}
2026-05-09 22:33:25,011 [INFO] Waiting 2 minutes for next check...
2026-05-09 22:35:25,012 [INFO] Cycle start: Tehran=2026-05-10 02:05:25.012143+03:30 UTC=2026-05-09 22:35:25.012135+00:00
2026-05-09 22:35:25,367 [INFO] USD from Sulaymaniyah: mid=176900 -> buy=177000 sell=178000
2026-05-09 22:35:25,970 [INFO] Cycle result: {'action': 'skip', 'detail': 'no_change'}
2026-05-09 22:35:25,970 [INFO] Waiting 2 minutes for next check...
2026-05-09 22:37:25,971 [INFO] Cycle start: Tehran=2026-05-10 02:07:25.971035+03:30 UTC=2026-05-09 22:37:25.971027+00:00
2026-05-09 22:37:26,333 [INFO] USD from Sulaymaniyah: mid=176900 -> buy=177000 sell=178000
2026-05-09 22:37:26,887 [INFO] Cycle result: {'action': 'skip', 'detail': 'no_change'}
2026-05-09 22:37:26,887 [INFO] Waiting 2 minutes for next check...
2026-05-09 22:39:26,887 [INFO] Cycle start: Tehran=2026-05-10 02:09:26.887918+03:30 UTC=2026-05-09 22:39:26.887910+00:00
2026-05-09 22:39:27,249 [INFO] USD from Sulaymaniyah: mid=176900 -> buy=177000 sell=178000
2026-05-09 22:39:27,764 [INFO] Cycle result: {'action': 'skip', 'detail': 'no_change'}
2026-05-09 22:39:27,764 [INFO] Waiting 2 minutes for next check...
2026-05-09 22:41:27,764 [INFO] Cycle start: Tehran=2026-05-10 02:11:27.764493+03:30 UTC=2026-05-09 22:41:27.764485+00:00
2026-05-09 22:41:28,131 [INFO] USD from Sulaymaniyah: mid=176900 -> buy=177000 sell=178000
2026-05-09 22:41:28,743 [INFO] Cycle result: {'action': 'skip', 'detail': 'no_change'}
2026-05-09 22:41:28,743 [INFO] Waiting 2 minutes for next check...
2026-05-09 22:43:28,744 [INFO] Cycle start: Tehran=2026-05-10 02:13:28.744176+03:30 UTC=2026-05-09 22:43:28.744168+00:00
2026-05-09 22:43:29,126 [INFO] USD from Sulaymaniyah: mid=176900 -> buy=177000 sell=178000
2026-05-09 22:43:29,734 [INFO] Cycle result: {'action': 'skip', 'detail': 'no_change'}
2026-05-09 22:43:29,734 [INFO] Waiting 2 minutes for next check...
2026-05-09 22:45:29,735 [INFO] Cycle start: Tehran=2026-05-10 02:15:29.735109+03:30 UTC=2026-05-09 22:45:29.735101+00:00
2026-05-09 22:45:30,185 [INFO] USD from Sulaymaniyah: mid=176900 -> buy=177000 sell=178000
2026-05-09 22:45:30,734 [INFO] Cycle result: {'action': 'skip', 'detail': 'no_change'}
2026-05-09 22:45:30,734 [INFO] Waiting 2 minutes for next check...
2026-05-09 22:47:30,734 [INFO] Cycle start: Tehran=2026-05-10 02:17:30.734671+03:30 UTC=2026-05-09 22:47:30.734657+00:00
2026-05-09 22:47:31,111 [INFO] USD from Sulaymaniyah: mid=176900 -> buy=177000 sell=178000
2026-05-09 22:47:31,748 [INFO] Cycle result: {'action': 'skip', 'detail': 'no_change'}
2026-05-09 22:47:31,748 [INFO] Waiting 2 minutes for next check...
2026-05-09 22:49:31,748 [INFO] Cycle start: Tehran=2026-05-10 02:19:31.748754+03:30 UTC=2026-05-09 22:49:31.748745+00:00
2026-05-09 22:49:32,159 [INFO] USD from Sulaymaniyah: mid=176900 -> buy=177000 sell=178000
2026-05-09 22:49:32,707 [INFO] Cycle result: {'action': 'skip', 'detail': 'no_change'}
2026-05-09 22:49:32,708 [INFO] Waiting 2 minutes for next check...
2026-05-09 22:51:32,708 [INFO] Cycle start: Tehran=2026-05-10 02:21:32.708241+03:30 UTC=2026-05-09 22:51:32.708232+00:00
2026-05-09 22:51:33,061 [INFO] USD from Sulaymaniyah: mid=176900 -> buy=177000 sell=178000
2026-05-09 22:51:33,610 [INFO] Cycle result: {'action': 'skip', 'detail': 'no_change'}
2026-05-09 22:51:33,611 [INFO] Waiting 2 minutes for next check...
2026-05-09 22:53:33,611 [INFO] Cycle start: Tehran=2026-05-10 02:23:33.611214+03:30 UTC=2026-05-09 22:53:33.611207+00:00
2026-05-09 22:53:33,992 [INFO] USD from Sulaymaniyah: mid=176900 -> buy=177000 sell=178000
2026-05-09 22:53:34,618 [INFO] Cycle result: {'action': 'skip', 'detail': 'no_change'}
2026-05-09 22:53:34,618 [INFO] Waiting 2 minutes for next check...
2026-05-09 22:55:34,619 [INFO] Cycle start: Tehran=2026-05-10 02:25:34.619146+03:30 UTC=2026-05-09 22:55:34.619138+00:00
2026-05-09 22:55:35,033 [INFO] USD from Sulaymaniyah: mid=176900 -> buy=177000 sell=178000
2026-05-09 22:55:35,664 [INFO] Cycle result: {'action': 'skip', 'detail': 'no_change'}
2026-05-09 22:55:35,664 [INFO] Waiting 2 minutes for next check...
2026-05-09 22:57:35,664 [INFO] Cycle start: Tehran=2026-05-10 02:27:35.664535+03:30 UTC=2026-05-09 22:57:35.664526+00:00
2026-05-09 22:57:36,034 [INFO] USD from Sulaymaniyah: mid=176900 -> buy=177000 sell=178000
2026-05-09 22:57:36,547 [INFO] Cycle result: {'action': 'skip', 'detail': 'no_change'}
2026-05-09 22:57:36,547 [INFO] Waiting 2 minutes for next check...
2026-05-09 22:59:36,547 [INFO] Cycle start: Tehran=2026-05-10 02:29:36.547770+03:30 UTC=2026-05-09 22:59:36.547762+00:00
2026-05-09 22:59:36,909 [INFO] USD from Sulaymaniyah: mid=176900 -> buy=177000 sell=178000
2026-05-09 22:59:37,610 [INFO] Cycle result: {'action': 'skip', 'detail': 'no_change'}
2026-05-09 22:59:37,610 [INFO] Waiting 2 minutes for next check...
2026-05-09 23:01:37,610 [INFO] Cycle start: Tehran=2026-05-10 02:31:37.610777+03:30 UTC=2026-05-09 23:01:37.610769+00:00
2026-05-09 23:01:37,964 [INFO] USD from Sulaymaniyah: mid=176900 -> buy=177000 sell=178000
2026-05-09 23:01:38,519 [INFO] Cycle result: {'action': 'skip', 'detail': 'no_change'}
2026-05-09 23:01:38,519 [INFO] Waiting 2 minutes for next check...
2026-05-09 23:03:38,520 [INFO] Cycle start: Tehran=2026-05-10 02:33:38.520106+03:30 UTC=2026-05-09 23:03:38.520098+00:00
2026-05-09 23:03:38,883 [INFO] USD from Sulaymaniyah: mid=176900 -> buy=177000 sell=178000
2026-05-09 23:03:39,405 [INFO] Cycle result: {'action': 'skip', 'detail': 'no_change'}
2026-05-09 23:03:39,405 [INFO] Waiting 2 minutes for next check...
2026-05-09 23:05:39,405 [INFO] Cycle start: Tehran=2026-05-10 02:35:39.405762+03:30 UTC=2026-05-09 23:05:39.405753+00:00
2026-05-09 23:05:39,790 [INFO] USD from Sulaymaniyah: mid=176900 -> buy=177000 sell=178000
2026-05-09 23:05:40,357 [INFO] Cycle result: {'action': 'skip', 'detail': 'no_change'}
2026-05-09 23:05:40,358 [INFO] Waiting 2 minutes for next check...
2026-05-09 23:07:40,358 [INFO] Cycle start: Tehran=2026-05-10 02:37:40.358457+03:30 UTC=2026-05-09 23:07:40.358448+00:00
2026-05-09 23:07:40,775 [INFO] USD from Sulaymaniyah: mid=176900 -> buy=177000 sell=178000
2026-05-09 23:07:41,331 [INFO] Cycle result: {'action': 'skip', 'detail': 'no_change'}
2026-05-09 23:07:41,331 [INFO] Waiting 2 minutes for next check...
2026-05-09 23:09:41,331 [INFO] Cycle start: Tehran=2026-05-10 02:39:41.331909+03:30 UTC=2026-05-09 23:09:41.331900+00:00
2026-05-09 23:09:41,691 [INFO] USD from Sulaymaniyah: mid=176900 -> buy=177000 sell=178000
2026-05-09 23:09:42,234 [INFO] Cycle result: {'action': 'skip', 'detail': 'no_change'}
2026-05-09 23:09:42,234 [INFO] Waiting 2 minutes for next check...
2026-05-09 23:11:42,234 [INFO] Cycle start: Tehran=2026-05-10 02:41:42.234744+03:30 UTC=2026-05-09 23:11:42.234735+00:00
2026-05-09 23:11:42,609 [INFO] USD from Sulaymaniyah: mid=176900 -> buy=177000 sell=178000
2026-05-09 23:11:43,286 [INFO] Cycle result: {'action': 'skip', 'detail': 'no_change'}
2026-05-09 23:11:43,286 [INFO] Waiting 2 minutes for next check...
2026-05-09 23:13:43,286 [INFO] Cycle start: Tehran=2026-05-10 02:43:43.286885+03:30 UTC=2026-05-09 23:13:43.286877+00:00
2026-05-09 23:13:43,641 [INFO] USD from Sulaymaniyah: mid=176900 -> buy=177000 sell=178000
2026-05-09 23:13:44,174 [INFO] Cycle result: {'action': 'skip', 'detail': 'no_change'}
2026-05-09 23:13:44,175 [INFO] Waiting 2 minutes for next check...
2026-05-09 23:15:44,175 [INFO] Cycle start: Tehran=2026-05-10 02:45:44.175401+03:30 UTC=2026-05-09 23:15:44.175393+00:00
2026-05-09 23:15:44,589 [INFO] USD from Sulaymaniyah: mid=176900 -> buy=177000 sell=178000
2026-05-09 23:15:45,153 [INFO] Cycle result: {'action': 'skip', 'detail': 'no_change'}
2026-05-09 23:15:45,154 [INFO] Waiting 2 minutes for next check...
2026-05-09 23:17:45,154 [INFO] Cycle start: Tehran=2026-05-10 02:47:45.154405+03:30 UTC=2026-05-09 23:17:45.154397+00:00
2026-05-09 23:17:45,568 [INFO] USD from Sulaymaniyah: mid=176900 -> buy=177000 sell=178000
2026-05-09 23:17:46,298 [INFO] Cycle result: {'action': 'skip', 'detail': 'no_change'}
2026-05-09 23:17:46,298 [INFO] Waiting 2 minutes for next check...
2026-05-09 23:19:46,298 [INFO] Cycle start: Tehran=2026-05-10 02:49:46.298788+03:30 UTC=2026-05-09 23:19:46.298780+00:00
2026-05-09 23:19:46,660 [INFO] USD from Sulaymaniyah: mid=176900 -> buy=177000 sell=178000
2026-05-09 23:19:47,210 [INFO] Cycle result: {'action': 'skip', 'detail': 'no_change'}
2026-05-09 23:19:47,211 [INFO] Waiting 2 minutes for next check...
2026-05-09 23:21:47,211 [INFO] Cycle start: Tehran=2026-05-10 02:51:47.211547+03:30 UTC=2026-05-09 23:21:47.211539+00:00
2026-05-09 23:21:47,566 [INFO] USD from Sulaymaniyah: mid=176900 -> buy=177000 sell=178000
2026-05-09 23:21:48,083 [INFO] Cycle result: {'action': 'skip', 'detail': 'no_change'}
2026-05-09 23:21:48,083 [INFO] Waiting 2 minutes for next check...
2026-05-09 23:23:48,084 [INFO] Cycle start: Tehran=2026-05-10 02:53:48.084106+03:30 UTC=2026-05-09 23:23:48.084097+00:00
2026-05-09 23:23:48,653 [INFO] USD from Sulaymaniyah: mid=176900 -> buy=177000 sell=178000
2026-05-09 23:23:49,352 [INFO] Cycle result: {'action': 'skip', 'detail': 'no_change'}
2026-05-09 23:23:49,352 [INFO] Waiting 2 minutes for next check...
2026-05-10 10:43:41,006 [INFO] Starting multi-cycle run (25 mins)
2026-05-10 10:43:41,006 [INFO] Cycle start: Tehran=2026-05-10 14:13:41.006155+03:30 UTC=2026-05-10 10:43:41.006146+00:00
2026-05-10 10:43:43,178 [INFO] Attempting to send message to @barxexchange
2026-05-10 10:43:43,750 [INFO] TG send success!
2026-05-10 10:43:43,751 [INFO] Cycle result: {'action': 'posted', 'detail': 'change'}
2026-05-10 10:43:43,751 [INFO] Waiting 2 minutes for next check...
2026-05-10 10:45:43,751 [INFO] Cycle start: Tehran=2026-05-10 14:15:43.751594+03:30 UTC=2026-05-10 10:45:43.751585+00:00
2026-05-10 10:45:45,591 [INFO] Cycle result: {'action': 'skip', 'detail': 'no_change'}
2026-05-10 10:45:45,591 [INFO] Waiting 2 minutes for next check...
2026-05-10 10:47:45,591 [INFO] Cycle start: Tehran=2026-05-10 14:17:45.591930+03:30 UTC=2026-05-10 10:47:45.591918+00:00
2026-05-10 10:47:47,534 [INFO] Cycle result: {'action': 'skip', 'detail': 'no_change'}
2026-05-10 10:47:47,535 [INFO] Waiting 2 minutes for next check...
2026-05-10 10:49:47,535 [INFO] Cycle start: Tehran=2026-05-10 14:19:47.535314+03:30 UTC=2026-05-10 10:49:47.535306+00:00
2026-05-10 10:49:49,443 [INFO] Cycle result: {'action': 'skip', 'detail': 'no_change'}
2026-05-10 10:49:49,444 [INFO] Waiting 2 minutes for next check...
2026-05-10 10:51:49,444 [INFO] Cycle start: Tehran=2026-05-10 14:21:49.444309+03:30 UTC=2026-05-10 10:51:49.444301+00:00
2026-05-10 10:51:51,245 [INFO] Cycle result: {'action': 'skip', 'detail': 'no_change'}
2026-05-10 10:51:51,245 [INFO] Waiting 2 minutes for next check...
2026-05-10 10:53:51,245 [INFO] Cycle start: Tehran=2026-05-10 14:23:51.245704+03:30 UTC=2026-05-10 10:53:51.245696+00:00
2026-05-10 10:53:53,086 [INFO] Cycle result: {'action': 'skip', 'detail': 'no_change'}
2026-05-10 10:53:53,086 [INFO] Waiting 2 minutes for next check...
2026-05-10 10:55:53,086 [INFO] Cycle start: Tehran=2026-05-10 14:25:53.086611+03:30 UTC=2026-05-10 10:55:53.086603+00:00
2026-05-10 10:55:55,054 [INFO] Cycle result: {'action': 'skip', 'detail': 'no_change'}
2026-05-10 10:55:55,054 [INFO] Waiting 2 minutes for next check...
2026-05-10 10:57:55,055 [INFO] Cycle start: Tehran=2026-05-10 14:27:55.055110+03:30 UTC=2026-05-10 10:57:55.055101+00:00
2026-05-10 10:57:55,554 [INFO] USD from Sulaymaniyah: mid=176600 -> buy=176700 sell=177700
2026-05-10 10:57:56,339 [INFO] Attempting to send message to @barxexchange
2026-05-10 10:57:56,878 [INFO] TG send success!
2026-05-10 10:57:56,878 [INFO] Cycle result: {'action': 'posted', 'detail': 'change'}
2026-05-10 10:57:56,878 [INFO] Waiting 2 minutes for next check...
2026-05-10 10:59:56,879 [INFO] Cycle start: Tehran=2026-05-10 14:29:56.879148+03:30 UTC=2026-05-10 10:59:56.879140+00:00
2026-05-10 10:59:57,425 [INFO] USD from Sulaymaniyah: mid=176600 -> buy=176700 sell=177700
2026-05-10 10:59:58,337 [INFO] Cycle result: {'action': 'skip', 'detail': 'no_change'}
2026-05-10 10:59:58,337 [INFO] Waiting 2 minutes for next check...
2026-05-10 11:01:58,338 [INFO] Cycle start: Tehran=2026-05-10 14:31:58.338038+03:30 UTC=2026-05-10 11:01:58.338031+00:00
2026-05-10 11:01:58,837 [INFO] USD from Sulaymaniyah: mid=176600 -> buy=176700 sell=177700
2026-05-10 11:01:59,699 [INFO] Cycle result: {'action': 'skip', 'detail': 'no_change'}
2026-05-10 11:01:59,699 [INFO] Waiting 2 minutes for next check...
2026-05-10 11:03:59,699 [INFO] Cycle start: Tehran=2026-05-10 14:33:59.699689+03:30 UTC=2026-05-10 11:03:59.699681+00:00
2026-05-10 11:04:00,224 [INFO] USD from Sulaymaniyah: mid=176600 -> buy=176700 sell=177700
2026-05-10 11:04:01,035 [INFO] Cycle result: {'action': 'skip', 'detail': 'no_change'}
2026-05-10 11:04:01,035 [INFO] Waiting 2 minutes for next check...
2026-05-10 11:06:01,035 [INFO] Cycle start: Tehran=2026-05-10 14:36:01.035483+03:30 UTC=2026-05-10 11:06:01.035476+00:00
2026-05-10 11:06:01,539 [INFO] USD from Sulaymaniyah: mid=176600 -> buy=176700 sell=177700
2026-05-10 11:06:02,394 [INFO] Cycle result: {'action': 'skip', 'detail': 'no_change'}
2026-05-10 11:06:02,394 [INFO] Waiting 2 minutes for next check...
2026-05-10 11:08:02,394 [INFO] Cycle start: Tehran=2026-05-10 14:38:02.394323+03:30 UTC=2026-05-10 11:08:02.394316+00:00
2026-05-10 11:08:02,952 [INFO] USD from Sulaymaniyah: mid=176600 -> buy=176700 sell=177700
2026-05-10 11:08:03,814 [INFO] Cycle result: {'action': 'skip', 'detail': 'no_change'}
2026-05-10 11:08:03,814 [INFO] Waiting 2 minutes for next check...
2026-05-10 11:10:03,814 [INFO] Cycle start: Tehran=2026-05-10 14:40:03.814800+03:30 UTC=2026-05-10 11:10:03.814792+00:00
2026-05-10 11:10:04,313 [INFO] USD from Sulaymaniyah: mid=176600 -> buy=176700 sell=177700
2026-05-10 11:10:05,088 [INFO] Cycle result: {'action': 'skip', 'detail': 'no_change'}
2026-05-10 11:10:05,088 [INFO] Waiting 2 minutes for next check...
2026-05-10 11:12:05,088 [INFO] Cycle start: Tehran=2026-05-10 14:42:05.088498+03:30 UTC=2026-05-10 11:12:05.088490+00:00
2026-05-10 11:12:05,668 [INFO] USD from Sulaymaniyah: mid=177700 -> buy=177800 sell=178800
2026-05-10 11:12:06,489 [INFO] Attempting to send message to @barxexchange
2026-05-10 11:12:07,049 [INFO] TG send success!
2026-05-10 11:12:07,049 [INFO] Cycle result: {'action': 'posted', 'detail': 'change'}
2026-05-10 11:12:07,049 [INFO] Waiting 2 minutes for next check...
2026-05-10 11:14:07,049 [INFO] Cycle start: Tehran=2026-05-10 14:44:07.049921+03:30 UTC=2026-05-10 11:14:07.049914+00:00
2026-05-10 11:14:07,561 [INFO] USD from Sulaymaniyah: mid=177700 -> buy=177800 sell=178800
2026-05-10 11:14:08,489 [INFO] Cycle result: {'action': 'skip', 'detail': 'no_change'}
2026-05-10 11:14:08,489 [INFO] Waiting 2 minutes for next check...
2026-05-10 11:16:08,489 [INFO] Cycle start: Tehran=2026-05-10 14:46:08.489965+03:30 UTC=2026-05-10 11:16:08.489956+00:00
2026-05-10 11:16:09,038 [INFO] USD from Sulaymaniyah: mid=177700 -> buy=177800 sell=178800
2026-05-10 11:16:09,873 [INFO] Cycle result: {'action': 'skip', 'detail': 'no_change'}
2026-05-10 11:16:09,873 [INFO] Waiting 2 minutes for next check...
2026-05-10 11:18:09,873 [INFO] Cycle start: Tehran=2026-05-10 14:48:09.873686+03:30 UTC=2026-05-10 11:18:09.873678+00:00
2026-05-10 11:18:10,373 [INFO] USD from Sulaymaniyah: mid=177700 -> buy=177800 sell=178800
2026-05-10 11:18:11,196 [INFO] Cycle result: {'action': 'skip', 'detail': 'no_change'}
2026-05-10 11:18:11,196 [INFO] Waiting 2 minutes for next check...
2026-05-10 11:20:11,196 [INFO] Cycle start: Tehran=2026-05-10 14:50:11.196567+03:30 UTC=2026-05-10 11:20:11.196559+00:00
2026-05-10 11:20:11,798 [INFO] USD from Sulaymaniyah: mid=177700 -> buy=177800 sell=178800
2026-05-10 11:20:12,708 [INFO] Cycle result: {'action': 'skip', 'detail': 'no_change'}
2026-05-10 11:20:12,709 [INFO] Waiting 2 minutes for next check...
2026-05-10 11:22:12,709 [INFO] Cycle start: Tehran=2026-05-10 14:52:12.709398+03:30 UTC=2026-05-10 11:22:12.709390+00:00
2026-05-10 11:22:13,215 [INFO] USD from Sulaymaniyah: mid=177700 -> buy=177800 sell=178800
2026-05-10 11:22:14,005 [INFO] Cycle result: {'action': 'skip', 'detail': 'no_change'}
2026-05-10 11:22:14,005 [INFO] Waiting 2 minutes for next check...
2026-05-10 11:24:14,005 [INFO] Cycle start: Tehran=2026-05-10 14:54:14.005590+03:30 UTC=2026-05-10 11:24:14.005582+00:00
2026-05-10 11:24:14,534 [INFO] USD from Sulaymaniyah: mid=177700 -> buy=177800 sell=178800
2026-05-10 11:24:15,435 [INFO] Cycle result: {'action': 'skip', 'detail': 'no_change'}
2026-05-10 11:24:15,436 [INFO] Waiting 2 minutes for next check...
2026-05-10 11:26:15,436 [INFO] Cycle start: Tehran=2026-05-10 14:56:15.436197+03:30 UTC=2026-05-10 11:26:15.436188+00:00
2026-05-10 11:26:15,940 [INFO] USD from Sulaymaniyah: mid=177700 -> buy=177800 sell=178800
2026-05-10 11:26:16,842 [INFO] Cycle result: {'action': 'skip', 'detail': 'no_change'}
2026-05-10 11:26:16,843 [INFO] Waiting 2 minutes for next check...
2026-05-10 11:28:16,843 [INFO] Cycle start: Tehran=2026-05-10 14:58:16.843408+03:30 UTC=2026-05-10 11:28:16.843400+00:00
2026-05-10 11:28:17,379 [INFO] USD from Sulaymaniyah: mid=177700 -> buy=177800 sell=178800
2026-05-10 11:28:18,166 [INFO] Cycle result: {'action': 'skip', 'detail': 'no_change'}
2026-05-10 11:28:18,166 [INFO] Waiting 2 minutes for next check...
2026-05-10 11:30:18,166 [INFO] Cycle start: Tehran=2026-05-10 15:00:18.166677+03:30 UTC=2026-05-10 11:30:18.166669+00:00
2026-05-10 11:30:18,684 [INFO] USD from Sulaymaniyah: mid=177700 -> buy=177800 sell=178800
2026-05-10 11:30:19,494 [INFO] Cycle result: {'action': 'skip', 'detail': 'no_change'}
2026-05-10 11:30:19,494 [INFO] Waiting 2 minutes for next check...
2026-05-10 11:32:19,494 [INFO] Cycle start: Tehran=2026-05-10 15:02:19.494828+03:30 UTC=2026-05-10 11:32:19.494820+00:00
2026-05-10 11:32:20,067 [INFO] USD from Sulaymaniyah: mid=177700 -> buy=177800 sell=178800
2026-05-10 11:32:20,978 [INFO] Cycle result: {'action': 'skip', 'detail': 'no_change'}
2026-05-10 11:32:20,978 [INFO] Waiting 2 minutes for next check...
2026-05-10 11:34:20,978 [INFO] Cycle start: Tehran=2026-05-10 15:04:20.978492+03:30 UTC=2026-05-10 11:34:20.978485+00:00
2026-05-10 11:34:21,519 [INFO] USD from Sulaymaniyah: mid=177700 -> buy=177800 sell=178800
2026-05-10 11:34:22,318 [INFO] Cycle result: {'action': 'skip', 'detail': 'no_change'}
2026-05-10 11:34:22,319 [INFO] Waiting 2 minutes for next check...
2026-05-10 11:36:22,319 [INFO] Cycle start: Tehran=2026-05-10 15:06:22.319491+03:30 UTC=2026-05-10 11:36:22.319479+00:00
2026-05-10 11:36:22,958 [INFO] USD from Sulaymaniyah: mid=177700 -> buy=177800 sell=178800
2026-05-10 11:36:23,788 [INFO] Cycle result: {'action': 'skip', 'detail': 'no_change'}
2026-05-10 11:36:23,789 [INFO] Waiting 2 minutes for next check...
2026-05-10 11:38:23,789 [INFO] Cycle start: Tehran=2026-05-10 15:08:23.789315+03:30 UTC=2026-05-10 11:38:23.789307+00:00
2026-05-10 11:38:24,296 [INFO] USD from Sulaymaniyah: mid=177700 -> buy=177800 sell=178800
2026-05-10 11:38:25,200 [INFO] Cycle result: {'action': 'skip', 'detail': 'no_change'}
2026-05-10 11:38:25,201 [INFO] Waiting 2 minutes for next check...
2026-05-10 14:38:11,263 [INFO] Starting multi-cycle run (25 mins)
2026-05-10 14:38:11,263 [INFO] Cycle start: Tehran=2026-05-10 18:08:11.263598+03:30 UTC=2026-05-10 14:38:11.263589+00:00
2026-05-10 14:38:11,867 [INFO] USD from Sulaymaniyah: mid=176500 -> buy=176600 sell=177600
2026-05-10 14:38:12,807 [INFO] Attempting to send message to @barxexchange
2026-05-10 14:38:13,456 [INFO] TG send success!
2026-05-10 14:38:13,457 [INFO] Cycle result: {'action': 'posted', 'detail': 'change'}
2026-05-10 14:38:13,457 [INFO] Waiting 2 minutes for next check...
2026-05-10 14:40:13,457 [INFO] Cycle start: Tehran=2026-05-10 18:10:13.457578+03:30 UTC=2026-05-10 14:40:13.457569+00:00
2026-05-10 14:40:14,080 [INFO] USD from Sulaymaniyah: mid=176500 -> buy=176600 sell=177600
2026-05-10 14:40:14,861 [INFO] Cycle result: {'action': 'skip', 'detail': 'no_change'}
2026-05-10 14:40:14,862 [INFO] Waiting 2 minutes for next check...
2026-05-10 14:42:14,862 [INFO] Cycle start: Tehran=2026-05-10 18:12:14.862242+03:30 UTC=2026-05-10 14:42:14.862230+00:00
2026-05-10 14:42:15,427 [INFO] USD from Sulaymaniyah: mid=175500 -> buy=175600 sell=176600
2026-05-10 14:42:16,187 [INFO] Attempting to send message to @barxexchange
2026-05-10 14:42:16,823 [INFO] TG send success!
2026-05-10 14:42:16,824 [INFO] Cycle result: {'action': 'posted', 'detail': 'change'}
2026-05-10 14:42:16,824 [INFO] Waiting 2 minutes for next check...
2026-05-10 14:44:16,824 [INFO] Cycle start: Tehran=2026-05-10 18:14:16.824433+03:30 UTC=2026-05-10 14:44:16.824425+00:00
2026-05-10 14:44:17,451 [INFO] USD from Sulaymaniyah: mid=176200 -> buy=176300 sell=177300
2026-05-10 14:44:18,303 [INFO] Attempting to send message to @barxexchange
2026-05-10 14:44:18,930 [INFO] TG send success!
2026-05-10 14:44:18,930 [INFO] Cycle result: {'action': 'posted', 'detail': 'change'}
2026-05-10 14:44:18,930 [INFO] Waiting 2 minutes for next check...
2026-05-10 14:46:18,930 [INFO] Cycle start: Tehran=2026-05-10 18:16:18.930794+03:30 UTC=2026-05-10 14:46:18.930786+00:00
2026-05-10 14:46:19,503 [INFO] USD from Sulaymaniyah: mid=175500 -> buy=175600 sell=176600
2026-05-10 14:46:20,277 [INFO] Attempting to send message to @barxexchange
2026-05-10 14:46:20,923 [INFO] TG send success!
2026-05-10 14:46:20,924 [INFO] Cycle result: {'action': 'posted', 'detail': 'change'}
2026-05-10 14:46:20,924 [INFO] Waiting 2 minutes for next check...
2026-05-10 14:48:20,924 [INFO] Cycle start: Tehran=2026-05-10 18:18:20.924683+03:30 UTC=2026-05-10 14:48:20.924675+00:00
2026-05-10 14:48:21,518 [INFO] USD from Sulaymaniyah: mid=176300 -> buy=176400 sell=177400
2026-05-10 14:48:22,259 [INFO] Attempting to send message to @barxexchange
2026-05-10 14:48:22,843 [INFO] TG send success!
2026-05-10 14:48:22,843 [INFO] Cycle result: {'action': 'posted', 'detail': 'change'}
2026-05-10 14:48:22,843 [INFO] Waiting 2 minutes for next check...
2026-05-10 14:50:22,844 [INFO] Cycle start: Tehran=2026-05-10 18:20:22.844078+03:30 UTC=2026-05-10 14:50:22.844070+00:00
2026-05-10 14:50:23,440 [INFO] USD from Sulaymaniyah: mid=175500 -> buy=175600 sell=176600
2026-05-10 14:50:24,224 [INFO] Attempting to send message to @barxexchange
2026-05-10 14:50:24,861 [INFO] TG send success!
2026-05-10 14:50:24,861 [INFO] Cycle result: {'action': 'posted', 'detail': 'change'}
2026-05-10 14:50:24,861 [INFO] Waiting 2 minutes for next check...
2026-05-10 14:52:24,861 [INFO] Cycle start: Tehran=2026-05-10 18:22:24.861846+03:30 UTC=2026-05-10 14:52:24.861838+00:00
2026-05-10 14:52:25,455 [INFO] USD from Sulaymaniyah: mid=175400 -> buy=175500 sell=176500
2026-05-10 14:52:26,233 [INFO] Attempting to send message to @barxexchange
2026-05-10 14:52:26,931 [INFO] TG send success!
2026-05-10 14:52:26,931 [INFO] Cycle result: {'action': 'posted', 'detail': 'change'}
2026-05-10 14:52:26,932 [INFO] Waiting 2 minutes for next check...
2026-05-10 14:54:26,932 [INFO] Cycle start: Tehran=2026-05-10 18:24:26.932222+03:30 UTC=2026-05-10 14:54:26.932214+00:00
2026-05-10 14:54:27,570 [INFO] USD from Sulaymaniyah: mid=175400 -> buy=175500 sell=176500
2026-05-10 14:54:28,374 [INFO] Cycle result: {'action': 'skip', 'detail': 'no_change'}
2026-05-10 14:54:28,374 [INFO] Waiting 2 minutes for next check...
2026-05-10 14:56:28,374 [INFO] Cycle start: Tehran=2026-05-10 18:26:28.374771+03:30 UTC=2026-05-10 14:56:28.374762+00:00
2026-05-10 14:56:28,938 [INFO] USD from Sulaymaniyah: mid=175400 -> buy=175500 sell=176500
2026-05-10 14:56:29,736 [INFO] Cycle result: {'action': 'skip', 'detail': 'no_change'}
2026-05-10 14:56:29,736 [INFO] Waiting 2 minutes for next check...
2026-05-10 14:58:29,736 [INFO] Cycle start: Tehran=2026-05-10 18:28:29.736592+03:30 UTC=2026-05-10 14:58:29.736583+00:00
2026-05-10 14:58:30,338 [INFO] USD from Sulaymaniyah: mid=175400 -> buy=175500 sell=176500
2026-05-10 14:58:31,114 [INFO] Cycle result: {'action': 'skip', 'detail': 'no_change'}
2026-05-10 14:58:31,114 [INFO] Waiting 2 minutes for next check...
2026-05-10 15:00:31,115 [INFO] Cycle start: Tehran=2026-05-10 18:30:31.115038+03:30 UTC=2026-05-10 15:00:31.115030+00:00
2026-05-10 15:00:31,678 [INFO] USD from Sulaymaniyah: mid=175400 -> buy=175500 sell=176500
2026-05-10 15:00:32,441 [INFO] Cycle result: {'action': 'skip', 'detail': 'no_change'}
2026-05-10 15:00:32,441 [INFO] Waiting 2 minutes for next check...
2026-05-10 15:02:32,441 [INFO] Cycle start: Tehran=2026-05-10 18:32:32.441877+03:30 UTC=2026-05-10 15:02:32.441870+00:00
2026-05-10 15:02:33,012 [INFO] USD from Sulaymaniyah: mid=175400 -> buy=175500 sell=176500
2026-05-10 15:02:33,828 [INFO] Cycle result: {'action': 'skip', 'detail': 'no_change'}
2026-05-10 15:02:33,828 [INFO] Waiting 2 minutes for next check...
2026-05-10 15:04:33,828 [INFO] Cycle start: Tehran=2026-05-10 18:34:33.828662+03:30 UTC=2026-05-10 15:04:33.828655+00:00
2026-05-10 15:04:34,444 [INFO] USD from Sulaymaniyah: mid=175500 -> buy=175600 sell=176600
2026-05-10 15:04:35,176 [INFO] Attempting to send message to @barxexchange
2026-05-10 15:04:35,805 [INFO] TG send success!
2026-05-10 15:04:35,805 [INFO] Cycle result: {'action': 'posted', 'detail': 'change'}
2026-05-10 15:04:35,805 [INFO] Waiting 2 minutes for next check...
2026-05-10 15:06:35,805 [INFO] Cycle start: Tehran=2026-05-10 18:36:35.805968+03:30 UTC=2026-05-10 15:06:35.805961+00:00
2026-05-10 15:06:36,373 [INFO] USD from Sulaymaniyah: mid=175600 -> buy=175700 sell=176700
2026-05-10 15:06:37,107 [INFO] Attempting to send message to @barxexchange
2026-05-10 15:06:37,697 [INFO] TG send success!
2026-05-10 15:06:37,698 [INFO] Cycle result: {'action': 'posted', 'detail': 'change'}
2026-05-10 15:06:37,698 [INFO] Waiting 2 minutes for next check...
2026-05-10 15:08:37,698 [INFO] Cycle start: Tehran=2026-05-10 18:38:37.698339+03:30 UTC=2026-05-10 15:08:37.698331+00:00
2026-05-10 15:08:38,343 [INFO] USD from Sulaymaniyah: mid=175600 -> buy=175700 sell=176700
2026-05-10 15:08:39,145 [INFO] Cycle result: {'action': 'skip', 'detail': 'no_change'}
2026-05-10 15:08:39,145 [INFO] Waiting 2 minutes for next check...
2026-05-10 15:10:39,145 [INFO] Cycle start: Tehran=2026-05-10 18:40:39.145873+03:30 UTC=2026-05-10 15:10:39.145866+00:00
2026-05-10 15:10:39,715 [INFO] USD from Sulaymaniyah: mid=175600 -> buy=175700 sell=176700
2026-05-10 15:10:40,473 [INFO] Cycle result: {'action': 'skip', 'detail': 'no_change'}
2026-05-10 15:10:40,474 [INFO] Waiting 2 minutes for next check...
2026-05-10 15:12:40,474 [INFO] Cycle start: Tehran=2026-05-10 18:42:40.474224+03:30 UTC=2026-05-10 15:12:40.474216+00:00
2026-05-10 15:12:41,043 [INFO] USD from Sulaymaniyah: mid=176600 -> buy=176700 sell=177700
2026-05-10 15:12:41,806 [INFO] Attempting to send message to @barxexchange
2026-05-10 15:12:42,446 [INFO] TG send success!
2026-05-10 15:12:42,446 [INFO] Cycle result: {'action': 'posted', 'detail': 'change'}
2026-05-10 15:12:42,446 [INFO] Waiting 2 minutes for next check...
2026-05-10 15:14:42,447 [INFO] Cycle start: Tehran=2026-05-10 18:44:42.447149+03:30 UTC=2026-05-10 15:14:42.447143+00:00
2026-05-10 15:14:43,023 [INFO] USD from Sulaymaniyah: mid=176600 -> buy=176700 sell=177700
2026-05-10 15:14:43,820 [INFO] Cycle result: {'action': 'skip', 'detail': 'no_change'}
2026-05-10 15:14:43,820 [INFO] Waiting 2 minutes for next check...
2026-05-10 15:16:43,820 [INFO] Cycle start: Tehran=2026-05-10 18:46:43.820842+03:30 UTC=2026-05-10 15:16:43.820834+00:00
2026-05-10 15:16:44,390 [INFO] USD from Sulaymaniyah: mid=176500 -> buy=176600 sell=177600
2026-05-10 15:16:45,171 [INFO] Attempting to send message to @barxexchange
2026-05-10 15:16:45,801 [INFO] TG send success!
2026-05-10 15:16:45,802 [INFO] Cycle result: {'action': 'posted', 'detail': 'change'}
2026-05-10 15:16:45,802 [INFO] Waiting 2 minutes for next check...
2026-05-10 15:18:45,802 [INFO] Cycle start: Tehran=2026-05-10 18:48:45.802547+03:30 UTC=2026-05-10 15:18:45.802539+00:00
2026-05-10 15:18:46,399 [INFO] USD from Sulaymaniyah: mid=176500 -> buy=176600 sell=177600
2026-05-10 15:18:47,126 [INFO] Cycle result: {'action': 'skip', 'detail': 'no_change'}
2026-05-10 15:18:47,126 [INFO] Waiting 2 minutes for next check...
2026-05-10 15:20:47,127 [INFO] Cycle start: Tehran=2026-05-10 18:50:47.127155+03:30 UTC=2026-05-10 15:20:47.127147+00:00
2026-05-10 15:20:47,702 [INFO] USD from Sulaymaniyah: mid=176600 -> buy=176700 sell=177700
2026-05-10 15:20:48,523 [INFO] Attempting to send message to @barxexchange
2026-05-10 15:20:49,183 [INFO] TG send success!
2026-05-10 15:20:49,183 [INFO] Cycle result: {'action': 'posted', 'detail': 'change'}
2026-05-10 15:20:49,183 [INFO] Waiting 2 minutes for next check...
2026-05-10 15:22:49,183 [INFO] Cycle start: Tehran=2026-05-10 18:52:49.183865+03:30 UTC=2026-05-10 15:22:49.183857+00:00
2026-05-10 15:22:49,748 [INFO] USD from Sulaymaniyah: mid=176600 -> buy=176700 sell=177700
2026-05-10 15:22:50,538 [INFO] Cycle result: {'action': 'skip', 'detail': 'no_change'}
2026-05-10 15:22:50,538 [INFO] Waiting 2 minutes for next check...
2026-05-10 15:24:50,538 [INFO] Cycle start: Tehran=2026-05-10 18:54:50.538902+03:30 UTC=2026-05-10 15:24:50.538895+00:00
2026-05-10 15:24:51,109 [INFO] USD from Sulaymaniyah: mid=176600 -> buy=176700 sell=177700
2026-05-10 15:24:51,895 [INFO] Cycle result: {'action': 'skip', 'detail': 'no_change'}
2026-05-10 15:24:51,895 [INFO] Waiting 2 minutes for next check...
2026-05-10 15:26:51,895 [INFO] Cycle start: Tehran=2026-05-10 18:56:51.895584+03:30 UTC=2026-05-10 15:26:51.895578+00:00
2026-05-10 15:26:52,539 [INFO] USD from Sulaymaniyah: mid=176600 -> buy=176700 sell=177700
2026-05-10 15:26:53,360 [INFO] Cycle result: {'action': 'skip', 'detail': 'no_change'}
2026-05-10 15:26:53,361 [INFO] Waiting 2 minutes for next check...
2026-05-10 15:28:53,361 [INFO] Cycle start: Tehran=2026-05-10 18:58:53.361281+03:30 UTC=2026-05-10 15:28:53.361272+00:00
2026-05-10 15:28:53,954 [INFO] USD from Sulaymaniyah: mid=176600 -> buy=176700 sell=177700
2026-05-10 15:28:54,744 [INFO] Cycle result: {'action': 'skip', 'detail': 'no_change'}
2026-05-10 15:28:54,745 [INFO] Waiting 2 minutes for next check...
2026-05-10 15:30:54,745 [INFO] Cycle start: Tehran=2026-05-10 19:00:54.745218+03:30 UTC=2026-05-10 15:30:54.745206+00:00
2026-05-10 15:30:55,343 [INFO] USD from Sulaymaniyah: mid=175600 -> buy=175700 sell=176700
2026-05-10 15:30:56,126 [INFO] Attempting to send message to @barxexchange
2026-05-10 15:30:56,796 [INFO] TG send success!
2026-05-10 15:30:56,797 [INFO] Cycle result: {'action': 'posted', 'detail': 'change'}
2026-05-10 15:30:56,797 [INFO] Waiting 2 minutes for next check...
2026-05-10 15:32:56,797 [INFO] Cycle start: Tehran=2026-05-10 19:02:56.797733+03:30 UTC=2026-05-10 15:32:56.797725+00:00
2026-05-10 15:32:57,363 [INFO] USD from Sulaymaniyah: mid=175600 -> buy=175700 sell=176700
2026-05-10 15:32:58,167 [INFO] Cycle result: {'action': 'skip', 'detail': 'no_change'}
2026-05-10 15:32:58,167 [INFO] Waiting 2 minutes for next check...
2026-05-10 17:40:04,258 [INFO] Starting multi-cycle run (25 mins)
2026-05-10 17:40:04,259 [INFO] Cycle start: Tehran=2026-05-10 21:10:04.259067+03:30 UTC=2026-05-10 17:40:04.259060+00:00
2026-05-10 17:40:04,844 [INFO] USD from Sulaymaniyah: mid=175900 -> buy=176000 sell=177000
2026-05-10 17:40:05,768 [INFO] Attempting to send message to @barxexchange
2026-05-10 17:40:06,365 [INFO] TG send success!
2026-05-10 17:40:06,366 [INFO] Cycle result: {'action': 'posted', 'detail': 'change'}
2026-05-10 17:40:06,366 [INFO] Waiting 2 minutes for next check...
2026-05-10 17:42:06,366 [INFO] Cycle start: Tehran=2026-05-10 21:12:06.366894+03:30 UTC=2026-05-10 17:42:06.366886+00:00
2026-05-10 17:42:06,861 [INFO] USD from Sulaymaniyah: mid=175900 -> buy=176000 sell=177000
2026-05-10 17:42:07,644 [INFO] Cycle result: {'action': 'skip', 'detail': 'no_change'}
2026-05-10 17:42:07,644 [INFO] Waiting 2 minutes for next check...
2026-05-10 17:44:07,644 [INFO] Cycle start: Tehran=2026-05-10 21:14:07.644881+03:30 UTC=2026-05-10 17:44:07.644870+00:00
2026-05-10 17:44:08,144 [INFO] USD from Sulaymaniyah: mid=175900 -> buy=176000 sell=177000
2026-05-10 17:44:08,950 [INFO] Cycle result: {'action': 'skip', 'detail': 'no_change'}
2026-05-10 17:44:08,950 [INFO] Waiting 2 minutes for next check...
2026-05-10 17:46:08,951 [INFO] Cycle start: Tehran=2026-05-10 21:16:08.951071+03:30 UTC=2026-05-10 17:46:08.951063+00:00
2026-05-10 17:46:09,458 [INFO] USD from Sulaymaniyah: mid=175900 -> buy=176000 sell=177000
2026-05-10 17:46:10,348 [INFO] Cycle result: {'action': 'skip', 'detail': 'no_change'}
2026-05-10 17:46:10,348 [INFO] Waiting 2 minutes for next check...
2026-05-10 17:48:10,349 [INFO] Cycle start: Tehran=2026-05-10 21:18:10.348982+03:30 UTC=2026-05-10 17:48:10.348974+00:00
2026-05-10 17:48:10,923 [INFO] USD from Sulaymaniyah: mid=175900 -> buy=176000 sell=177000
2026-05-10 17:48:11,674 [INFO] Cycle result: {'action': 'skip', 'detail': 'no_change'}
2026-05-10 17:48:11,674 [INFO] Waiting 2 minutes for next check...
2026-05-10 17:50:11,675 [INFO] Cycle start: Tehran=2026-05-10 21:20:11.674995+03:30 UTC=2026-05-10 17:50:11.674987+00:00
2026-05-10 17:50:12,217 [INFO] USD from Sulaymaniyah: mid=175900 -> buy=176000 sell=177000
2026-05-10 17:50:12,980 [INFO] Cycle result: {'action': 'skip', 'detail': 'no_change'}
2026-05-10 17:50:12,981 [INFO] Waiting 2 minutes for next check...
2026-05-10 17:52:12,981 [INFO] Cycle start: Tehran=2026-05-10 21:22:12.981291+03:30 UTC=2026-05-10 17:52:12.981285+00:00
2026-05-10 17:52:13,556 [INFO] USD from Sulaymaniyah: mid=175900 -> buy=176000 sell=177000
2026-05-10 17:52:14,439 [INFO] Cycle result: {'action': 'skip', 'detail': 'no_change'}
2026-05-10 17:52:14,439 [INFO] Waiting 2 minutes for next check...
2026-05-10 17:54:14,439 [INFO] Cycle start: Tehran=2026-05-10 21:24:14.439583+03:30 UTC=2026-05-10 17:54:14.439575+00:00
2026-05-10 17:54:14,984 [INFO] USD from Sulaymaniyah: mid=175900 -> buy=176000 sell=177000
2026-05-10 17:54:15,748 [INFO] Cycle result: {'action': 'skip', 'detail': 'no_change'}
2026-05-10 17:54:15,748 [INFO] Waiting 2 minutes for next check...
2026-05-10 17:56:15,748 [INFO] Cycle start: Tehran=2026-05-10 21:26:15.748904+03:30 UTC=2026-05-10 17:56:15.748896+00:00
2026-05-10 17:56:16,293 [INFO] USD from Sulaymaniyah: mid=175900 -> buy=176000 sell=177000
2026-05-10 17:56:17,079 [INFO] Cycle result: {'action': 'skip', 'detail': 'no_change'}
2026-05-10 17:56:17,079 [INFO] Waiting 2 minutes for next check...
2026-05-10 17:58:17,079 [INFO] Cycle start: Tehran=2026-05-10 21:28:17.079824+03:30 UTC=2026-05-10 17:58:17.079815+00:00
2026-05-10 17:58:17,580 [INFO] USD from Sulaymaniyah: mid=175900 -> buy=176000 sell=177000
2026-05-10 17:58:18,435 [INFO] Cycle result: {'action': 'skip', 'detail': 'no_change'}
2026-05-10 17:58:18,435 [INFO] Waiting 2 minutes for next check...
2026-05-10 18:00:18,435 [INFO] Cycle start: Tehran=2026-05-10 21:30:18.435630+03:30 UTC=2026-05-10 18:00:18.435623+00:00
2026-05-10 18:00:18,984 [INFO] USD from Sulaymaniyah: mid=175900 -> buy=176000 sell=177000
2026-05-10 18:00:19,790 [INFO] Cycle result: {'action': 'skip', 'detail': 'no_change'}
2026-05-10 18:00:19,791 [INFO] Waiting 2 minutes for next check...
2026-05-10 18:02:19,791 [INFO] Cycle start: Tehran=2026-05-10 21:32:19.791220+03:30 UTC=2026-05-10 18:02:19.791211+00:00
2026-05-10 18:02:20,367 [INFO] USD from Sulaymaniyah: mid=175900 -> buy=176000 sell=177000
2026-05-10 18:02:21,128 [INFO] Cycle result: {'action': 'skip', 'detail': 'no_change'}
2026-05-10 18:02:21,128 [INFO] Waiting 2 minutes for next check...
2026-05-10 18:04:21,128 [INFO] Cycle start: Tehran=2026-05-10 21:34:21.128658+03:30 UTC=2026-05-10 18:04:21.128650+00:00
2026-05-10 18:04:21,702 [INFO] USD from Sulaymaniyah: mid=175900 -> buy=176000 sell=177000
2026-05-10 18:04:22,650 [INFO] Cycle result: {'action': 'skip', 'detail': 'no_change'}
2026-05-10 18:04:22,651 [INFO] Waiting 2 minutes for next check...
2026-05-10 18:06:22,651 [INFO] Cycle start: Tehran=2026-05-10 21:36:22.651427+03:30 UTC=2026-05-10 18:06:22.651416+00:00
2026-05-10 18:06:23,155 [INFO] USD from Sulaymaniyah: mid=175900 -> buy=176000 sell=177000
2026-05-10 18:06:23,955 [INFO] Cycle result: {'action': 'skip', 'detail': 'no_change'}
2026-05-10 18:06:23,955 [INFO] Waiting 2 minutes for next check...
2026-05-10 18:08:23,956 [INFO] Cycle start: Tehran=2026-05-10 21:38:23.956121+03:30 UTC=2026-05-10 18:08:23.956114+00:00
2026-05-10 18:08:24,530 [INFO] USD from Sulaymaniyah: mid=175900 -> buy=176000 sell=177000
2026-05-10 18:08:25,280 [INFO] Cycle result: {'action': 'skip', 'detail': 'no_change'}
2026-05-10 18:08:25,280 [INFO] Waiting 2 minutes for next check...
2026-05-10 18:10:25,280 [INFO] Cycle start: Tehran=2026-05-10 21:40:25.280595+03:30 UTC=2026-05-10 18:10:25.280587+00:00
2026-05-10 18:10:25,795 [INFO] USD from Sulaymaniyah: mid=175900 -> buy=176000 sell=177000
2026-05-10 18:10:26,651 [INFO] Cycle result: {'action': 'skip', 'detail': 'no_change'}
2026-05-10 18:10:26,651 [INFO] Waiting 2 minutes for next check...
2026-05-10 18:12:26,651 [INFO] Cycle start: Tehran=2026-05-10 21:42:26.651972+03:30 UTC=2026-05-10 18:12:26.651966+00:00
2026-05-10 18:12:27,198 [INFO] USD from Sulaymaniyah: mid=175900 -> buy=176000 sell=177000
2026-05-10 18:12:27,960 [INFO] Cycle result: {'action': 'skip', 'detail': 'no_change'}
2026-05-10 18:12:27,960 [INFO] Waiting 2 minutes for next check...
2026-05-10 18:14:27,960 [INFO] Cycle start: Tehran=2026-05-10 21:44:27.960909+03:30 UTC=2026-05-10 18:14:27.960902+00:00
2026-05-10 18:14:28,464 [INFO] USD from Sulaymaniyah: mid=175900 -> buy=176000 sell=177000
2026-05-10 18:14:29,270 [INFO] Cycle result: {'action': 'skip', 'detail': 'no_change'}
2026-05-10 18:14:29,270 [INFO] Waiting 2 minutes for next check...
2026-05-10 18:16:29,270 [INFO] Cycle start: Tehran=2026-05-10 21:46:29.270424+03:30 UTC=2026-05-10 18:16:29.270415+00:00
2026-05-10 18:16:29,810 [INFO] USD from Sulaymaniyah: mid=175900 -> buy=176000 sell=177000
2026-05-10 18:16:30,726 [INFO] Cycle result: {'action': 'skip', 'detail': 'no_change'}
2026-05-10 18:16:30,726 [INFO] Waiting 2 minutes for next check...
2026-05-10 18:18:30,726 [INFO] Cycle start: Tehran=2026-05-10 21:48:30.726689+03:30 UTC=2026-05-10 18:18:30.726681+00:00
2026-05-10 18:18:31,226 [INFO] USD from Sulaymaniyah: mid=175900 -> buy=176000 sell=177000
2026-05-10 18:18:31,988 [INFO] Cycle result: {'action': 'skip', 'detail': 'no_change'}
2026-05-10 18:18:31,988 [INFO] Waiting 2 minutes for next check...
2026-05-10 18:20:31,989 [INFO] Cycle start: Tehran=2026-05-10 21:50:31.989143+03:30 UTC=2026-05-10 18:20:31.989136+00:00
2026-05-10 18:20:32,521 [INFO] USD from Sulaymaniyah: mid=175900 -> buy=176000 sell=177000
2026-05-10 18:20:33,290 [INFO] Cycle result: {'action': 'skip', 'detail': 'no_change'}
2026-05-10 18:20:33,290 [INFO] Waiting 2 minutes for next check...
2026-05-10 18:22:33,291 [INFO] Cycle start: Tehran=2026-05-10 21:52:33.291037+03:30 UTC=2026-05-10 18:22:33.291028+00:00
2026-05-10 18:22:33,836 [INFO] USD from Sulaymaniyah: mid=175900 -> buy=176000 sell=177000
2026-05-10 18:22:34,750 [INFO] Cycle result: {'action': 'skip', 'detail': 'no_change'}
2026-05-10 18:22:34,750 [INFO] Waiting 2 minutes for next check...
2026-05-10 18:24:34,750 [INFO] Cycle start: Tehran=2026-05-10 21:54:34.750826+03:30 UTC=2026-05-10 18:24:34.750818+00:00
2026-05-10 18:24:35,282 [INFO] USD from Sulaymaniyah: mid=175900 -> buy=176000 sell=177000
2026-05-10 18:24:36,105 [INFO] Cycle result: {'action': 'skip', 'detail': 'no_change'}
2026-05-10 18:24:36,105 [INFO] Waiting 2 minutes for next check...
2026-05-10 18:26:36,105 [INFO] Cycle start: Tehran=2026-05-10 21:56:36.105563+03:30 UTC=2026-05-10 18:26:36.105557+00:00
2026-05-10 18:26:36,599 [INFO] USD from Sulaymaniyah: mid=175900 -> buy=176000 sell=177000
2026-05-10 18:26:37,427 [INFO] Cycle result: {'action': 'skip', 'detail': 'no_change'}
2026-05-10 18:26:37,427 [INFO] Waiting 2 minutes for next check...
2026-05-10 18:28:37,428 [INFO] Cycle start: Tehran=2026-05-10 21:58:37.428003+03:30 UTC=2026-05-10 18:28:37.427995+00:00
2026-05-10 18:28:38,016 [INFO] USD from Sulaymaniyah: mid=175900 -> buy=176000 sell=177000
2026-05-10 18:28:38,953 [INFO] Cycle result: {'action': 'skip', 'detail': 'no_change'}
2026-05-10 18:28:38,953 [INFO] Waiting 2 minutes for next check...
2026-05-10 18:30:38,953 [INFO] Cycle start: Tehran=2026-05-10 22:00:38.953560+03:30 UTC=2026-05-10 18:30:38.953551+00:00
2026-05-10 18:30:39,441 [INFO] USD from Sulaymaniyah: mid=175900 -> buy=176000 sell=177000
2026-05-10 18:30:40,234 [INFO] Cycle result: {'action': 'skip', 'detail': 'no_change'}
2026-05-10 18:30:40,234 [INFO] Waiting 2 minutes for next check...
2026-05-10 18:32:40,235 [INFO] Cycle start: Tehran=2026-05-10 22:02:40.235061+03:30 UTC=2026-05-10 18:32:40.235054+00:00
2026-05-10 18:32:40,760 [INFO] USD from Sulaymaniyah: mid=175900 -> buy=176000 sell=177000
2026-05-10 18:32:41,608 [INFO] Cycle result: {'action': 'skip', 'detail': 'no_change'}
2026-05-10 18:32:41,608 [INFO] Waiting 2 minutes for next check...
2026-05-10 18:34:41,609 [INFO] Cycle start: Tehran=2026-05-10 22:04:41.608997+03:30 UTC=2026-05-10 18:34:41.608990+00:00
2026-05-10 18:34:42,090 [INFO] USD from Sulaymaniyah: mid=175900 -> buy=176000 sell=177000
2026-05-10 18:34:43,022 [INFO] Cycle result: {'action': 'skip', 'detail': 'no_change'}
2026-05-10 18:34:43,023 [INFO] Waiting 2 minutes for next check...
2026-05-10 20:11:03,891 [INFO] Starting multi-cycle run (25 mins)
2026-05-10 20:11:03,891 [INFO] Cycle start: Tehran=2026-05-10 23:41:03.891491+03:30 UTC=2026-05-10 20:11:03.891484+00:00
2026-05-10 20:11:04,548 [INFO] USD from Sulaymaniyah: mid=175900 -> buy=176000 sell=177000
2026-05-10 20:11:05,370 [INFO] Cycle result: {'action': 'skip', 'detail': 'no_change'}
2026-05-10 20:11:05,370 [INFO] Waiting 2 minutes for next check...
2026-05-10 20:13:05,370 [INFO] Cycle start: Tehran=2026-05-10 23:43:05.370730+03:30 UTC=2026-05-10 20:13:05.370720+00:00
2026-05-10 20:13:05,950 [INFO] USD from Sulaymaniyah: mid=175900 -> buy=176000 sell=177000
2026-05-10 20:13:06,857 [INFO] Cycle result: {'action': 'skip', 'detail': 'no_change'}
2026-05-10 20:13:06,857 [INFO] Waiting 2 minutes for next check...
2026-05-10 20:15:06,857 [INFO] Cycle start: Tehran=2026-05-10 23:45:06.857906+03:30 UTC=2026-05-10 20:15:06.857894+00:00
2026-05-10 20:15:07,453 [INFO] USD from Sulaymaniyah: mid=175900 -> buy=176000 sell=177000
2026-05-10 20:15:08,211 [INFO] Cycle result: {'action': 'skip', 'detail': 'no_change'}
2026-05-10 20:15:08,212 [INFO] Waiting 2 minutes for next check...
2026-05-10 20:17:08,212 [INFO] Cycle start: Tehran=2026-05-10 23:47:08.212447+03:30 UTC=2026-05-10 20:17:08.212439+00:00
2026-05-10 20:17:08,785 [INFO] USD from Sulaymaniyah: mid=175900 -> buy=176000 sell=177000
2026-05-10 20:17:09,601 [INFO] Cycle result: {'action': 'skip', 'detail': 'no_change'}
2026-05-10 20:17:09,602 [INFO] Waiting 2 minutes for next check...
2026-05-10 20:19:09,602 [INFO] Cycle start: Tehran=2026-05-10 23:49:09.602339+03:30 UTC=2026-05-10 20:19:09.602331+00:00
2026-05-10 20:19:10,477 [INFO] USD from Sulaymaniyah: mid=175900 -> buy=176000 sell=177000
2026-05-10 20:19:11,220 [INFO] Cycle result: {'action': 'skip', 'detail': 'no_change'}
2026-05-10 20:19:11,220 [INFO] Waiting 2 minutes for next check...
2026-05-10 20:21:11,221 [INFO] Cycle start: Tehran=2026-05-10 23:51:11.221030+03:30 UTC=2026-05-10 20:21:11.221022+00:00
2026-05-10 20:21:11,833 [INFO] USD from Sulaymaniyah: mid=175900 -> buy=176000 sell=177000
2026-05-10 20:21:12,589 [INFO] Cycle result: {'action': 'skip', 'detail': 'no_change'}
2026-05-10 20:21:12,590 [INFO] Waiting 2 minutes for next check...
2026-05-10 20:23:12,590 [INFO] Cycle start: Tehran=2026-05-10 23:53:12.590480+03:30 UTC=2026-05-10 20:23:12.590472+00:00
2026-05-10 20:23:13,235 [INFO] USD from Sulaymaniyah: mid=175900 -> buy=176000 sell=177000
2026-05-10 20:23:14,058 [INFO] Cycle result: {'action': 'skip', 'detail': 'no_change'}
2026-05-10 20:23:14,058 [INFO] Waiting 2 minutes for next check...
2026-05-10 20:25:14,059 [INFO] Cycle start: Tehran=2026-05-10 23:55:14.059193+03:30 UTC=2026-05-10 20:25:14.059184+00:00
2026-05-10 20:25:14,668 [INFO] USD from Sulaymaniyah: mid=175900 -> buy=176000 sell=177000
2026-05-10 20:25:15,400 [INFO] Cycle result: {'action': 'skip', 'detail': 'no_change'}
2026-05-10 20:25:15,400 [INFO] Waiting 2 minutes for next check...
2026-05-10 20:27:15,400 [INFO] Cycle start: Tehran=2026-05-10 23:57:15.400573+03:30 UTC=2026-05-10 20:27:15.400565+00:00
2026-05-10 20:27:15,974 [INFO] USD from Sulaymaniyah: mid=175900 -> buy=176000 sell=177000
2026-05-10 20:27:16,733 [INFO] Cycle result: {'action': 'skip', 'detail': 'no_change'}
2026-05-10 20:27:16,733 [INFO] Waiting 2 minutes for next check...
2026-05-10 20:29:16,733 [INFO] Cycle start: Tehran=2026-05-10 23:59:16.733525+03:30 UTC=2026-05-10 20:29:16.733515+00:00
2026-05-10 20:29:17,310 [INFO] USD from Sulaymaniyah: mid=175900 -> buy=176000 sell=177000
2026-05-10 20:29:18,115 [INFO] Cycle result: {'action': 'skip', 'detail': 'no_change'}
2026-05-10 20:29:18,116 [INFO] Waiting 2 minutes for next check...
2026-05-10 20:31:18,116 [INFO] Cycle start: Tehran=2026-05-11 00:01:18.116443+03:30 UTC=2026-05-10 20:31:18.116435+00:00
2026-05-10 20:31:18,771 [INFO] USD from Sulaymaniyah: mid=175900 -> buy=176000 sell=177000
2026-05-10 20:31:19,516 [INFO] Cycle result: {'action': 'skip', 'detail': 'no_change'}
2026-05-10 20:31:19,516 [INFO] Waiting 2 minutes for next check...
2026-05-10 20:33:19,516 [INFO] Cycle start: Tehran=2026-05-11 00:03:19.516646+03:30 UTC=2026-05-10 20:33:19.516637+00:00
2026-05-10 20:33:20,085 [INFO] USD from Sulaymaniyah: mid=175900 -> buy=176000 sell=177000
2026-05-10 20:33:20,837 [INFO] Cycle result: {'action': 'skip', 'detail': 'no_change'}
2026-05-10 20:33:20,838 [INFO] Waiting 2 minutes for next check...
2026-05-10 20:35:20,838 [INFO] Cycle start: Tehran=2026-05-11 00:05:20.838250+03:30 UTC=2026-05-10 20:35:20.838242+00:00
2026-05-10 20:35:21,443 [INFO] USD from Sulaymaniyah: mid=175900 -> buy=176000 sell=177000
2026-05-10 20:35:22,266 [INFO] Cycle result: {'action': 'skip', 'detail': 'no_change'}
2026-05-10 20:35:22,267 [INFO] Waiting 2 minutes for next check...
2026-05-10 20:37:22,267 [INFO] Cycle start: Tehran=2026-05-11 00:07:22.267438+03:30 UTC=2026-05-10 20:37:22.267429+00:00
2026-05-10 20:37:22,843 [INFO] USD from Sulaymaniyah: mid=175900 -> buy=176000 sell=177000
2026-05-10 20:37:23,630 [INFO] Cycle result: {'action': 'skip', 'detail': 'no_change'}
2026-05-10 20:37:23,630 [INFO] Waiting 2 minutes for next check...
2026-05-10 20:39:23,630 [INFO] Cycle start: Tehran=2026-05-11 00:09:23.630859+03:30 UTC=2026-05-10 20:39:23.630851+00:00
2026-05-10 20:39:24,251 [INFO] USD from Sulaymaniyah: mid=175900 -> buy=176000 sell=177000
2026-05-10 20:39:25,000 [INFO] Cycle result: {'action': 'skip', 'detail': 'no_change'}
2026-05-10 20:39:25,000 [INFO] Waiting 2 minutes for next check...
2026-05-10 20:41:25,000 [INFO] Cycle start: Tehran=2026-05-11 00:11:25.000831+03:30 UTC=2026-05-10 20:41:25.000822+00:00
2026-05-10 20:41:25,623 [INFO] USD from Sulaymaniyah: mid=175900 -> buy=176000 sell=177000
2026-05-10 20:41:26,406 [INFO] Cycle result: {'action': 'skip', 'detail': 'no_change'}
2026-05-10 20:41:26,407 [INFO] Waiting 2 minutes for next check...
2026-05-10 20:43:26,407 [INFO] Cycle start: Tehran=2026-05-11 00:13:26.407462+03:30 UTC=2026-05-10 20:43:26.407454+00:00
2026-05-10 20:43:26,983 [INFO] USD from Sulaymaniyah: mid=175900 -> buy=176000 sell=177000
2026-05-10 20:43:27,716 [INFO] Cycle result: {'action': 'skip', 'detail': 'no_change'}
2026-05-10 20:43:27,717 [INFO] Waiting 2 minutes for next check...
2026-05-10 20:45:27,717 [INFO] Cycle start: Tehran=2026-05-11 00:15:27.717407+03:30 UTC=2026-05-10 20:45:27.717400+00:00
2026-05-10 20:45:28,593 [INFO] USD from Sulaymaniyah: mid=175900 -> buy=176000 sell=177000
2026-05-10 20:45:29,353 [INFO] Cycle result: {'action': 'skip', 'detail': 'no_change'}
2026-05-10 20:45:29,353 [INFO] Waiting 2 minutes for next check...
2026-05-10 20:47:29,354 [INFO] Cycle start: Tehran=2026-05-11 00:17:29.354044+03:30 UTC=2026-05-10 20:47:29.354036+00:00
2026-05-10 20:47:29,925 [INFO] USD from Sulaymaniyah: mid=175900 -> buy=176000 sell=177000
2026-05-10 20:47:30,770 [INFO] Cycle result: {'action': 'skip', 'detail': 'no_change'}
2026-05-10 20:47:30,770 [INFO] Waiting 2 minutes for next check...
2026-05-10 20:49:30,770 [INFO] Cycle start: Tehran=2026-05-11 00:19:30.770680+03:30 UTC=2026-05-10 20:49:30.770672+00:00
2026-05-10 20:49:31,345 [INFO] USD from Sulaymaniyah: mid=175900 -> buy=176000 sell=177000
2026-05-10 20:49:32,108 [INFO] Cycle result: {'action': 'skip', 'detail': 'no_change'}
2026-05-10 20:49:32,109 [INFO] Waiting 2 minutes for next check...
2026-05-10 20:51:32,109 [INFO] Cycle start: Tehran=2026-05-11 00:21:32.109244+03:30 UTC=2026-05-10 20:51:32.109236+00:00
2026-05-10 20:51:32,705 [INFO] USD from Sulaymaniyah: mid=175900 -> buy=176000 sell=177000
2026-05-10 20:51:33,459 [INFO] Cycle result: {'action': 'skip', 'detail': 'no_change'}
2026-05-10 20:51:33,459 [INFO] Waiting 2 minutes for next check...
2026-05-10 20:53:33,460 [INFO] Cycle start: Tehran=2026-05-11 00:23:33.459999+03:30 UTC=2026-05-10 20:53:33.459988+00:00
2026-05-10 20:53:34,139 [INFO] USD from Sulaymaniyah: mid=175900 -> buy=176000 sell=177000
2026-05-10 20:53:34,930 [INFO] Cycle result: {'action': 'skip', 'detail': 'no_change'}
2026-05-10 20:53:34,930 [INFO] Waiting 2 minutes for next check...
2026-05-10 20:55:34,930 [INFO] Cycle start: Tehran=2026-05-11 00:25:34.930551+03:30 UTC=2026-05-10 20:55:34.930544+00:00
2026-05-10 20:55:35,506 [INFO] USD from Sulaymaniyah: mid=175900 -> buy=176000 sell=177000
2026-05-10 20:55:36,250 [INFO] Cycle result: {'action': 'skip', 'detail': 'no_change'}
2026-05-10 20:55:36,250 [INFO] Waiting 2 minutes for next check...
2026-05-10 20:57:36,250 [INFO] Cycle start: Tehran=2026-05-11 00:27:36.250718+03:30 UTC=2026-05-10 20:57:36.250710+00:00
2026-05-10 20:57:36,876 [INFO] USD from Sulaymaniyah: mid=175900 -> buy=176000 sell=177000
2026-05-10 20:57:37,652 [INFO] Cycle result: {'action': 'skip', 'detail': 'no_change'}
2026-05-10 20:57:37,652 [INFO] Waiting 2 minutes for next check...
2026-05-10 20:59:37,653 [INFO] Cycle start: Tehran=2026-05-11 00:29:37.653129+03:30 UTC=2026-05-10 20:59:37.653120+00:00
2026-05-10 20:59:38,224 [INFO] USD from Sulaymaniyah: mid=175900 -> buy=176000 sell=177000
2026-05-10 20:59:39,000 [INFO] Cycle result: {'action': 'skip', 'detail': 'no_change'}
2026-05-10 20:59:39,001 [INFO] Waiting 2 minutes for next check...
2026-05-10 21:01:39,001 [INFO] Cycle start: Tehran=2026-05-11 00:31:39.001291+03:30 UTC=2026-05-10 21:01:39.001283+00:00
2026-05-10 21:01:39,604 [INFO] USD from Sulaymaniyah: mid=175900 -> buy=176000 sell=177000
2026-05-10 21:01:40,371 [INFO] Cycle result: {'action': 'skip', 'detail': 'no_change'}
2026-05-10 21:01:40,371 [INFO] Waiting 2 minutes for next check...
2026-05-10 21:03:40,371 [INFO] Cycle start: Tehran=2026-05-11 00:33:40.371900+03:30 UTC=2026-05-10 21:03:40.371893+00:00
2026-05-10 21:03:40,951 [INFO] USD from Sulaymaniyah: mid=175900 -> buy=176000 sell=177000
2026-05-10 21:03:41,701 [INFO] Cycle result: {'action': 'skip', 'detail': 'no_change'}
2026-05-10 21:03:41,702 [INFO] Waiting 2 minutes for next check...
2026-05-10 21:05:41,702 [INFO] Cycle start: Tehran=2026-05-11 00:35:41.702274+03:30 UTC=2026-05-10 21:05:41.702266+00:00
2026-05-10 21:05:42,334 [INFO] USD from Sulaymaniyah: mid=175900 -> buy=176000 sell=177000
2026-05-10 21:05:43,126 [INFO] Cycle result: {'action': 'skip', 'detail': 'no_change'}
2026-05-10 21:05:43,126 [INFO] Waiting 2 minutes for next check...
2026-05-10 23:12:59,142 [INFO] Starting multi-cycle run (25 mins)
2026-05-10 23:12:59,142 [INFO] Cycle start: Tehran=2026-05-11 02:42:59.142358+03:30 UTC=2026-05-10 23:12:59.142350+00:00
2026-05-10 23:12:59,586 [INFO] USD from Sulaymaniyah: mid=175900 -> buy=176000 sell=177000
2026-05-10 23:13:00,326 [INFO] Cycle result: {'action': 'skip', 'detail': 'no_change'}
2026-05-10 23:13:00,326 [INFO] Waiting 2 minutes for next check...
2026-05-10 23:15:00,327 [INFO] Cycle start: Tehran=2026-05-11 02:45:00.327108+03:30 UTC=2026-05-10 23:15:00.327098+00:00
2026-05-10 23:15:00,733 [INFO] USD from Sulaymaniyah: mid=175900 -> buy=176000 sell=177000
2026-05-10 23:15:01,347 [INFO] Cycle result: {'action': 'skip', 'detail': 'no_change'}
2026-05-10 23:15:01,347 [INFO] Waiting 2 minutes for next check...
2026-05-10 23:17:01,347 [INFO] Cycle start: Tehran=2026-05-11 02:47:01.347938+03:30 UTC=2026-05-10 23:17:01.347927+00:00
2026-05-10 23:17:01,787 [INFO] USD from Sulaymaniyah: mid=175900 -> buy=176000 sell=177000
2026-05-10 23:17:02,358 [INFO] Cycle result: {'action': 'skip', 'detail': 'no_change'}
2026-05-10 23:17:02,359 [INFO] Waiting 2 minutes for next check...
2026-05-10 23:19:02,359 [INFO] Cycle start: Tehran=2026-05-11 02:49:02.359277+03:30 UTC=2026-05-10 23:19:02.359270+00:00
2026-05-10 23:19:02,766 [INFO] USD from Sulaymaniyah: mid=175900 -> buy=176000 sell=177000
2026-05-10 23:19:03,510 [INFO] Cycle result: {'action': 'skip', 'detail': 'no_change'}
2026-05-10 23:19:03,510 [INFO] Waiting 2 minutes for next check...
2026-05-10 23:21:03,510 [INFO] Cycle start: Tehran=2026-05-11 02:51:03.510797+03:30 UTC=2026-05-10 23:21:03.510791+00:00
2026-05-10 23:21:03,969 [INFO] USD from Sulaymaniyah: mid=175900 -> buy=176000 sell=177000
2026-05-10 23:21:04,578 [INFO] Cycle result: {'action': 'skip', 'detail': 'no_change'}
2026-05-10 23:21:04,578 [INFO] Waiting 2 minutes for next check...
2026-05-10 23:23:04,578 [INFO] Cycle start: Tehran=2026-05-11 02:53:04.578816+03:30 UTC=2026-05-10 23:23:04.578809+00:00
2026-05-10 23:23:04,984 [INFO] USD from Sulaymaniyah: mid=175900 -> buy=176000 sell=177000
2026-05-10 23:23:05,580 [INFO] Cycle result: {'action': 'skip', 'detail': 'no_change'}
2026-05-10 23:23:05,580 [INFO] Waiting 2 minutes for next check...
2026-05-10 23:25:05,580 [INFO] Cycle start: Tehran=2026-05-11 02:55:05.580772+03:30 UTC=2026-05-10 23:25:05.580764+00:00
2026-05-10 23:25:06,088 [INFO] USD from Sulaymaniyah: mid=175900 -> buy=176000 sell=177000
2026-05-10 23:25:06,873 [INFO] Cycle result: {'action': 'skip', 'detail': 'no_change'}
2026-05-10 23:25:06,873 [INFO] Waiting 2 minutes for next check...
2026-05-10 23:27:06,873 [INFO] Cycle start: Tehran=2026-05-11 02:57:06.873567+03:30 UTC=2026-05-10 23:27:06.873552+00:00
2026-05-10 23:27:07,344 [INFO] USD from Sulaymaniyah: mid=175900 -> buy=176000 sell=177000
2026-05-10 23:27:07,969 [INFO] Cycle result: {'action': 'skip', 'detail': 'no_change'}
2026-05-10 23:27:07,969 [INFO] Waiting 2 minutes for next check...
2026-05-10 23:29:07,969 [INFO] Cycle start: Tehran=2026-05-11 02:59:07.969740+03:30 UTC=2026-05-10 23:29:07.969733+00:00
2026-05-10 23:29:08,396 [INFO] USD from Sulaymaniyah: mid=175900 -> buy=176000 sell=177000
2026-05-10 23:29:08,985 [INFO] Cycle result: {'action': 'skip', 'detail': 'no_change'}
2026-05-10 23:29:08,986 [INFO] Waiting 2 minutes for next check...
2026-05-10 23:31:08,986 [INFO] Cycle start: Tehran=2026-05-11 03:01:08.986326+03:30 UTC=2026-05-10 23:31:08.986319+00:00
2026-05-10 23:31:09,383 [INFO] USD from Sulaymaniyah: mid=175900 -> buy=176000 sell=177000
2026-05-10 23:31:10,204 [INFO] Cycle result: {'action': 'skip', 'detail': 'no_change'}
2026-05-10 23:31:10,204 [INFO] Waiting 2 minutes for next check...
2026-05-10 23:33:10,205 [INFO] Cycle start: Tehran=2026-05-11 03:03:10.204979+03:30 UTC=2026-05-10 23:33:10.204970+00:00
2026-05-10 23:33:10,617 [INFO] USD from Sulaymaniyah: mid=175900 -> buy=176000 sell=177000
2026-05-10 23:33:11,218 [INFO] Cycle result: {'action': 'skip', 'detail': 'no_change'}
2026-05-10 23:33:11,218 [INFO] Waiting 2 minutes for next check...
2026-05-10 23:35:11,219 [INFO] Cycle start: Tehran=2026-05-11 03:05:11.219117+03:30 UTC=2026-05-10 23:35:11.219109+00:00
2026-05-10 23:35:11,672 [INFO] USD from Sulaymaniyah: mid=175900 -> buy=176000 sell=177000
2026-05-10 23:35:12,261 [INFO] Cycle result: {'action': 'skip', 'detail': 'no_change'}
2026-05-10 23:35:12,261 [INFO] Waiting 2 minutes for next check...
2026-05-10 23:37:12,261 [INFO] Cycle start: Tehran=2026-05-11 03:07:12.261927+03:30 UTC=2026-05-10 23:37:12.261920+00:00
2026-05-10 23:37:12,673 [INFO] USD from Sulaymaniyah: mid=175900 -> buy=176000 sell=177000
2026-05-10 23:37:13,440 [INFO] Cycle result: {'action': 'skip', 'detail': 'no_change'}
2026-05-10 23:37:13,440 [INFO] Waiting 2 minutes for next check...
2026-05-10 23:39:13,441 [INFO] Cycle start: Tehran=2026-05-11 03:09:13.441138+03:30 UTC=2026-05-10 23:39:13.441130+00:00
2026-05-10 23:39:13,890 [INFO] USD from Sulaymaniyah: mid=175900 -> buy=176000 sell=177000
2026-05-10 23:39:14,489 [INFO] Cycle result: {'action': 'skip', 'detail': 'no_change'}
2026-05-10 23:39:14,489 [INFO] Waiting 2 minutes for next check...
2026-05-10 23:41:14,490 [INFO] Cycle start: Tehran=2026-05-11 03:11:14.490031+03:30 UTC=2026-05-10 23:41:14.490023+00:00
2026-05-10 23:41:14,904 [INFO] USD from Sulaymaniyah: mid=175900 -> buy=176000 sell=177000
2026-05-10 23:41:15,501 [INFO] Cycle result: {'action': 'skip', 'detail': 'no_change'}
2026-05-10 23:41:15,501 [INFO] Waiting 2 minutes for next check...
2026-05-10 23:43:15,502 [INFO] Cycle start: Tehran=2026-05-11 03:13:15.502028+03:30 UTC=2026-05-10 23:43:15.502020+00:00
2026-05-10 23:43:15,908 [INFO] USD from Sulaymaniyah: mid=175900 -> buy=176000 sell=177000
2026-05-10 23:43:16,575 [INFO] Cycle result: {'action': 'skip', 'detail': 'no_change'}
2026-05-10 23:43:16,575 [INFO] Waiting 2 minutes for next check...
2026-05-10 23:45:16,576 [INFO] Cycle start: Tehran=2026-05-11 03:15:16.576146+03:30 UTC=2026-05-10 23:45:16.576139+00:00
2026-05-10 23:45:16,984 [INFO] USD from Sulaymaniyah: mid=175900 -> buy=176000 sell=177000
2026-05-10 23:45:17,582 [INFO] Cycle result: {'action': 'skip', 'detail': 'no_change'}
2026-05-10 23:45:17,583 [INFO] Waiting 2 minutes for next check...
2026-05-10 23:47:17,583 [INFO] Cycle start: Tehran=2026-05-11 03:17:17.583396+03:30 UTC=2026-05-10 23:47:17.583389+00:00
2026-05-10 23:47:17,999 [INFO] USD from Sulaymaniyah: mid=175900 -> buy=176000 sell=177000
2026-05-10 23:47:18,590 [INFO] Cycle result: {'action': 'skip', 'detail': 'no_change'}
2026-05-10 23:47:18,590 [INFO] Waiting 2 minutes for next check...
2026-05-10 23:49:18,590 [INFO] Cycle start: Tehran=2026-05-11 03:19:18.590816+03:30 UTC=2026-05-10 23:49:18.590809+00:00
2026-05-10 23:49:19,011 [INFO] USD from Sulaymaniyah: mid=175900 -> buy=176000 sell=177000
2026-05-10 23:49:19,667 [INFO] Cycle result: {'action': 'skip', 'detail': 'no_change'}
2026-05-10 23:49:19,668 [INFO] Waiting 2 minutes for next check...
2026-05-10 23:51:19,668 [INFO] Cycle start: Tehran=2026-05-11 03:21:19.668243+03:30 UTC=2026-05-10 23:51:19.668235+00:00
2026-05-10 23:51:20,097 [INFO] USD from Sulaymaniyah: mid=175900 -> buy=176000 sell=177000
2026-05-10 23:51:20,709 [INFO] Cycle result: {'action': 'skip', 'detail': 'no_change'}
2026-05-10 23:51:20,710 [INFO] Waiting 2 minutes for next check...
2026-05-10 23:53:20,710 [INFO] Cycle start: Tehran=2026-05-11 03:23:20.710271+03:30 UTC=2026-05-10 23:53:20.710264+00:00
2026-05-10 23:53:21,163 [INFO] USD from Sulaymaniyah: mid=175900 -> buy=176000 sell=177000
2026-05-10 23:53:21,770 [INFO] Cycle result: {'action': 'skip', 'detail': 'no_change'}
2026-05-10 23:53:21,771 [INFO] Waiting 2 minutes for next check...
2026-05-10 23:55:21,771 [INFO] Cycle start: Tehran=2026-05-11 03:25:21.771136+03:30 UTC=2026-05-10 23:55:21.771128+00:00
2026-05-10 23:55:22,178 [INFO] USD from Sulaymaniyah: mid=175900 -> buy=176000 sell=177000
2026-05-10 23:55:22,839 [INFO] Cycle result: {'action': 'skip', 'detail': 'no_change'}
2026-05-10 23:55:22,840 [INFO] Waiting 2 minutes for next check...
2026-05-10 23:57:22,840 [INFO] Cycle start: Tehran=2026-05-11 03:27:22.840317+03:30 UTC=2026-05-10 23:57:22.840310+00:00
2026-05-10 23:57:23,342 [INFO] USD from Sulaymaniyah: mid=175900 -> buy=176000 sell=177000
2026-05-10 23:57:23,953 [INFO] Cycle result: {'action': 'skip', 'detail': 'no_change'}
2026-05-10 23:57:23,953 [INFO] Waiting 2 minutes for next check...
2026-05-10 23:59:23,953 [INFO] Cycle start: Tehran=2026-05-11 03:29:23.953850+03:30 UTC=2026-05-10 23:59:23.953842+00:00
2026-05-10 23:59:24,359 [INFO] USD from Sulaymaniyah: mid=175900 -> buy=176000 sell=177000
2026-05-10 23:59:24,960 [INFO] Cycle result: {'action': 'skip', 'detail': 'no_change'}
2026-05-10 23:59:24,960 [INFO] Waiting 2 minutes for next check...
2026-05-11 00:01:24,960 [INFO] Cycle start: Tehran=2026-05-11 03:31:24.960898+03:30 UTC=2026-05-11 00:01:24.960892+00:00
2026-05-11 00:01:25,404 [INFO] USD from Sulaymaniyah: mid=175900 -> buy=176000 sell=177000
2026-05-11 00:01:26,111 [INFO] Cycle result: {'action': 'skip', 'detail': 'no_change'}
2026-05-11 00:01:26,111 [INFO] Waiting 2 minutes for next check...
2026-05-11 00:03:26,111 [INFO] Cycle start: Tehran=2026-05-11 03:33:26.111629+03:30 UTC=2026-05-11 00:03:26.111622+00:00
2026-05-11 00:03:26,522 [INFO] USD from Sulaymaniyah: mid=175900 -> buy=176000 sell=177000
2026-05-11 00:03:27,145 [INFO] Cycle result: {'action': 'skip', 'detail': 'no_change'}
2026-05-11 00:03:27,146 [INFO] Waiting 2 minutes for next check...
2026-05-11 00:05:27,146 [INFO] Cycle start: Tehran=2026-05-11 03:35:27.146302+03:30 UTC=2026-05-11 00:05:27.146295+00:00
2026-05-11 00:05:27,578 [INFO] USD from Sulaymaniyah: mid=175900 -> buy=176000 sell=177000
2026-05-11 00:05:28,208 [INFO] Cycle result: {'action': 'skip', 'detail': 'no_change'}
2026-05-11 00:05:28,209 [INFO] Waiting 2 minutes for next check...
2026-05-11 00:07:28,209 [INFO] Cycle start: Tehran=2026-05-11 03:37:28.209459+03:30 UTC=2026-05-11 00:07:28.209451+00:00
2026-05-11 00:07:28,620 [INFO] USD from Sulaymaniyah: mid=175900 -> buy=176000 sell=177000
2026-05-11 00:07:29,340 [INFO] Cycle result: {'action': 'skip', 'detail': 'no_change'}
2026-05-11 00:07:29,340 [INFO] Waiting 2 minutes for next check...
2026-05-11 16:16:53,377 [INFO] Starting multi-cycle run (25 mins)
2026-05-11 16:16:53,377 [INFO] Cycle start: Tehran=2026-05-11 19:46:53.377425+03:30 UTC=2026-05-11 16:16:53.377415+00:00
2026-05-11 16:16:53,981 [INFO] USD from Sulaymaniyah: mid=181500 -> buy=181600 sell=182600
2026-05-11 16:16:54,852 [INFO] Attempting to send message to @barxexchange
2026-05-11 16:16:55,455 [INFO] TG send success!
2026-05-11 16:16:55,455 [INFO] Cycle result: {'action': 'posted', 'detail': 'change'}
2026-05-11 16:16:55,455 [INFO] Waiting 2 minutes for next check...
2026-05-11 16:18:55,456 [INFO] Cycle start: Tehran=2026-05-11 19:48:55.455959+03:30 UTC=2026-05-11 16:18:55.455949+00:00
2026-05-11 16:18:55,984 [INFO] USD from Sulaymaniyah: mid=181500 -> buy=181600 sell=182600
2026-05-11 16:18:56,780 [INFO] Cycle result: {'action': 'skip', 'detail': 'no_change'}
2026-05-11 16:18:56,780 [INFO] Waiting 2 minutes for next check...
2026-05-11 16:20:56,780 [INFO] Cycle start: Tehran=2026-05-11 19:50:56.780639+03:30 UTC=2026-05-11 16:20:56.780625+00:00
2026-05-11 16:20:57,378 [INFO] USD from Sulaymaniyah: mid=181500 -> buy=181600 sell=182600
2026-05-11 16:20:58,154 [INFO] Cycle result: {'action': 'skip', 'detail': 'no_change'}
2026-05-11 16:20:58,154 [INFO] Waiting 2 minutes for next check...
2026-05-11 16:22:58,154 [INFO] Cycle start: Tehran=2026-05-11 19:52:58.154916+03:30 UTC=2026-05-11 16:22:58.154907+00:00
2026-05-11 16:22:58,692 [INFO] USD from Sulaymaniyah: mid=181500 -> buy=181600 sell=182600
2026-05-11 16:22:59,633 [INFO] Cycle result: {'action': 'skip', 'detail': 'no_change'}
2026-05-11 16:22:59,633 [INFO] Waiting 2 minutes for next check...
2026-05-11 16:24:59,633 [INFO] Cycle start: Tehran=2026-05-11 19:54:59.633741+03:30 UTC=2026-05-11 16:24:59.633732+00:00
2026-05-11 16:25:00,218 [INFO] USD from Sulaymaniyah: mid=181500 -> buy=181600 sell=182600
2026-05-11 16:25:01,035 [INFO] Cycle result: {'action': 'skip', 'detail': 'no_change'}
2026-05-11 16:25:01,035 [INFO] Waiting 2 minutes for next check...
2026-05-11 16:27:01,036 [INFO] Cycle start: Tehran=2026-05-11 19:57:01.036076+03:30 UTC=2026-05-11 16:27:01.036067+00:00
2026-05-11 16:27:01,620 [INFO] USD from Sulaymaniyah: mid=181100 -> buy=181200 sell=182200
2026-05-11 16:27:02,414 [INFO] Attempting to send message to @barxexchange
2026-05-11 16:27:03,034 [INFO] TG send success!
2026-05-11 16:27:03,034 [INFO] Cycle result: {'action': 'posted', 'detail': 'change'}
2026-05-11 16:27:03,034 [INFO] Waiting 2 minutes for next check...
2026-05-11 16:29:03,034 [INFO] Cycle start: Tehran=2026-05-11 19:59:03.034945+03:30 UTC=2026-05-11 16:29:03.034936+00:00
2026-05-11 16:29:03,629 [INFO] USD from Sulaymaniyah: mid=181000 -> buy=181100 sell=182100
2026-05-11 16:29:04,544 [INFO] Attempting to send message to @barxexchange
2026-05-11 16:29:05,158 [INFO] TG send success!
2026-05-11 16:29:05,159 [INFO] Cycle result: {'action': 'posted', 'detail': 'change'}
2026-05-11 16:29:05,159 [INFO] Waiting 2 minutes for next check...
2026-05-11 16:31:05,159 [INFO] Cycle start: Tehran=2026-05-11 20:01:05.159852+03:30 UTC=2026-05-11 16:31:05.159843+00:00
2026-05-11 16:31:05,700 [INFO] USD from Sulaymaniyah: mid=181000 -> buy=181100 sell=182100
2026-05-11 16:31:06,628 [INFO] Cycle result: {'action': 'skip', 'detail': 'no_change'}
2026-05-11 16:31:06,628 [INFO] Waiting 2 minutes for next check...
2026-05-11 16:33:06,628 [INFO] Cycle start: Tehran=2026-05-11 20:03:06.628878+03:30 UTC=2026-05-11 16:33:06.628869+00:00
2026-05-11 16:33:07,238 [INFO] USD from Sulaymaniyah: mid=181000 -> buy=181100 sell=182100
2026-05-11 16:33:08,099 [INFO] Cycle result: {'action': 'skip', 'detail': 'no_change'}
2026-05-11 16:33:08,099 [INFO] Waiting 2 minutes for next check...
2026-05-11 16:35:08,099 [INFO] Cycle start: Tehran=2026-05-11 20:05:08.099720+03:30 UTC=2026-05-11 16:35:08.099711+00:00
2026-05-11 16:35:08,633 [INFO] USD from Sulaymaniyah: mid=181000 -> buy=181100 sell=182100
2026-05-11 16:35:09,485 [INFO] Cycle result: {'action': 'skip', 'detail': 'no_change'}
2026-05-11 16:35:09,486 [INFO] Waiting 2 minutes for next check...
2026-05-11 16:37:09,486 [INFO] Cycle start: Tehran=2026-05-11 20:07:09.486300+03:30 UTC=2026-05-11 16:37:09.486291+00:00
2026-05-11 16:37:10,088 [INFO] USD from Sulaymaniyah: mid=180800 -> buy=180900 sell=181900
2026-05-11 16:37:10,853 [INFO] Attempting to send message to @barxexchange
2026-05-11 16:37:11,444 [INFO] TG send success!
2026-05-11 16:37:11,445 [INFO] Cycle result: {'action': 'posted', 'detail': 'change'}
2026-05-11 16:37:11,445 [INFO] Waiting 2 minutes for next check...
2026-05-11 16:39:11,445 [INFO] Cycle start: Tehran=2026-05-11 20:09:11.445418+03:30 UTC=2026-05-11 16:39:11.445410+00:00
2026-05-11 16:39:11,987 [INFO] USD from Sulaymaniyah: mid=180800 -> buy=180900 sell=181900
2026-05-11 16:39:12,795 [INFO] Cycle result: {'action': 'skip', 'detail': 'no_change'}
2026-05-11 16:39:12,795 [INFO] Waiting 2 minutes for next check...
2026-05-11 16:41:12,795 [INFO] Cycle start: Tehran=2026-05-11 20:11:12.795498+03:30 UTC=2026-05-11 16:41:12.795489+00:00
2026-05-11 16:41:13,376 [INFO] USD from Sulaymaniyah: mid=180700 -> buy=180800 sell=181800
2026-05-11 16:41:14,302 [INFO] Attempting to send message to @barxexchange
2026-05-11 16:41:14,934 [INFO] TG send success!
2026-05-11 16:41:14,935 [INFO] Cycle result: {'action': 'posted', 'detail': 'change'}
2026-05-11 16:41:14,935 [INFO] Waiting 2 minutes for next check...
2026-05-11 16:43:14,935 [INFO] Cycle start: Tehran=2026-05-11 20:13:14.935727+03:30 UTC=2026-05-11 16:43:14.935718+00:00
2026-05-11 16:43:15,467 [INFO] USD from Sulaymaniyah: mid=180700 -> buy=180800 sell=181800
2026-05-11 16:43:16,220 [INFO] Cycle result: {'action': 'skip', 'detail': 'no_change'}
2026-05-11 16:43:16,221 [INFO] Waiting 2 minutes for next check...
2026-05-11 16:45:16,221 [INFO] Cycle start: Tehran=2026-05-11 20:15:16.221434+03:30 UTC=2026-05-11 16:45:16.221425+00:00
2026-05-11 16:45:16,820 [INFO] USD from Sulaymaniyah: mid=180700 -> buy=180800 sell=181800
2026-05-11 16:45:17,589 [INFO] Cycle result: {'action': 'skip', 'detail': 'no_change'}
2026-05-11 16:45:17,590 [INFO] Waiting 2 minutes for next check...
2026-05-11 16:47:17,590 [INFO] Cycle start: Tehran=2026-05-11 20:17:17.590280+03:30 UTC=2026-05-11 16:47:17.590271+00:00
2026-05-11 16:47:18,184 [INFO] USD from Sulaymaniyah: mid=181000 -> buy=181100 sell=182100
2026-05-11 16:47:19,009 [INFO] Attempting to send message to @barxexchange
2026-05-11 16:47:19,571 [INFO] TG send success!
2026-05-11 16:47:19,572 [INFO] Cycle result: {'action': 'posted', 'detail': 'change'}
2026-05-11 16:47:19,572 [INFO] Waiting 2 minutes for next check...
2026-05-11 16:49:19,572 [INFO] Cycle start: Tehran=2026-05-11 20:19:19.572460+03:30 UTC=2026-05-11 16:49:19.572452+00:00
2026-05-11 16:49:20,151 [INFO] USD from Sulaymaniyah: mid=180800 -> buy=180900 sell=181900
2026-05-11 16:49:20,911 [INFO] Attempting to send message to @barxexchange
2026-05-11 16:49:21,596 [INFO] TG send success!
2026-05-11 16:49:21,596 [INFO] Cycle result: {'action': 'posted', 'detail': 'change'}
2026-05-11 16:49:21,596 [INFO] Waiting 2 minutes for next check...
2026-05-11 16:51:21,596 [INFO] Cycle start: Tehran=2026-05-11 20:21:21.596877+03:30 UTC=2026-05-11 16:51:21.596868+00:00
2026-05-11 16:51:22,154 [INFO] USD from Sulaymaniyah: mid=180800 -> buy=180900 sell=181900
2026-05-11 16:51:23,003 [INFO] Cycle result: {'action': 'skip', 'detail': 'no_change'}
2026-05-11 16:51:23,003 [INFO] Waiting 2 minutes for next check...
2026-05-11 16:53:23,003 [INFO] Cycle start: Tehran=2026-05-11 20:23:23.003944+03:30 UTC=2026-05-11 16:53:23.003936+00:00
2026-05-11 16:53:23,602 [INFO] USD from Sulaymaniyah: mid=180700 -> buy=180800 sell=181800
2026-05-11 16:53:24,481 [INFO] Attempting to send message to @barxexchange
2026-05-11 16:53:25,083 [INFO] TG send success!
2026-05-11 16:53:25,083 [INFO] Cycle result: {'action': 'posted', 'detail': 'change'}
2026-05-11 16:53:25,083 [INFO] Waiting 2 minutes for next check...
2026-05-11 16:55:25,084 [INFO] Cycle start: Tehran=2026-05-11 20:25:25.084049+03:30 UTC=2026-05-11 16:55:25.084040+00:00
2026-05-11 16:55:25,615 [INFO] USD from Sulaymaniyah: mid=180800 -> buy=180900 sell=181900
2026-05-11 16:55:26,424 [INFO] Attempting to send message to @barxexchange
2026-05-11 16:55:27,043 [INFO] TG send success!
2026-05-11 16:55:27,044 [INFO] Cycle result: {'action': 'posted', 'detail': 'change'}
2026-05-11 16:55:27,044 [INFO] Waiting 2 minutes for next check...
2026-05-11 16:57:27,044 [INFO] Cycle start: Tehran=2026-05-11 20:27:27.044496+03:30 UTC=2026-05-11 16:57:27.044488+00:00
2026-05-11 16:57:27,668 [INFO] USD from Sulaymaniyah: mid=180800 -> buy=180900 sell=181900
2026-05-11 16:57:28,504 [INFO] Cycle result: {'action': 'skip', 'detail': 'no_change'}
2026-05-11 16:57:28,504 [INFO] Waiting 2 minutes for next check...
2026-05-11 16:59:28,504 [INFO] Cycle start: Tehran=2026-05-11 20:29:28.504551+03:30 UTC=2026-05-11 16:59:28.504540+00:00
2026-05-11 16:59:29,035 [INFO] USD from Sulaymaniyah: mid=180800 -> buy=180900 sell=181900
2026-05-11 16:59:29,968 [INFO] Cycle result: {'action': 'skip', 'detail': 'no_change'}
2026-05-11 16:59:29,969 [INFO] Waiting 2 minutes for next check...
2026-05-11 17:01:29,969 [INFO] Cycle start: Tehran=2026-05-11 20:31:29.969421+03:30 UTC=2026-05-11 17:01:29.969413+00:00
2026-05-11 17:01:30,603 [INFO] USD from Sulaymaniyah: mid=181300 -> buy=181400 sell=182400
2026-05-11 17:01:31,471 [INFO] Attempting to send message to @barxexchange
2026-05-11 17:01:32,040 [INFO] TG send success!
2026-05-11 17:01:32,040 [INFO] Cycle result: {'action': 'posted', 'detail': 'change'}
2026-05-11 17:01:32,040 [INFO] Waiting 2 minutes for next check...
2026-05-11 17:03:32,041 [INFO] Cycle start: Tehran=2026-05-11 20:33:32.041123+03:30 UTC=2026-05-11 17:03:32.041115+00:00
2026-05-11 17:03:32,576 [INFO] USD from Sulaymaniyah: mid=181400 -> buy=181500 sell=182500
2026-05-11 17:03:33,336 [INFO] Attempting to send message to @barxexchange
2026-05-11 17:03:33,931 [INFO] TG send success!
2026-05-11 17:03:33,932 [INFO] Cycle result: {'action': 'posted', 'detail': 'change'}
2026-05-11 17:03:33,932 [INFO] Waiting 2 minutes for next check...
2026-05-11 17:05:33,932 [INFO] Cycle start: Tehran=2026-05-11 20:35:33.932467+03:30 UTC=2026-05-11 17:05:33.932458+00:00
2026-05-11 17:05:34,526 [INFO] USD from Sulaymaniyah: mid=181400 -> buy=181500 sell=182500
2026-05-11 17:05:35,431 [INFO] Cycle result: {'action': 'skip', 'detail': 'no_change'}
2026-05-11 17:05:35,431 [INFO] Waiting 2 minutes for next check...
2026-05-11 17:07:35,431 [INFO] Cycle start: Tehran=2026-05-11 20:37:35.431626+03:30 UTC=2026-05-11 17:07:35.431617+00:00
2026-05-11 17:07:36,018 [INFO] USD from Sulaymaniyah: mid=181400 -> buy=181500 sell=182500
2026-05-11 17:07:36,772 [INFO] Cycle result: {'action': 'skip', 'detail': 'no_change'}
2026-05-11 17:07:36,772 [INFO] Waiting 2 minutes for next check...
2026-05-11 17:09:36,773 [INFO] Cycle start: Tehran=2026-05-11 20:39:36.772981+03:30 UTC=2026-05-11 17:09:36.772972+00:00
2026-05-11 17:09:37,331 [INFO] USD from Sulaymaniyah: mid=181400 -> buy=181500 sell=182500
2026-05-11 17:09:38,103 [INFO] Cycle result: {'action': 'skip', 'detail': 'no_change'}
2026-05-11 17:09:38,103 [INFO] Waiting 2 minutes for next check...
2026-05-11 17:11:38,104 [INFO] Cycle start: Tehran=2026-05-11 20:41:38.103974+03:30 UTC=2026-05-11 17:11:38.103965+00:00
2026-05-11 17:11:38,664 [INFO] USD from Sulaymaniyah: mid=181400 -> buy=181500 sell=182500
2026-05-11 17:11:39,545 [INFO] Cycle result: {'action': 'skip', 'detail': 'no_change'}
2026-05-11 17:11:39,545 [INFO] Waiting 2 minutes for next check...
2026-05-11 21:05:52,118 [INFO] Starting multi-cycle run (25 mins)
2026-05-11 21:05:52,118 [INFO] Cycle start: Tehran=2026-05-12 00:35:52.118659+03:30 UTC=2026-05-11 21:05:52.118650+00:00
2026-05-11 21:05:52,631 [INFO] USD from Sulaymaniyah: mid=181000 -> buy=181100 sell=182100
2026-05-11 21:05:53,502 [INFO] Attempting to send message to @barxexchange
2026-05-11 21:05:54,076 [INFO] TG send success!
2026-05-11 21:05:54,076 [INFO] Cycle result: {'action': 'posted', 'detail': 'change'}
2026-05-11 21:05:54,076 [INFO] Waiting 2 minutes for next check...
2026-05-11 21:07:54,076 [INFO] Cycle start: Tehran=2026-05-12 00:37:54.076908+03:30 UTC=2026-05-11 21:07:54.076899+00:00
2026-05-11 21:07:54,554 [INFO] USD from Sulaymaniyah: mid=181000 -> buy=181100 sell=182100
2026-05-11 21:07:55,300 [INFO] Cycle result: {'action': 'skip', 'detail': 'no_change'}
2026-05-11 21:07:55,301 [INFO] Waiting 2 minutes for next check...
2026-05-11 21:09:55,301 [INFO] Cycle start: Tehran=2026-05-12 00:39:55.301212+03:30 UTC=2026-05-11 21:09:55.301201+00:00
2026-05-11 21:09:55,833 [INFO] USD from Sulaymaniyah: mid=181000 -> buy=181100 sell=182100
2026-05-11 21:09:56,566 [INFO] Cycle result: {'action': 'skip', 'detail': 'no_change'}
2026-05-11 21:09:56,566 [INFO] Waiting 2 minutes for next check...
2026-05-11 21:11:56,566 [INFO] Cycle start: Tehran=2026-05-12 00:41:56.566627+03:30 UTC=2026-05-11 21:11:56.566619+00:00
2026-05-11 21:11:57,035 [INFO] USD from Sulaymaniyah: mid=181000 -> buy=181100 sell=182100
2026-05-11 21:11:58,013 [INFO] Cycle result: {'action': 'skip', 'detail': 'no_change'}
2026-05-11 21:11:58,013 [INFO] Waiting 2 minutes for next check...
2026-05-11 21:13:58,013 [INFO] Cycle start: Tehran=2026-05-12 00:43:58.013922+03:30 UTC=2026-05-11 21:13:58.013914+00:00
2026-05-11 21:13:58,534 [INFO] USD from Sulaymaniyah: mid=181000 -> buy=181100 sell=182100
2026-05-11 21:13:59,301 [INFO] Cycle result: {'action': 'skip', 'detail': 'no_change'}
2026-05-11 21:13:59,302 [INFO] Waiting 2 minutes for next check...
2026-05-11 21:15:59,302 [INFO] Cycle start: Tehran=2026-05-12 00:45:59.302367+03:30 UTC=2026-05-11 21:15:59.302360+00:00
2026-05-11 21:15:59,822 [INFO] USD from Sulaymaniyah: mid=181000 -> buy=181100 sell=182100
2026-05-11 21:16:00,542 [INFO] Cycle result: {'action': 'skip', 'detail': 'no_change'}
2026-05-11 21:16:00,542 [INFO] Waiting 2 minutes for next check...
2026-05-11 21:18:00,542 [INFO] Cycle start: Tehran=2026-05-12 00:48:00.542570+03:30 UTC=2026-05-11 21:18:00.542562+00:00
2026-05-11 21:18:01,050 [INFO] USD from Sulaymaniyah: mid=181000 -> buy=181100 sell=182100
2026-05-11 21:18:02,033 [INFO] Cycle result: {'action': 'skip', 'detail': 'no_change'}
2026-05-11 21:18:02,034 [INFO] Waiting 2 minutes for next check...
2026-05-11 21:20:02,034 [INFO] Cycle start: Tehran=2026-05-12 00:50:02.034385+03:30 UTC=2026-05-11 21:20:02.034377+00:00
2026-05-11 21:20:02,504 [INFO] USD from Sulaymaniyah: mid=181000 -> buy=181100 sell=182100
2026-05-11 21:20:03,245 [INFO] Cycle result: {'action': 'skip', 'detail': 'no_change'}
2026-05-11 21:20:03,245 [INFO] Waiting 2 minutes for next check...
2026-05-11 21:22:03,245 [INFO] Cycle start: Tehran=2026-05-12 00:52:03.245776+03:30 UTC=2026-05-11 21:22:03.245768+00:00
2026-05-11 21:22:03,744 [INFO] USD from Sulaymaniyah: mid=181000 -> buy=181100 sell=182100
2026-05-11 21:22:04,454 [INFO] Cycle result: {'action': 'skip', 'detail': 'no_change'}
2026-05-11 21:22:04,455 [INFO] Waiting 2 minutes for next check...
2026-05-11 21:24:04,455 [INFO] Cycle start: Tehran=2026-05-12 00:54:04.455329+03:30 UTC=2026-05-11 21:24:04.455322+00:00
2026-05-11 21:24:04,925 [INFO] USD from Sulaymaniyah: mid=181000 -> buy=181100 sell=182100
2026-05-11 21:24:05,897 [INFO] Cycle result: {'action': 'skip', 'detail': 'no_change'}
2026-05-11 21:24:05,897 [INFO] Waiting 2 minutes for next check...
2026-05-11 21:26:05,897 [INFO] Cycle start: Tehran=2026-05-12 00:56:05.897906+03:30 UTC=2026-05-11 21:26:05.897898+00:00
2026-05-11 21:26:06,427 [INFO] USD from Sulaymaniyah: mid=181000 -> buy=181100 sell=182100
2026-05-11 21:26:07,142 [INFO] Cycle result: {'action': 'skip', 'detail': 'no_change'}
2026-05-11 21:26:07,142 [INFO] Waiting 2 minutes for next check...
2026-05-11 21:28:07,142 [INFO] Cycle start: Tehran=2026-05-12 00:58:07.142498+03:30 UTC=2026-05-11 21:28:07.142491+00:00
2026-05-11 21:28:07,619 [INFO] USD from Sulaymaniyah: mid=181000 -> buy=181100 sell=182100
2026-05-11 21:28:08,356 [INFO] Cycle result: {'action': 'skip', 'detail': 'no_change'}
2026-05-11 21:28:08,357 [INFO] Waiting 2 minutes for next check...
2026-05-11 21:30:08,357 [INFO] Cycle start: Tehran=2026-05-12 01:00:08.357329+03:30 UTC=2026-05-11 21:30:08.357322+00:00
2026-05-11 21:30:08,907 [INFO] USD from Sulaymaniyah: mid=181000 -> buy=181100 sell=182100
2026-05-11 21:30:09,844 [INFO] Cycle result: {'action': 'skip', 'detail': 'no_change'}
2026-05-11 21:30:09,844 [INFO] Waiting 2 minutes for next check...
2026-05-11 21:32:09,844 [INFO] Cycle start: Tehran=2026-05-12 01:02:09.844513+03:30 UTC=2026-05-11 21:32:09.844506+00:00
2026-05-11 21:32:10,312 [INFO] USD from Sulaymaniyah: mid=181000 -> buy=181100 sell=182100
2026-05-11 21:32:11,050 [INFO] Cycle result: {'action': 'skip', 'detail': 'no_change'}
2026-05-11 21:32:11,051 [INFO] Waiting 2 minutes for next check...
2026-05-11 21:34:11,051 [INFO] Cycle start: Tehran=2026-05-12 01:04:11.051389+03:30 UTC=2026-05-11 21:34:11.051381+00:00
2026-05-11 21:34:11,592 [INFO] USD from Sulaymaniyah: mid=181000 -> buy=181100 sell=182100
2026-05-11 21:34:12,335 [INFO] Cycle result: {'action': 'skip', 'detail': 'no_change'}
2026-05-11 21:34:12,335 [INFO] Waiting 2 minutes for next check...
2026-05-11 21:36:12,336 [INFO] Cycle start: Tehran=2026-05-12 01:06:12.336128+03:30 UTC=2026-05-11 21:36:12.336120+00:00
2026-05-11 21:36:12,848 [INFO] USD from Sulaymaniyah: mid=181000 -> buy=181100 sell=182100
2026-05-11 21:36:13,716 [INFO] Cycle result: {'action': 'skip', 'detail': 'no_change'}
2026-05-11 21:36:13,717 [INFO] Waiting 2 minutes for next check...
2026-05-11 21:38:13,717 [INFO] Cycle start: Tehran=2026-05-12 01:08:13.717269+03:30 UTC=2026-05-11 21:38:13.717260+00:00
2026-05-11 21:38:14,217 [INFO] USD from Sulaymaniyah: mid=181000 -> buy=181100 sell=182100
2026-05-11 21:38:14,949 [INFO] Cycle result: {'action': 'skip', 'detail': 'no_change'}
2026-05-11 21:38:14,949 [INFO] Waiting 2 minutes for next check...
2026-05-11 21:40:14,950 [INFO] Cycle start: Tehran=2026-05-12 01:10:14.950063+03:30 UTC=2026-05-11 21:40:14.950055+00:00
2026-05-11 21:40:15,426 [INFO] USD from Sulaymaniyah: mid=181000 -> buy=181100 sell=182100
2026-05-11 21:40:16,191 [INFO] Cycle result: {'action': 'skip', 'detail': 'no_change'}
2026-05-11 21:40:16,191 [INFO] Waiting 2 minutes for next check...
2026-05-11 21:42:16,191 [INFO] Cycle start: Tehran=2026-05-12 01:12:16.191593+03:30 UTC=2026-05-11 21:42:16.191586+00:00
2026-05-11 21:42:16,689 [INFO] USD from Sulaymaniyah: mid=181000 -> buy=181100 sell=182100
2026-05-11 21:42:17,600 [INFO] Cycle result: {'action': 'skip', 'detail': 'no_change'}
2026-05-11 21:42:17,600 [INFO] Waiting 2 minutes for next check...
2026-05-11 21:44:17,600 [INFO] Cycle start: Tehran=2026-05-12 01:14:17.600624+03:30 UTC=2026-05-11 21:44:17.600616+00:00
2026-05-11 21:44:18,068 [INFO] USD from Sulaymaniyah: mid=181000 -> buy=181100 sell=182100
2026-05-11 21:44:18,776 [INFO] Cycle result: {'action': 'skip', 'detail': 'no_change'}
2026-05-11 21:44:18,776 [INFO] Waiting 2 minutes for next check...
2026-05-11 21:46:18,777 [INFO] Cycle start: Tehran=2026-05-12 01:16:18.776982+03:30 UTC=2026-05-11 21:46:18.776974+00:00
2026-05-11 21:46:19,312 [INFO] USD from Sulaymaniyah: mid=181000 -> buy=181100 sell=182100
2026-05-11 21:46:20,019 [INFO] Cycle result: {'action': 'skip', 'detail': 'no_change'}
2026-05-11 21:46:20,019 [INFO] Waiting 2 minutes for next check...
2026-05-11 21:48:20,019 [INFO] Cycle start: Tehran=2026-05-12 01:18:20.019775+03:30 UTC=2026-05-11 21:48:20.019765+00:00
2026-05-11 21:48:20,496 [INFO] USD from Sulaymaniyah: mid=181000 -> buy=181100 sell=182100
2026-05-11 21:48:21,439 [INFO] Cycle result: {'action': 'skip', 'detail': 'no_change'}
2026-05-11 21:48:21,439 [INFO] Waiting 2 minutes for next check...
2026-05-11 21:50:21,439 [INFO] Cycle start: Tehran=2026-05-12 01:20:21.439790+03:30 UTC=2026-05-11 21:50:21.439782+00:00
2026-05-11 21:50:21,925 [INFO] USD from Sulaymaniyah: mid=181000 -> buy=181100 sell=182100
2026-05-11 21:50:22,665 [INFO] Cycle result: {'action': 'skip', 'detail': 'no_change'}
2026-05-11 21:50:22,666 [INFO] Waiting 2 minutes for next check...
2026-05-11 21:52:22,666 [INFO] Cycle start: Tehran=2026-05-12 01:22:22.666310+03:30 UTC=2026-05-11 21:52:22.666303+00:00
2026-05-11 21:52:23,140 [INFO] USD from Sulaymaniyah: mid=181000 -> buy=181100 sell=182100
2026-05-11 21:52:23,881 [INFO] Cycle result: {'action': 'skip', 'detail': 'no_change'}
2026-05-11 21:52:23,882 [INFO] Waiting 2 minutes for next check...
2026-05-11 21:54:23,882 [INFO] Cycle start: Tehran=2026-05-12 01:24:23.882750+03:30 UTC=2026-05-11 21:54:23.882742+00:00
2026-05-11 21:54:24,396 [INFO] USD from Sulaymaniyah: mid=181000 -> buy=181100 sell=182100
2026-05-11 21:54:25,284 [INFO] Cycle result: {'action': 'skip', 'detail': 'no_change'}
2026-05-11 21:54:25,285 [INFO] Waiting 2 minutes for next check...
2026-05-11 21:56:25,285 [INFO] Cycle start: Tehran=2026-05-12 01:26:25.285226+03:30 UTC=2026-05-11 21:56:25.285218+00:00
2026-05-11 21:56:25,823 [INFO] USD from Sulaymaniyah: mid=181000 -> buy=181100 sell=182100
2026-05-11 21:56:26,520 [INFO] Cycle result: {'action': 'skip', 'detail': 'no_change'}
2026-05-11 21:56:26,520 [INFO] Waiting 2 minutes for next check...
2026-05-11 21:58:26,520 [INFO] Cycle start: Tehran=2026-05-12 01:28:26.520883+03:30 UTC=2026-05-11 21:58:26.520875+00:00
2026-05-11 21:58:26,990 [INFO] USD from Sulaymaniyah: mid=181000 -> buy=181100 sell=182100
2026-05-11 21:58:27,697 [INFO] Cycle result: {'action': 'skip', 'detail': 'no_change'}
2026-05-11 21:58:27,697 [INFO] Waiting 2 minutes for next check...
2026-05-11 22:00:27,698 [INFO] Cycle start: Tehran=2026-05-12 01:30:27.698178+03:30 UTC=2026-05-11 22:00:27.698171+00:00
2026-05-11 22:00:28,166 [INFO] USD from Sulaymaniyah: mid=181000 -> buy=181100 sell=182100
2026-05-11 22:00:29,109 [INFO] Cycle result: {'action': 'skip', 'detail': 'no_change'}
2026-05-11 22:00:29,109 [INFO] Waiting 2 minutes for next check...
2026-05-12 08:05:54,477 [INFO] Starting multi-cycle run (25 mins)
2026-05-12 08:05:54,477 [INFO] Cycle start: Tehran=2026-05-12 11:35:54.477609+03:30 UTC=2026-05-12 08:05:54.477601+00:00
2026-05-12 08:05:56,581 [INFO] Attempting to send message to @barxexchange
2026-05-12 08:05:57,152 [INFO] TG send success!
2026-05-12 08:05:57,152 [INFO] Cycle result: {'action': 'posted', 'detail': 'change'}
2026-05-12 08:05:57,152 [INFO] Waiting 2 minutes for next check...
2026-05-12 08:07:57,153 [INFO] Cycle start: Tehran=2026-05-12 11:37:57.152963+03:30 UTC=2026-05-12 08:07:57.152955+00:00
2026-05-12 08:07:59,060 [INFO] Cycle result: {'action': 'skip', 'detail': 'no_change'}
2026-05-12 08:07:59,061 [INFO] Waiting 2 minutes for next check...
2026-05-12 08:09:59,061 [INFO] Cycle start: Tehran=2026-05-12 11:39:59.061291+03:30 UTC=2026-05-12 08:09:59.061280+00:00
2026-05-12 08:10:01,048 [INFO] Cycle result: {'action': 'skip', 'detail': 'no_change'}
2026-05-12 08:10:01,049 [INFO] Waiting 2 minutes for next check...
2026-05-12 08:12:01,049 [INFO] Cycle start: Tehran=2026-05-12 11:42:01.049292+03:30 UTC=2026-05-12 08:12:01.049284+00:00
2026-05-12 08:12:03,093 [INFO] Cycle result: {'action': 'skip', 'detail': 'no_change'}
2026-05-12 08:12:03,093 [INFO] Waiting 2 minutes for next check...
2026-05-12 08:14:03,094 [INFO] Cycle start: Tehran=2026-05-12 11:44:03.094126+03:30 UTC=2026-05-12 08:14:03.094119+00:00
2026-05-12 08:14:04,998 [INFO] Cycle result: {'action': 'skip', 'detail': 'no_change'}
2026-05-12 08:14:04,998 [INFO] Waiting 2 minutes for next check...
2026-05-12 08:16:04,998 [INFO] Cycle start: Tehran=2026-05-12 11:46:04.998777+03:30 UTC=2026-05-12 08:16:04.998770+00:00
2026-05-12 08:16:06,967 [INFO] Cycle result: {'action': 'skip', 'detail': 'no_change'}
2026-05-12 08:16:06,968 [INFO] Waiting 2 minutes for next check...
2026-05-12 08:18:06,968 [INFO] Cycle start: Tehran=2026-05-12 11:48:06.968274+03:30 UTC=2026-05-12 08:18:06.968266+00:00
2026-05-12 08:18:09,039 [INFO] Cycle result: {'action': 'skip', 'detail': 'no_change'}
2026-05-12 08:18:09,039 [INFO] Waiting 2 minutes for next check...
2026-05-12 08:20:09,040 [INFO] Cycle start: Tehran=2026-05-12 11:50:09.040170+03:30 UTC=2026-05-12 08:20:09.040162+00:00
2026-05-12 08:20:10,933 [INFO] Cycle result: {'action': 'skip', 'detail': 'no_change'}
2026-05-12 08:20:10,934 [INFO] Waiting 2 minutes for next check...
2026-05-12 08:22:10,934 [INFO] Cycle start: Tehran=2026-05-12 11:52:10.934332+03:30 UTC=2026-05-12 08:22:10.934325+00:00
2026-05-12 08:22:12,876 [INFO] Cycle result: {'action': 'skip', 'detail': 'no_change'}
2026-05-12 08:22:12,876 [INFO] Waiting 2 minutes for next check...
2026-05-12 08:24:12,877 [INFO] Cycle start: Tehran=2026-05-12 11:54:12.877116+03:30 UTC=2026-05-12 08:24:12.877109+00:00
2026-05-12 08:24:14,905 [INFO] Cycle result: {'action': 'skip', 'detail': 'no_change'}
2026-05-12 08:24:14,905 [INFO] Waiting 2 minutes for next check...
2026-05-12 08:26:14,905 [INFO] Cycle start: Tehran=2026-05-12 11:56:14.905918+03:30 UTC=2026-05-12 08:26:14.905911+00:00
2026-05-12 08:26:16,879 [INFO] Cycle result: {'action': 'skip', 'detail': 'no_change'}
2026-05-12 08:26:16,879 [INFO] Waiting 2 minutes for next check...
2026-05-12 08:28:16,879 [INFO] Cycle start: Tehran=2026-05-12 11:58:16.879684+03:30 UTC=2026-05-12 08:28:16.879677+00:00
2026-05-12 08:28:17,506 [INFO] USD from Sulaymaniyah: mid=183000 -> buy=183100 sell=184100
2026-05-12 08:28:18,234 [INFO] Attempting to send message to @barxexchange
2026-05-12 08:28:18,940 [INFO] TG send success!
2026-05-12 08:28:18,941 [INFO] Cycle result: {'action': 'posted', 'detail': 'change'}
2026-05-12 08:28:18,941 [INFO] Waiting 2 minutes for next check...
2026-05-12 08:30:18,941 [INFO] Cycle start: Tehran=2026-05-12 12:00:18.941552+03:30 UTC=2026-05-12 08:30:18.941544+00:00
2026-05-12 08:30:19,497 [INFO] USD from Sulaymaniyah: mid=182900 -> buy=183000 sell=184000
2026-05-12 08:30:20,364 [INFO] Attempting to send message to @barxexchange
2026-05-12 08:30:20,978 [INFO] TG send success!
2026-05-12 08:30:20,979 [INFO] Cycle result: {'action': 'posted', 'detail': 'change'}
2026-05-12 08:30:20,979 [INFO] Waiting 2 minutes for next check...
2026-05-12 08:32:20,979 [INFO] Cycle start: Tehran=2026-05-12 12:02:20.979724+03:30 UTC=2026-05-12 08:32:20.979716+00:00
2026-05-12 08:32:21,597 [INFO] USD from Sulaymaniyah: mid=183500 -> buy=183600 sell=184600
2026-05-12 08:32:22,335 [INFO] Attempting to send message to @barxexchange
2026-05-12 08:32:22,948 [INFO] TG send success!
2026-05-12 08:32:22,948 [INFO] Cycle result: {'action': 'posted', 'detail': 'change'}
2026-05-12 08:32:22,948 [INFO] Waiting 2 minutes for next check...
2026-05-12 08:34:22,948 [INFO] Cycle start: Tehran=2026-05-12 12:04:22.948943+03:30 UTC=2026-05-12 08:34:22.948936+00:00
2026-05-12 08:34:23,503 [INFO] USD from Sulaymaniyah: mid=183500 -> buy=183600 sell=184600
2026-05-12 08:34:24,230 [INFO] Cycle result: {'action': 'skip', 'detail': 'no_change'}
2026-05-12 08:34:24,231 [INFO] Waiting 2 minutes for next check...
2026-05-12 08:36:24,231 [INFO] Cycle start: Tehran=2026-05-12 12:06:24.231376+03:30 UTC=2026-05-12 08:36:24.231369+00:00
2026-05-12 08:36:24,882 [INFO] USD from Sulaymaniyah: mid=181700 -> buy=181800 sell=182800
2026-05-12 08:36:25,765 [INFO] Attempting to send message to @barxexchange
2026-05-12 08:36:26,416 [INFO] TG send success!
2026-05-12 08:36:26,417 [INFO] Cycle result: {'action': 'posted', 'detail': 'change'}
2026-05-12 08:36:26,417 [INFO] Waiting 2 minutes for next check...
2026-05-12 08:38:26,417 [INFO] Cycle start: Tehran=2026-05-12 12:08:26.417588+03:30 UTC=2026-05-12 08:38:26.417580+00:00
2026-05-12 08:38:26,964 [INFO] USD from Sulaymaniyah: mid=181500 -> buy=181600 sell=182600
2026-05-12 08:38:27,691 [INFO] Attempting to send message to @barxexchange
2026-05-12 08:38:28,284 [INFO] TG send success!
2026-05-12 08:38:28,285 [INFO] Cycle result: {'action': 'posted', 'detail': 'change'}
2026-05-12 08:38:28,285 [INFO] Waiting 2 minutes for next check...
2026-05-12 08:40:28,285 [INFO] Cycle start: Tehran=2026-05-12 12:10:28.285729+03:30 UTC=2026-05-12 08:40:28.285721+00:00
2026-05-12 08:40:28,890 [INFO] USD from Sulaymaniyah: mid=181400 -> buy=181500 sell=182500
2026-05-12 08:40:29,655 [INFO] Attempting to send message to @barxexchange
2026-05-12 08:40:30,219 [INFO] TG send success!
2026-05-12 08:40:30,219 [INFO] Cycle result: {'action': 'posted', 'detail': 'change'}
2026-05-12 08:40:30,219 [INFO] Waiting 2 minutes for next check...
2026-05-12 08:42:30,219 [INFO] Cycle start: Tehran=2026-05-12 12:12:30.219743+03:30 UTC=2026-05-12 08:42:30.219735+00:00
2026-05-12 08:42:30,761 [INFO] USD from Sulaymaniyah: mid=181600 -> buy=181700 sell=182700
2026-05-12 08:42:31,572 [INFO] Attempting to send message to @barxexchange
2026-05-12 08:42:32,169 [INFO] TG send success!
2026-05-12 08:42:32,169 [INFO] Cycle result: {'action': 'posted', 'detail': 'change'}
2026-05-12 08:42:32,169 [INFO] Waiting 2 minutes for next check...
2026-05-12 08:44:32,169 [INFO] Cycle start: Tehran=2026-05-12 12:14:32.169812+03:30 UTC=2026-05-12 08:44:32.169804+00:00
2026-05-12 08:44:32,809 [INFO] USD from Sulaymaniyah: mid=181300 -> buy=181400 sell=182400
2026-05-12 08:44:33,574 [INFO] Attempting to send message to @barxexchange
2026-05-12 08:44:34,113 [INFO] TG send success!
2026-05-12 08:44:34,114 [INFO] Cycle result: {'action': 'posted', 'detail': 'change'}
2026-05-12 08:44:34,114 [INFO] Waiting 2 minutes for next check...
2026-05-12 08:46:34,114 [INFO] Cycle start: Tehran=2026-05-12 12:16:34.114517+03:30 UTC=2026-05-12 08:46:34.114509+00:00
2026-05-12 08:46:34,726 [INFO] USD from Sulaymaniyah: mid=181700 -> buy=181800 sell=182800
2026-05-12 08:46:35,522 [INFO] Attempting to send message to @barxexchange
2026-05-12 08:46:36,075 [INFO] TG send success!
2026-05-12 08:46:36,075 [INFO] Cycle result: {'action': 'posted', 'detail': 'change'}
2026-05-12 08:46:36,075 [INFO] Waiting 2 minutes for next check...
2026-05-12 08:48:36,075 [INFO] Cycle start: Tehran=2026-05-12 12:18:36.075937+03:30 UTC=2026-05-12 08:48:36.075928+00:00
2026-05-12 08:48:36,681 [INFO] USD from Sulaymaniyah: mid=181400 -> buy=181500 sell=182500
2026-05-12 08:48:37,489 [INFO] Attempting to send message to @barxexchange
2026-05-12 08:48:38,069 [INFO] TG send success!
2026-05-12 08:48:38,069 [INFO] Cycle result: {'action': 'posted', 'detail': 'change'}
2026-05-12 08:48:38,069 [INFO] Waiting 2 minutes for next check...
2026-05-12 08:50:38,070 [INFO] Cycle start: Tehran=2026-05-12 12:20:38.069992+03:30 UTC=2026-05-12 08:50:38.069985+00:00
2026-05-12 08:50:38,625 [INFO] USD from Sulaymaniyah: mid=181500 -> buy=181600 sell=182600
2026-05-12 08:50:39,412 [INFO] Attempting to send message to @barxexchange
2026-05-12 08:50:39,959 [INFO] TG send success!
2026-05-12 08:50:39,960 [INFO] Cycle result: {'action': 'posted', 'detail': 'change'}
2026-05-12 08:50:39,960 [INFO] Waiting 2 minutes for next check...
2026-05-12 08:52:39,960 [INFO] Cycle start: Tehran=2026-05-12 12:22:39.960546+03:30 UTC=2026-05-12 08:52:39.960538+00:00
2026-05-12 08:52:40,599 [INFO] USD from Sulaymaniyah: mid=181200 -> buy=181300 sell=182300
2026-05-12 08:52:41,362 [INFO] Attempting to send message to @barxexchange
2026-05-12 08:52:41,946 [INFO] TG send success!
2026-05-12 08:52:41,946 [INFO] Cycle result: {'action': 'posted', 'detail': 'change'}
2026-05-12 08:52:41,946 [INFO] Waiting 2 minutes for next check...
2026-05-12 08:54:41,947 [INFO] Cycle start: Tehran=2026-05-12 12:24:41.947112+03:30 UTC=2026-05-12 08:54:41.947104+00:00
2026-05-12 08:54:42,501 [INFO] USD from Sulaymaniyah: mid=181200 -> buy=181300 sell=182300
2026-05-12 08:54:43,326 [INFO] Cycle result: {'action': 'skip', 'detail': 'no_change'}
2026-05-12 08:54:43,326 [INFO] Waiting 2 minutes for next check...
2026-05-12 08:56:43,326 [INFO] Cycle start: Tehran=2026-05-12 12:26:43.326648+03:30 UTC=2026-05-12 08:56:43.326640+00:00
2026-05-12 08:56:43,946 [INFO] USD from Sulaymaniyah: mid=181200 -> buy=181300 sell=182300
2026-05-12 08:56:44,703 [INFO] Cycle result: {'action': 'skip', 'detail': 'no_change'}
2026-05-12 08:56:44,703 [INFO] Waiting 2 minutes for next check...
2026-05-12 08:58:44,704 [INFO] Cycle start: Tehran=2026-05-12 12:28:44.704149+03:30 UTC=2026-05-12 08:58:44.704141+00:00
2026-05-12 08:58:45,254 [INFO] USD from Sulaymaniyah: mid=181200 -> buy=181300 sell=182300
2026-05-12 08:58:46,061 [INFO] Cycle result: {'action': 'skip', 'detail': 'no_change'}
2026-05-12 08:58:46,062 [INFO] Waiting 2 minutes for next check...
2026-05-12 09:00:46,062 [INFO] Cycle start: Tehran=2026-05-12 12:30:46.062436+03:30 UTC=2026-05-12 09:00:46.062428+00:00
2026-05-12 09:00:46,677 [INFO] USD from Sulaymaniyah: mid=181200 -> buy=181300 sell=182300
2026-05-12 09:00:47,568 [INFO] Cycle result: {'action': 'skip', 'detail': 'no_change'}
2026-05-12 09:00:47,569 [INFO] Waiting 2 minutes for next check...
2026-05-12 16:37:17,142 [INFO] Starting multi-cycle run (25 mins)
2026-05-12 16:37:17,142 [INFO] Cycle start: Tehran=2026-05-12 20:07:17.142542+03:30 UTC=2026-05-12 16:37:17.142535+00:00
2026-05-12 16:37:17,523 [INFO] USD from Sulaymaniyah: mid=180700 -> buy=180800 sell=181800
2026-05-12 16:37:18,142 [INFO] Attempting to send message to @barxexchange
2026-05-12 16:37:18,569 [INFO] TG send success!
2026-05-12 16:37:18,570 [INFO] Cycle result: {'action': 'posted', 'detail': 'change'}
2026-05-12 16:37:18,570 [INFO] Waiting 2 minutes for next check...
2026-05-12 16:39:18,570 [INFO] Cycle start: Tehran=2026-05-12 20:09:18.570766+03:30 UTC=2026-05-12 16:39:18.570756+00:00
2026-05-12 16:39:18,923 [INFO] USD from Sulaymaniyah: mid=180300 -> buy=180400 sell=181400
2026-05-12 16:39:19,551 [INFO] Attempting to send message to @barxexchange
2026-05-12 16:39:19,942 [INFO] TG send success!
2026-05-12 16:39:19,943 [INFO] Cycle result: {'action': 'posted', 'detail': 'change'}
2026-05-12 16:39:19,943 [INFO] Waiting 2 minutes for next check...
2026-05-12 16:41:19,943 [INFO] Cycle start: Tehran=2026-05-12 20:11:19.943328+03:30 UTC=2026-05-12 16:41:19.943317+00:00
2026-05-12 16:41:20,304 [INFO] USD from Sulaymaniyah: mid=180300 -> buy=180400 sell=181400
2026-05-12 16:41:20,910 [INFO] Cycle result: {'action': 'skip', 'detail': 'no_change'}
2026-05-12 16:41:20,911 [INFO] Waiting 2 minutes for next check...
2026-05-12 16:43:20,911 [INFO] Cycle start: Tehran=2026-05-12 20:13:20.911265+03:30 UTC=2026-05-12 16:43:20.911256+00:00
2026-05-12 16:43:21,278 [INFO] USD from Sulaymaniyah: mid=180300 -> buy=180400 sell=181400
2026-05-12 16:43:22,003 [INFO] Cycle result: {'action': 'skip', 'detail': 'no_change'}
2026-05-12 16:43:22,003 [INFO] Waiting 2 minutes for next check...
2026-05-12 16:45:22,003 [INFO] Cycle start: Tehran=2026-05-12 20:15:22.003781+03:30 UTC=2026-05-12 16:45:22.003773+00:00
2026-05-12 16:45:22,354 [INFO] USD from Sulaymaniyah: mid=180300 -> buy=180400 sell=181400
2026-05-12 16:45:22,932 [INFO] Cycle result: {'action': 'skip', 'detail': 'no_change'}
2026-05-12 16:45:22,933 [INFO] Waiting 2 minutes for next check...
2026-05-12 16:47:22,933 [INFO] Cycle start: Tehran=2026-05-12 20:17:22.933400+03:30 UTC=2026-05-12 16:47:22.933393+00:00
2026-05-12 16:47:23,291 [INFO] USD from Sulaymaniyah: mid=180300 -> buy=180400 sell=181400
2026-05-12 16:47:23,850 [INFO] Cycle result: {'action': 'skip', 'detail': 'no_change'}
2026-05-12 16:47:23,850 [INFO] Waiting 2 minutes for next check...
2026-05-12 16:49:23,850 [INFO] Cycle start: Tehran=2026-05-12 20:19:23.850798+03:30 UTC=2026-05-12 16:49:23.850790+00:00
2026-05-12 16:49:24,200 [INFO] USD from Sulaymaniyah: mid=180300 -> buy=180400 sell=181400
2026-05-12 16:49:24,963 [INFO] Cycle result: {'action': 'skip', 'detail': 'no_change'}
2026-05-12 16:49:24,963 [INFO] Waiting 2 minutes for next check...
2026-05-12 16:51:24,963 [INFO] Cycle start: Tehran=2026-05-12 20:21:24.963570+03:30 UTC=2026-05-12 16:51:24.963561+00:00
2026-05-12 16:51:25,322 [INFO] USD from Sulaymaniyah: mid=180500 -> buy=180600 sell=181600
2026-05-12 16:51:25,887 [INFO] Attempting to send message to @barxexchange
2026-05-12 16:51:26,300 [INFO] TG send success!
2026-05-12 16:51:26,300 [INFO] Cycle result: {'action': 'posted', 'detail': 'change'}
2026-05-12 16:51:26,300 [INFO] Waiting 2 minutes for next check...
2026-05-12 16:53:26,301 [INFO] Cycle start: Tehran=2026-05-12 20:23:26.301159+03:30 UTC=2026-05-12 16:53:26.301151+00:00
2026-05-12 16:53:26,653 [INFO] USD from Sulaymaniyah: mid=180500 -> buy=180600 sell=181600
2026-05-12 16:53:27,241 [INFO] Cycle result: {'action': 'skip', 'detail': 'no_change'}
2026-05-12 16:53:27,241 [INFO] Waiting 2 minutes for next check...
2026-05-12 16:55:27,241 [INFO] Cycle start: Tehran=2026-05-12 20:25:27.241774+03:30 UTC=2026-05-12 16:55:27.241767+00:00
2026-05-12 16:55:27,651 [INFO] USD from Sulaymaniyah: mid=180500 -> buy=180600 sell=181600
2026-05-12 16:55:28,315 [INFO] Cycle result: {'action': 'skip', 'detail': 'no_change'}
2026-05-12 16:55:28,316 [INFO] Waiting 2 minutes for next check...
2026-05-12 16:57:28,316 [INFO] Cycle start: Tehran=2026-05-12 20:27:28.316360+03:30 UTC=2026-05-12 16:57:28.316352+00:00
2026-05-12 16:57:28,669 [INFO] USD from Sulaymaniyah: mid=180400 -> buy=180500 sell=181500
2026-05-12 16:57:29,227 [INFO] Attempting to send message to @barxexchange
2026-05-12 16:57:29,648 [INFO] TG send success!
2026-05-12 16:57:29,649 [INFO] Cycle result: {'action': 'posted', 'detail': 'change'}
2026-05-12 16:57:29,649 [INFO] Waiting 2 minutes for next check...
2026-05-12 16:59:29,649 [INFO] Cycle start: Tehran=2026-05-12 20:29:29.649566+03:30 UTC=2026-05-12 16:59:29.649558+00:00
2026-05-12 16:59:30,020 [INFO] USD from Sulaymaniyah: mid=180400 -> buy=180500 sell=181500
2026-05-12 16:59:30,593 [INFO] Cycle result: {'action': 'skip', 'detail': 'no_change'}
2026-05-12 16:59:30,594 [INFO] Waiting 2 minutes for next check...
2026-05-12 17:01:30,594 [INFO] Cycle start: Tehran=2026-05-12 20:31:30.594453+03:30 UTC=2026-05-12 17:01:30.594445+00:00
2026-05-12 17:01:31,009 [INFO] USD from Sulaymaniyah: mid=180400 -> buy=180500 sell=181500
2026-05-12 17:01:31,758 [INFO] Cycle result: {'action': 'skip', 'detail': 'no_change'}
2026-05-12 17:01:31,758 [INFO] Waiting 2 minutes for next check...
2026-05-12 17:03:31,758 [INFO] Cycle start: Tehran=2026-05-12 20:33:31.758911+03:30 UTC=2026-05-12 17:03:31.758904+00:00
2026-05-12 17:03:32,178 [INFO] USD from Sulaymaniyah: mid=180400 -> buy=180500 sell=181500
2026-05-12 17:03:32,736 [INFO] Cycle result: {'action': 'skip', 'detail': 'no_change'}
2026-05-12 17:03:32,737 [INFO] Waiting 2 minutes for next check...
2026-05-12 17:05:32,737 [INFO] Cycle start: Tehran=2026-05-12 20:35:32.737218+03:30 UTC=2026-05-12 17:05:32.737209+00:00
2026-05-12 17:05:33,099 [INFO] USD from Sulaymaniyah: mid=180400 -> buy=180500 sell=181500
2026-05-12 17:05:33,672 [INFO] Cycle result: {'action': 'skip', 'detail': 'no_change'}
2026-05-12 17:05:33,672 [INFO] Waiting 2 minutes for next check...
2026-05-12 17:07:33,672 [INFO] Cycle start: Tehran=2026-05-12 20:37:33.672524+03:30 UTC=2026-05-12 17:07:33.672516+00:00
2026-05-12 17:07:34,252 [INFO] USD from Sulaymaniyah: mid=180400 -> buy=180500 sell=181500
2026-05-12 17:07:34,983 [INFO] Cycle result: {'action': 'skip', 'detail': 'no_change'}
2026-05-12 17:07:34,983 [INFO] Waiting 2 minutes for next check...
2026-05-12 17:09:34,984 [INFO] Cycle start: Tehran=2026-05-12 20:39:34.984055+03:30 UTC=2026-05-12 17:09:34.984047+00:00
2026-05-12 17:09:35,347 [INFO] USD from Sulaymaniyah: mid=180400 -> buy=180500 sell=181500
2026-05-12 17:09:35,927 [INFO] Cycle result: {'action': 'skip', 'detail': 'no_change'}
2026-05-12 17:09:35,927 [INFO] Waiting 2 minutes for next check...
2026-05-12 17:11:35,927 [INFO] Cycle start: Tehran=2026-05-12 20:41:35.927641+03:30 UTC=2026-05-12 17:11:35.927632+00:00
2026-05-12 17:11:36,384 [INFO] USD from Sulaymaniyah: mid=180400 -> buy=180500 sell=181500
2026-05-12 17:11:36,943 [INFO] Cycle result: {'action': 'skip', 'detail': 'no_change'}
2026-05-12 17:11:36,943 [INFO] Waiting 2 minutes for next check...
2026-05-12 17:13:36,943 [INFO] Cycle start: Tehran=2026-05-12 20:43:36.943878+03:30 UTC=2026-05-12 17:13:36.943870+00:00
2026-05-12 17:13:37,330 [INFO] USD from Sulaymaniyah: mid=180400 -> buy=180500 sell=181500
2026-05-12 17:13:37,967 [INFO] Cycle result: {'action': 'skip', 'detail': 'no_change'}
2026-05-12 17:13:37,967 [INFO] Waiting 2 minutes for next check...
2026-05-12 17:15:37,967 [INFO] Cycle start: Tehran=2026-05-12 20:45:37.967950+03:30 UTC=2026-05-12 17:15:37.967942+00:00
2026-05-12 17:15:38,374 [INFO] USD from Sulaymaniyah: mid=180400 -> buy=180500 sell=181500
2026-05-12 17:15:38,944 [INFO] Cycle result: {'action': 'skip', 'detail': 'no_change'}
2026-05-12 17:15:38,944 [INFO] Waiting 2 minutes for next check...
2026-05-12 17:17:38,945 [INFO] Cycle start: Tehran=2026-05-12 20:47:38.945077+03:30 UTC=2026-05-12 17:17:38.945069+00:00
2026-05-12 17:17:39,298 [INFO] USD from Sulaymaniyah: mid=180400 -> buy=180500 sell=181500
2026-05-12 17:17:39,839 [INFO] Cycle result: {'action': 'skip', 'detail': 'no_change'}
2026-05-12 17:17:39,840 [INFO] Waiting 2 minutes for next check...
2026-05-12 17:19:39,840 [INFO] Cycle start: Tehran=2026-05-12 20:49:39.840419+03:30 UTC=2026-05-12 17:19:39.840410+00:00
2026-05-12 17:19:40,253 [INFO] USD from Sulaymaniyah: mid=180400 -> buy=180500 sell=181500
2026-05-12 17:19:40,913 [INFO] Cycle result: {'action': 'skip', 'detail': 'no_change'}
2026-05-12 17:19:40,914 [INFO] Waiting 2 minutes for next check...
2026-05-12 17:21:40,914 [INFO] Cycle start: Tehran=2026-05-12 20:51:40.914439+03:30 UTC=2026-05-12 17:21:40.914431+00:00
2026-05-12 17:21:41,373 [INFO] USD from Sulaymaniyah: mid=180400 -> buy=180500 sell=181500
2026-05-12 17:21:41,937 [INFO] Cycle result: {'action': 'skip', 'detail': 'no_change'}
2026-05-12 17:21:41,937 [INFO] Waiting 2 minutes for next check...
2026-05-12 17:23:41,938 [INFO] Cycle start: Tehran=2026-05-12 20:53:41.938114+03:30 UTC=2026-05-12 17:23:41.938106+00:00
2026-05-12 17:23:42,306 [INFO] USD from Sulaymaniyah: mid=180400 -> buy=180500 sell=181500
2026-05-12 17:23:42,871 [INFO] Cycle result: {'action': 'skip', 'detail': 'no_change'}
2026-05-12 17:23:42,872 [INFO] Waiting 2 minutes for next check...
2026-05-12 17:25:42,872 [INFO] Cycle start: Tehran=2026-05-12 20:55:42.872375+03:30 UTC=2026-05-12 17:25:42.872367+00:00
2026-05-12 17:25:43,226 [INFO] USD from Sulaymaniyah: mid=180400 -> buy=180500 sell=181500
2026-05-12 17:25:43,897 [INFO] Cycle result: {'action': 'skip', 'detail': 'no_change'}
2026-05-12 17:25:43,897 [INFO] Waiting 2 minutes for next check...
2026-05-12 17:27:43,898 [INFO] Cycle start: Tehran=2026-05-12 20:57:43.898044+03:30 UTC=2026-05-12 17:27:43.898035+00:00
2026-05-12 17:27:44,308 [INFO] USD from Sulaymaniyah: mid=180400 -> buy=180500 sell=181500
2026-05-12 17:27:44,859 [INFO] Cycle result: {'action': 'skip', 'detail': 'no_change'}
2026-05-12 17:27:44,859 [INFO] Waiting 2 minutes for next check...
2026-05-12 17:29:44,859 [INFO] Cycle start: Tehran=2026-05-12 20:59:44.859951+03:30 UTC=2026-05-12 17:29:44.859943+00:00
2026-05-12 17:29:45,215 [INFO] USD from Sulaymaniyah: mid=180400 -> buy=180500 sell=181500
2026-05-12 17:29:45,779 [INFO] Cycle result: {'action': 'skip', 'detail': 'no_change'}
2026-05-12 17:29:45,779 [INFO] Waiting 2 minutes for next check...
2026-05-12 17:31:45,780 [INFO] Cycle start: Tehran=2026-05-12 21:01:45.780038+03:30 UTC=2026-05-12 17:31:45.780030+00:00
2026-05-12 17:31:46,209 [INFO] USD from Sulaymaniyah: mid=180400 -> buy=180500 sell=181500
2026-05-12 17:31:46,865 [INFO] Cycle result: {'action': 'skip', 'detail': 'no_change'}
2026-05-12 17:31:46,865 [INFO] Waiting 2 minutes for next check...
2026-05-12 21:51:33,304 [INFO] Starting multi-cycle run (25 mins)
2026-05-12 21:51:33,304 [INFO] Cycle start: Tehran=2026-05-13 01:21:33.304379+03:30 UTC=2026-05-12 21:51:33.304370+00:00
2026-05-12 21:51:33,728 [INFO] USD from Sulaymaniyah: mid=180400 -> buy=180500 sell=181500
2026-05-12 21:51:34,405 [INFO] Cycle result: {'action': 'skip', 'detail': 'no_change'}
2026-05-12 21:51:34,405 [INFO] Waiting 2 minutes for next check...
2026-05-12 21:53:34,405 [INFO] Cycle start: Tehran=2026-05-13 01:23:34.405888+03:30 UTC=2026-05-12 21:53:34.405878+00:00
2026-05-12 21:53:34,754 [INFO] USD from Sulaymaniyah: mid=180400 -> buy=180500 sell=181500
2026-05-12 21:53:35,330 [INFO] Cycle result: {'action': 'skip', 'detail': 'no_change'}
2026-05-12 21:53:35,330 [INFO] Waiting 2 minutes for next check...
2026-05-12 21:55:35,330 [INFO] Cycle start: Tehran=2026-05-13 01:25:35.330937+03:30 UTC=2026-05-12 21:55:35.330923+00:00
2026-05-12 21:55:35,692 [INFO] USD from Sulaymaniyah: mid=180400 -> buy=180500 sell=181500
2026-05-12 21:55:36,250 [INFO] Cycle result: {'action': 'skip', 'detail': 'no_change'}
2026-05-12 21:55:36,251 [INFO] Waiting 2 minutes for next check...
2026-05-12 21:57:36,251 [INFO] Cycle start: Tehran=2026-05-13 01:27:36.251286+03:30 UTC=2026-05-12 21:57:36.251276+00:00
2026-05-12 21:57:36,599 [INFO] USD from Sulaymaniyah: mid=180400 -> buy=180500 sell=181500
2026-05-12 21:57:37,257 [INFO] Cycle result: {'action': 'skip', 'detail': 'no_change'}
2026-05-12 21:57:37,257 [INFO] Waiting 2 minutes for next check...
2026-05-12 21:59:37,257 [INFO] Cycle start: Tehran=2026-05-13 01:29:37.257743+03:30 UTC=2026-05-12 21:59:37.257733+00:00
2026-05-12 21:59:37,631 [INFO] USD from Sulaymaniyah: mid=180400 -> buy=180500 sell=181500
2026-05-12 21:59:38,199 [INFO] Cycle result: {'action': 'skip', 'detail': 'no_change'}
2026-05-12 21:59:38,199 [INFO] Waiting 2 minutes for next check...
2026-05-12 22:01:38,199 [INFO] Cycle start: Tehran=2026-05-13 01:31:38.199779+03:30 UTC=2026-05-12 22:01:38.199769+00:00
2026-05-12 22:01:38,576 [INFO] USD from Sulaymaniyah: mid=180400 -> buy=180500 sell=181500
2026-05-12 22:01:39,129 [INFO] Cycle result: {'action': 'skip', 'detail': 'no_change'}
2026-05-12 22:01:39,129 [INFO] Waiting 2 minutes for next check...
2026-05-12 22:03:39,130 [INFO] Cycle start: Tehran=2026-05-13 01:33:39.130059+03:30 UTC=2026-05-12 22:03:39.130019+00:00
2026-05-12 22:03:39,495 [INFO] USD from Sulaymaniyah: mid=180400 -> buy=180500 sell=181500
2026-05-12 22:03:40,211 [INFO] Cycle result: {'action': 'skip', 'detail': 'no_change'}
2026-05-12 22:03:40,211 [INFO] Waiting 2 minutes for next check...
2026-05-12 22:05:40,212 [INFO] Cycle start: Tehran=2026-05-13 01:35:40.212062+03:30 UTC=2026-05-12 22:05:40.212052+00:00
2026-05-12 22:05:40,603 [INFO] USD from Sulaymaniyah: mid=180400 -> buy=180500 sell=181500
2026-05-12 22:05:41,160 [INFO] Cycle result: {'action': 'skip', 'detail': 'no_change'}
2026-05-12 22:05:41,160 [INFO] Waiting 2 minutes for next check...
2026-05-12 22:07:41,160 [INFO] Cycle start: Tehran=2026-05-13 01:37:41.160562+03:30 UTC=2026-05-12 22:07:41.160553+00:00
2026-05-12 22:07:41,546 [INFO] USD from Sulaymaniyah: mid=180400 -> buy=180500 sell=181500
2026-05-12 22:07:42,095 [INFO] Cycle result: {'action': 'skip', 'detail': 'no_change'}
2026-05-12 22:07:42,095 [INFO] Waiting 2 minutes for next check...
2026-05-12 22:09:42,095 [INFO] Cycle start: Tehran=2026-05-13 01:39:42.095905+03:30 UTC=2026-05-12 22:09:42.095896+00:00
2026-05-12 22:09:42,465 [INFO] USD from Sulaymaniyah: mid=180400 -> buy=180500 sell=181500
2026-05-12 22:09:43,147 [INFO] Cycle result: {'action': 'skip', 'detail': 'no_change'}
2026-05-12 22:09:43,147 [INFO] Waiting 2 minutes for next check...
2026-05-12 22:11:43,147 [INFO] Cycle start: Tehran=2026-05-13 01:41:43.147764+03:30 UTC=2026-05-12 22:11:43.147755+00:00
2026-05-12 22:11:43,565 [INFO] USD from Sulaymaniyah: mid=180400 -> buy=180500 sell=181500
2026-05-12 22:11:44,118 [INFO] Cycle result: {'action': 'skip', 'detail': 'no_change'}
2026-05-12 22:11:44,118 [INFO] Waiting 2 minutes for next check...
2026-05-12 22:13:44,118 [INFO] Cycle start: Tehran=2026-05-13 01:43:44.118755+03:30 UTC=2026-05-12 22:13:44.118746+00:00
2026-05-12 22:13:44,482 [INFO] USD from Sulaymaniyah: mid=180400 -> buy=180500 sell=181500
2026-05-12 22:13:44,999 [INFO] Cycle result: {'action': 'skip', 'detail': 'no_change'}
2026-05-12 22:13:44,999 [INFO] Waiting 2 minutes for next check...
2026-05-12 22:15:44,999 [INFO] Cycle start: Tehran=2026-05-13 01:45:44.999564+03:30 UTC=2026-05-12 22:15:44.999556+00:00
2026-05-12 22:15:45,374 [INFO] USD from Sulaymaniyah: mid=180400 -> buy=180500 sell=181500
2026-05-12 22:15:46,035 [INFO] Cycle result: {'action': 'skip', 'detail': 'no_change'}
2026-05-12 22:15:46,035 [INFO] Waiting 2 minutes for next check...
2026-05-12 22:17:46,035 [INFO] Cycle start: Tehran=2026-05-13 01:47:46.035705+03:30 UTC=2026-05-12 22:17:46.035696+00:00
2026-05-12 22:17:46,384 [INFO] USD from Sulaymaniyah: mid=180400 -> buy=180500 sell=181500
2026-05-12 22:17:46,944 [INFO] Cycle result: {'action': 'skip', 'detail': 'no_change'}
2026-05-12 22:17:46,944 [INFO] Waiting 2 minutes for next check...
2026-05-12 22:19:46,944 [INFO] Cycle start: Tehran=2026-05-13 01:49:46.944659+03:30 UTC=2026-05-12 22:19:46.944650+00:00
2026-05-12 22:19:47,463 [INFO] USD from Sulaymaniyah: mid=180400 -> buy=180500 sell=181500
2026-05-12 22:19:47,970 [INFO] Cycle result: {'action': 'skip', 'detail': 'no_change'}
2026-05-12 22:19:47,971 [INFO] Waiting 2 minutes for next check...
2026-05-12 22:21:47,971 [INFO] Cycle start: Tehran=2026-05-13 01:51:47.971303+03:30 UTC=2026-05-12 22:21:47.971294+00:00
2026-05-12 22:21:48,326 [INFO] USD from Sulaymaniyah: mid=180400 -> buy=180500 sell=181500
2026-05-12 22:21:48,945 [INFO] Cycle result: {'action': 'skip', 'detail': 'no_change'}
2026-05-12 22:21:48,945 [INFO] Waiting 2 minutes for next check...
2026-05-12 22:23:48,946 [INFO] Cycle start: Tehran=2026-05-13 01:53:48.945995+03:30 UTC=2026-05-12 22:23:48.945986+00:00
2026-05-12 22:23:49,357 [INFO] USD from Sulaymaniyah: mid=180400 -> buy=180500 sell=181500
2026-05-12 22:23:49,905 [INFO] Cycle result: {'action': 'skip', 'detail': 'no_change'}
2026-05-12 22:23:49,905 [INFO] Waiting 2 minutes for next check...
2026-05-12 22:25:49,905 [INFO] Cycle start: Tehran=2026-05-13 01:55:49.905868+03:30 UTC=2026-05-12 22:25:49.905858+00:00
2026-05-12 22:25:50,256 [INFO] USD from Sulaymaniyah: mid=180400 -> buy=180500 sell=181500
2026-05-12 22:25:50,828 [INFO] Cycle result: {'action': 'skip', 'detail': 'no_change'}
2026-05-12 22:25:50,828 [INFO] Waiting 2 minutes for next check...
2026-05-12 22:27:50,828 [INFO] Cycle start: Tehran=2026-05-13 01:57:50.828463+03:30 UTC=2026-05-12 22:27:50.828454+00:00
2026-05-12 22:27:51,276 [INFO] USD from Sulaymaniyah: mid=180400 -> buy=180500 sell=181500
2026-05-12 22:27:51,867 [INFO] Cycle result: {'action': 'skip', 'detail': 'no_change'}
2026-05-12 22:27:51,868 [INFO] Waiting 2 minutes for next check...
2026-05-12 22:29:51,868 [INFO] Cycle start: Tehran=2026-05-13 01:59:51.868319+03:30 UTC=2026-05-12 22:29:51.868310+00:00
2026-05-12 22:29:52,236 [INFO] USD from Sulaymaniyah: mid=180400 -> buy=180500 sell=181500
2026-05-12 22:29:52,847 [INFO] Cycle result: {'action': 'skip', 'detail': 'no_change'}
2026-05-12 22:29:52,847 [INFO] Waiting 2 minutes for next check...
2026-05-12 22:31:52,847 [INFO] Cycle start: Tehran=2026-05-13 02:01:52.847814+03:30 UTC=2026-05-12 22:31:52.847805+00:00
2026-05-12 22:31:53,220 [INFO] USD from Sulaymaniyah: mid=180400 -> buy=180500 sell=181500
2026-05-12 22:31:53,742 [INFO] Cycle result: {'action': 'skip', 'detail': 'no_change'}
2026-05-12 22:31:53,742 [INFO] Waiting 2 minutes for next check...
2026-05-12 22:33:53,742 [INFO] Cycle start: Tehran=2026-05-13 02:03:53.742846+03:30 UTC=2026-05-12 22:33:53.742836+00:00
2026-05-12 22:33:54,110 [INFO] USD from Sulaymaniyah: mid=180400 -> buy=180500 sell=181500
2026-05-12 22:33:54,676 [INFO] Cycle result: {'action': 'skip', 'detail': 'no_change'}
2026-05-12 22:33:54,676 [INFO] Waiting 2 minutes for next check...
2026-05-12 22:35:54,677 [INFO] Cycle start: Tehran=2026-05-13 02:05:54.677143+03:30 UTC=2026-05-12 22:35:54.677134+00:00
2026-05-12 22:35:55,075 [INFO] USD from Sulaymaniyah: mid=180400 -> buy=180500 sell=181500
2026-05-12 22:35:55,625 [INFO] Cycle result: {'action': 'skip', 'detail': 'no_change'}
2026-05-12 22:35:55,626 [INFO] Waiting 2 minutes for next check...
2026-05-12 22:37:55,626 [INFO] Cycle start: Tehran=2026-05-13 02:07:55.626259+03:30 UTC=2026-05-12 22:37:55.626250+00:00
2026-05-12 22:37:55,972 [INFO] USD from Sulaymaniyah: mid=180400 -> buy=180500 sell=181500
2026-05-12 22:37:56,534 [INFO] Cycle result: {'action': 'skip', 'detail': 'no_change'}
2026-05-12 22:37:56,534 [INFO] Waiting 2 minutes for next check...
2026-05-12 22:39:56,534 [INFO] Cycle start: Tehran=2026-05-13 02:09:56.534815+03:30 UTC=2026-05-12 22:39:56.534806+00:00
2026-05-12 22:39:56,938 [INFO] USD from Sulaymaniyah: mid=180400 -> buy=180500 sell=181500
2026-05-12 22:39:57,573 [INFO] Cycle result: {'action': 'skip', 'detail': 'no_change'}
2026-05-12 22:39:57,573 [INFO] Waiting 2 minutes for next check...
2026-05-12 22:41:57,573 [INFO] Cycle start: Tehran=2026-05-13 02:11:57.573523+03:30 UTC=2026-05-12 22:41:57.573514+00:00
2026-05-12 22:41:57,936 [INFO] USD from Sulaymaniyah: mid=180400 -> buy=180500 sell=181500
2026-05-12 22:41:58,477 [INFO] Cycle result: {'action': 'skip', 'detail': 'no_change'}
2026-05-12 22:41:58,477 [INFO] Waiting 2 minutes for next check...
2026-05-12 22:43:58,478 [INFO] Cycle start: Tehran=2026-05-13 02:13:58.478127+03:30 UTC=2026-05-12 22:43:58.478119+00:00
2026-05-12 22:43:58,832 [INFO] USD from Sulaymaniyah: mid=180400 -> buy=180500 sell=181500
2026-05-12 22:43:59,361 [INFO] Cycle result: {'action': 'skip', 'detail': 'no_change'}
2026-05-12 22:43:59,361 [INFO] Waiting 2 minutes for next check...
2026-05-12 22:45:59,361 [INFO] Cycle start: Tehran=2026-05-13 02:15:59.361608+03:30 UTC=2026-05-12 22:45:59.361599+00:00
2026-05-12 22:45:59,710 [INFO] USD from Sulaymaniyah: mid=180400 -> buy=180500 sell=181500
2026-05-12 22:46:00,445 [INFO] Cycle result: {'action': 'skip', 'detail': 'no_change'}
2026-05-12 22:46:00,446 [INFO] Waiting 2 minutes for next check...
2026-05-13 13:38:25,353 [INFO] Starting multi-cycle run (25 mins)
2026-05-13 13:38:25,353 [INFO] Cycle start: Tehran=2026-05-13 17:08:25.353732+03:30 UTC=2026-05-13 13:38:25.353724+00:00
2026-05-13 13:38:25,958 [INFO] USD from Sulaymaniyah: mid=179700 -> buy=179800 sell=180800
2026-05-13 13:38:26,785 [INFO] Attempting to send message to @barxexchange
2026-05-13 13:38:27,438 [INFO] TG send success!
2026-05-13 13:38:27,438 [INFO] Cycle result: {'action': 'posted', 'detail': 'change'}
2026-05-13 13:38:27,439 [INFO] Waiting 2 minutes for next check...
2026-05-13 13:40:27,439 [INFO] Cycle start: Tehran=2026-05-13 17:10:27.439242+03:30 UTC=2026-05-13 13:40:27.439234+00:00
2026-05-13 13:40:28,009 [INFO] USD from Sulaymaniyah: mid=179700 -> buy=179800 sell=180800
2026-05-13 13:40:28,831 [INFO] Cycle result: {'action': 'skip', 'detail': 'no_change'}
2026-05-13 13:40:28,831 [INFO] Waiting 2 minutes for next check...
2026-05-13 13:42:28,831 [INFO] Cycle start: Tehran=2026-05-13 17:12:28.831943+03:30 UTC=2026-05-13 13:42:28.831931+00:00
2026-05-13 13:42:29,403 [INFO] USD from Sulaymaniyah: mid=179700 -> buy=179800 sell=180800
2026-05-13 13:42:30,221 [INFO] Cycle result: {'action': 'skip', 'detail': 'no_change'}
2026-05-13 13:42:30,222 [INFO] Waiting 2 minutes for next check...
2026-05-13 13:44:30,222 [INFO] Cycle start: Tehran=2026-05-13 17:14:30.222547+03:30 UTC=2026-05-13 13:44:30.222540+00:00
2026-05-13 13:44:30,777 [INFO] USD from Sulaymaniyah: mid=179700 -> buy=179800 sell=180800
2026-05-13 13:44:31,626 [INFO] Cycle result: {'action': 'skip', 'detail': 'no_change'}
2026-05-13 13:44:31,627 [INFO] Waiting 2 minutes for next check...
2026-05-13 13:46:31,627 [INFO] Cycle start: Tehran=2026-05-13 17:16:31.627353+03:30 UTC=2026-05-13 13:46:31.627344+00:00
2026-05-13 13:46:32,240 [INFO] USD from Sulaymaniyah: mid=179700 -> buy=179800 sell=180800
2026-05-13 13:46:32,992 [INFO] Cycle result: {'action': 'skip', 'detail': 'no_change'}
2026-05-13 13:46:32,992 [INFO] Waiting 2 minutes for next check...
2026-05-13 13:48:32,993 [INFO] Cycle start: Tehran=2026-05-13 17:18:32.993022+03:30 UTC=2026-05-13 13:48:32.993013+00:00
2026-05-13 13:48:33,549 [INFO] USD from Sulaymaniyah: mid=179700 -> buy=179800 sell=180800
2026-05-13 13:48:34,315 [INFO] Cycle result: {'action': 'skip', 'detail': 'no_change'}
2026-05-13 13:48:34,315 [INFO] Waiting 2 minutes for next check...
2026-05-13 13:50:34,315 [INFO] Cycle start: Tehran=2026-05-13 17:20:34.315872+03:30 UTC=2026-05-13 13:50:34.315864+00:00
2026-05-13 13:50:34,898 [INFO] USD from Sulaymaniyah: mid=179800 -> buy=179900 sell=180900
2026-05-13 13:50:35,723 [INFO] Attempting to send message to @barxexchange
2026-05-13 13:50:36,384 [INFO] TG send success!
2026-05-13 13:50:36,384 [INFO] Cycle result: {'action': 'posted', 'detail': 'change'}
2026-05-13 13:50:36,384 [INFO] Waiting 2 minutes for next check...
2026-05-13 13:52:36,385 [INFO] Cycle start: Tehran=2026-05-13 17:22:36.384996+03:30 UTC=2026-05-13 13:52:36.384988+00:00
2026-05-13 13:52:36,967 [INFO] USD from Sulaymaniyah: mid=179800 -> buy=179900 sell=180900
2026-05-13 13:52:37,747 [INFO] Cycle result: {'action': 'skip', 'detail': 'no_change'}
2026-05-13 13:52:37,747 [INFO] Waiting 2 minutes for next check...
2026-05-13 13:54:37,748 [INFO] Cycle start: Tehran=2026-05-13 17:24:37.748091+03:30 UTC=2026-05-13 13:54:37.748083+00:00
2026-05-13 13:54:38,317 [INFO] USD from Sulaymaniyah: mid=179800 -> buy=179900 sell=180900
2026-05-13 13:54:39,094 [INFO] Cycle result: {'action': 'skip', 'detail': 'no_change'}
2026-05-13 13:54:39,094 [INFO] Waiting 2 minutes for next check...
2026-05-13 13:56:39,095 [INFO] Cycle start: Tehran=2026-05-13 17:26:39.095109+03:30 UTC=2026-05-13 13:56:39.095102+00:00
2026-05-13 13:56:39,738 [INFO] USD from Sulaymaniyah: mid=179800 -> buy=179900 sell=180900
2026-05-13 13:56:40,549 [INFO] Cycle result: {'action': 'skip', 'detail': 'no_change'}
2026-05-13 13:56:40,549 [INFO] Waiting 2 minutes for next check...
2026-05-13 13:58:40,549 [INFO] Cycle start: Tehran=2026-05-13 17:28:40.549825+03:30 UTC=2026-05-13 13:58:40.549818+00:00
2026-05-13 13:58:41,114 [INFO] USD from Sulaymaniyah: mid=179800 -> buy=179900 sell=180900
2026-05-13 13:58:41,841 [INFO] Cycle result: {'action': 'skip', 'detail': 'no_change'}
2026-05-13 13:58:41,842 [INFO] Waiting 2 minutes for next check...
2026-05-13 14:00:41,842 [INFO] Cycle start: Tehran=2026-05-13 17:30:41.842418+03:30 UTC=2026-05-13 14:00:41.842411+00:00
2026-05-13 14:00:42,421 [INFO] USD from Sulaymaniyah: mid=179800 -> buy=179900 sell=180900
2026-05-13 14:00:43,155 [INFO] Cycle result: {'action': 'skip', 'detail': 'no_change'}
2026-05-13 14:00:43,155 [INFO] Waiting 2 minutes for next check...
2026-05-13 14:02:43,155 [INFO] Cycle start: Tehran=2026-05-13 17:32:43.155874+03:30 UTC=2026-05-13 14:02:43.155867+00:00
2026-05-13 14:02:43,778 [INFO] USD from Sulaymaniyah: mid=179800 -> buy=179900 sell=180900
2026-05-13 14:02:44,597 [INFO] Cycle result: {'action': 'skip', 'detail': 'no_change'}
2026-05-13 14:02:44,597 [INFO] Waiting 2 minutes for next check...
2026-05-13 14:04:44,597 [INFO] Cycle start: Tehran=2026-05-13 17:34:44.597715+03:30 UTC=2026-05-13 14:04:44.597707+00:00
2026-05-13 14:04:45,155 [INFO] USD from Sulaymaniyah: mid=179800 -> buy=179900 sell=180900
2026-05-13 14:04:45,878 [INFO] Cycle result: {'action': 'skip', 'detail': 'no_change'}
2026-05-13 14:04:45,878 [INFO] Waiting 2 minutes for next check...
2026-05-13 14:06:45,878 [INFO] Cycle start: Tehran=2026-05-13 17:36:45.878543+03:30 UTC=2026-05-13 14:06:45.878536+00:00
2026-05-13 14:06:46,503 [INFO] USD from Sulaymaniyah: mid=179800 -> buy=179900 sell=180900
2026-05-13 14:06:47,245 [INFO] Cycle result: {'action': 'skip', 'detail': 'no_change'}
2026-05-13 14:06:47,245 [INFO] Waiting 2 minutes for next check...
2026-05-13 14:08:47,245 [INFO] Cycle start: Tehran=2026-05-13 17:38:47.245633+03:30 UTC=2026-05-13 14:08:47.245626+00:00
2026-05-13 14:08:47,868 [INFO] USD from Sulaymaniyah: mid=179800 -> buy=179900 sell=180900
2026-05-13 14:08:48,694 [INFO] Cycle result: {'action': 'skip', 'detail': 'no_change'}
2026-05-13 14:08:48,694 [INFO] Waiting 2 minutes for next check...
2026-05-13 14:10:48,695 [INFO] Cycle start: Tehran=2026-05-13 17:40:48.695141+03:30 UTC=2026-05-13 14:10:48.695133+00:00
2026-05-13 14:10:49,261 [INFO] USD from Sulaymaniyah: mid=179800 -> buy=179900 sell=180900
2026-05-13 14:10:50,011 [INFO] Cycle result: {'action': 'skip', 'detail': 'no_change'}
2026-05-13 14:10:50,012 [INFO] Waiting 2 minutes for next check...
2026-05-13 14:12:50,012 [INFO] Cycle start: Tehran=2026-05-13 17:42:50.012338+03:30 UTC=2026-05-13 14:12:50.012330+00:00
2026-05-13 14:12:50,568 [INFO] USD from Sulaymaniyah: mid=179800 -> buy=179900 sell=180900
2026-05-13 14:12:51,329 [INFO] Cycle result: {'action': 'skip', 'detail': 'no_change'}
2026-05-13 14:12:51,329 [INFO] Waiting 2 minutes for next check...
2026-05-13 14:14:51,329 [INFO] Cycle start: Tehran=2026-05-13 17:44:51.329857+03:30 UTC=2026-05-13 14:14:51.329848+00:00
2026-05-13 14:14:51,887 [INFO] USD from Sulaymaniyah: mid=179800 -> buy=179900 sell=180900
2026-05-13 14:14:52,668 [INFO] Cycle result: {'action': 'skip', 'detail': 'no_change'}
2026-05-13 14:14:52,668 [INFO] Waiting 2 minutes for next check...
2026-05-13 14:16:52,668 [INFO] Cycle start: Tehran=2026-05-13 17:46:52.668572+03:30 UTC=2026-05-13 14:16:52.668565+00:00
2026-05-13 14:16:53,278 [INFO] USD from Sulaymaniyah: mid=179800 -> buy=179900 sell=180900
2026-05-13 14:16:54,050 [INFO] Cycle result: {'action': 'skip', 'detail': 'no_change'}
2026-05-13 14:16:54,050 [INFO] Waiting 2 minutes for next check...
2026-05-13 14:18:54,051 [INFO] Cycle start: Tehran=2026-05-13 17:48:54.051091+03:30 UTC=2026-05-13 14:18:54.051084+00:00
2026-05-13 14:18:54,607 [INFO] USD from Sulaymaniyah: mid=179700 -> buy=179800 sell=180800
2026-05-13 14:18:55,368 [INFO] Attempting to send message to @barxexchange
2026-05-13 14:18:55,993 [INFO] TG send success!
2026-05-13 14:18:55,993 [INFO] Cycle result: {'action': 'posted', 'detail': 'change'}
2026-05-13 14:18:55,993 [INFO] Waiting 2 minutes for next check...
2026-05-13 14:20:55,994 [INFO] Cycle start: Tehran=2026-05-13 17:50:55.994068+03:30 UTC=2026-05-13 14:20:55.994060+00:00
2026-05-13 14:20:56,581 [INFO] USD from Sulaymaniyah: mid=179700 -> buy=179800 sell=180800
2026-05-13 14:20:57,386 [INFO] Cycle result: {'action': 'skip', 'detail': 'no_change'}
2026-05-13 14:20:57,386 [INFO] Waiting 2 minutes for next check...
2026-05-13 14:22:57,386 [INFO] Cycle start: Tehran=2026-05-13 17:52:57.386515+03:30 UTC=2026-05-13 14:22:57.386508+00:00
2026-05-13 14:22:57,948 [INFO] USD from Sulaymaniyah: mid=179900 -> buy=180000 sell=181000
2026-05-13 14:22:58,743 [INFO] Attempting to send message to @barxexchange
2026-05-13 14:22:59,411 [INFO] TG send success!
2026-05-13 14:22:59,412 [INFO] Cycle result: {'action': 'posted', 'detail': 'change'}
2026-05-13 14:22:59,412 [INFO] Waiting 2 minutes for next check...
2026-05-13 14:24:59,412 [INFO] Cycle start: Tehran=2026-05-13 17:54:59.412608+03:30 UTC=2026-05-13 14:24:59.412600+00:00
2026-05-13 14:25:00,033 [INFO] USD from Sulaymaniyah: mid=179800 -> buy=179900 sell=180900
2026-05-13 14:25:00,803 [INFO] Attempting to send message to @barxexchange
2026-05-13 14:25:01,444 [INFO] TG send success!
2026-05-13 14:25:01,445 [INFO] Cycle result: {'action': 'posted', 'detail': 'change'}
2026-05-13 14:25:01,445 [INFO] Waiting 2 minutes for next check...
2026-05-13 14:27:01,445 [INFO] Cycle start: Tehran=2026-05-13 17:57:01.445627+03:30 UTC=2026-05-13 14:27:01.445620+00:00
2026-05-13 14:27:02,066 [INFO] USD from Sulaymaniyah: mid=179800 -> buy=179900 sell=180900
2026-05-13 14:27:02,873 [INFO] Cycle result: {'action': 'skip', 'detail': 'no_change'}
2026-05-13 14:27:02,873 [INFO] Waiting 2 minutes for next check...
2026-05-13 14:29:02,873 [INFO] Cycle start: Tehran=2026-05-13 17:59:02.873589+03:30 UTC=2026-05-13 14:29:02.873582+00:00
2026-05-13 14:29:03,458 [INFO] USD from Sulaymaniyah: mid=179800 -> buy=179900 sell=180900
2026-05-13 14:29:04,214 [INFO] Cycle result: {'action': 'skip', 'detail': 'no_change'}
2026-05-13 14:29:04,214 [INFO] Waiting 2 minutes for next check...
2026-05-13 14:31:04,215 [INFO] Cycle start: Tehran=2026-05-13 18:01:04.215082+03:30 UTC=2026-05-13 14:31:04.215075+00:00
2026-05-13 14:31:04,770 [INFO] USD from Sulaymaniyah: mid=179800 -> buy=179900 sell=180900
2026-05-13 14:31:05,549 [INFO] Cycle result: {'action': 'skip', 'detail': 'no_change'}
2026-05-13 14:31:05,549 [INFO] Waiting 2 minutes for next check...
2026-05-13 14:33:05,549 [INFO] Cycle start: Tehran=2026-05-13 18:03:05.549901+03:30 UTC=2026-05-13 14:33:05.549894+00:00
2026-05-13 14:33:06,179 [INFO] USD from Sulaymaniyah: mid=179800 -> buy=179900 sell=180900
2026-05-13 14:33:06,979 [INFO] Cycle result: {'action': 'skip', 'detail': 'no_change'}
2026-05-13 14:33:06,979 [INFO] Waiting 2 minutes for next check...
2026-05-13 20:22:00,280 [INFO] Starting multi-cycle run (25 mins)
2026-05-13 20:22:00,280 [INFO] Cycle start: Tehran=2026-05-13 23:52:00.280220+03:30 UTC=2026-05-13 20:22:00.280212+00:00
2026-05-13 20:22:00,673 [INFO] USD from Sulaymaniyah: mid=179700 -> buy=179800 sell=180800
2026-05-13 20:22:01,317 [INFO] Attempting to send message to @barxexchange
2026-05-13 20:22:01,745 [INFO] TG send success!
2026-05-13 20:22:01,745 [INFO] Cycle result: {'action': 'posted', 'detail': 'change'}
2026-05-13 20:22:01,745 [INFO] Waiting 2 minutes for next check...
2026-05-13 20:24:01,746 [INFO] Cycle start: Tehran=2026-05-13 23:54:01.746034+03:30 UTC=2026-05-13 20:24:01.746026+00:00
2026-05-13 20:24:02,151 [INFO] USD from Sulaymaniyah: mid=179700 -> buy=179800 sell=180800
2026-05-13 20:24:02,740 [INFO] Cycle result: {'action': 'skip', 'detail': 'no_change'}
2026-05-13 20:24:02,740 [INFO] Waiting 2 minutes for next check...
2026-05-13 20:26:02,740 [INFO] Cycle start: Tehran=2026-05-13 23:56:02.740733+03:30 UTC=2026-05-13 20:26:02.740722+00:00
2026-05-13 20:26:03,146 [INFO] USD from Sulaymaniyah: mid=179700 -> buy=179800 sell=180800
2026-05-13 20:26:03,686 [INFO] Cycle result: {'action': 'skip', 'detail': 'no_change'}
2026-05-13 20:26:03,686 [INFO] Waiting 2 minutes for next check...
2026-05-13 20:28:03,686 [INFO] Cycle start: Tehran=2026-05-13 23:58:03.686917+03:30 UTC=2026-05-13 20:28:03.686908+00:00
2026-05-13 20:28:04,070 [INFO] USD from Sulaymaniyah: mid=179700 -> buy=179800 sell=180800
2026-05-13 20:28:04,702 [INFO] Cycle result: {'action': 'skip', 'detail': 'no_change'}
2026-05-13 20:28:04,703 [INFO] Waiting 2 minutes for next check...
2026-05-13 20:30:04,703 [INFO] Cycle start: Tehran=2026-05-14 00:00:04.703418+03:30 UTC=2026-05-13 20:30:04.703410+00:00
2026-05-13 20:30:05,090 [INFO] USD from Sulaymaniyah: mid=179700 -> buy=179800 sell=180800
2026-05-13 20:30:05,709 [INFO] Cycle result: {'action': 'skip', 'detail': 'no_change'}
2026-05-13 20:30:05,709 [INFO] Waiting 2 minutes for next check...
2026-05-13 20:32:05,709 [INFO] Cycle start: Tehran=2026-05-14 00:02:05.709944+03:30 UTC=2026-05-13 20:32:05.709936+00:00
2026-05-13 20:32:06,100 [INFO] USD from Sulaymaniyah: mid=179700 -> buy=179800 sell=180800
2026-05-13 20:32:06,644 [INFO] Cycle result: {'action': 'skip', 'detail': 'no_change'}
2026-05-13 20:32:06,644 [INFO] Waiting 2 minutes for next check...
2026-05-13 20:34:06,644 [INFO] Cycle start: Tehran=2026-05-14 00:04:06.644548+03:30 UTC=2026-05-13 20:34:06.644540+00:00
2026-05-13 20:34:07,037 [INFO] USD from Sulaymaniyah: mid=179700 -> buy=179800 sell=180800
2026-05-13 20:34:07,679 [INFO] Cycle result: {'action': 'skip', 'detail': 'no_change'}
2026-05-13 20:34:07,679 [INFO] Waiting 2 minutes for next check...
2026-05-13 20:36:07,680 [INFO] Cycle start: Tehran=2026-05-14 00:06:07.679999+03:30 UTC=2026-05-13 20:36:07.679991+00:00
2026-05-13 20:36:08,123 [INFO] USD from Sulaymaniyah: mid=179700 -> buy=179800 sell=180800
2026-05-13 20:36:08,682 [INFO] Cycle result: {'action': 'skip', 'detail': 'no_change'}
2026-05-13 20:36:08,682 [INFO] Waiting 2 minutes for next check...
2026-05-13 20:38:08,682 [INFO] Cycle start: Tehran=2026-05-14 00:08:08.682706+03:30 UTC=2026-05-13 20:38:08.682698+00:00
2026-05-13 20:38:09,070 [INFO] USD from Sulaymaniyah: mid=179700 -> buy=179800 sell=180800
2026-05-13 20:38:09,629 [INFO] Cycle result: {'action': 'skip', 'detail': 'no_change'}
2026-05-13 20:38:09,629 [INFO] Waiting 2 minutes for next check...
2026-05-13 20:40:09,629 [INFO] Cycle start: Tehran=2026-05-14 00:10:09.629959+03:30 UTC=2026-05-13 20:40:09.629951+00:00
2026-05-13 20:40:10,027 [INFO] USD from Sulaymaniyah: mid=179700 -> buy=179800 sell=180800
2026-05-13 20:40:10,622 [INFO] Cycle result: {'action': 'skip', 'detail': 'no_change'}
2026-05-13 20:40:10,622 [INFO] Waiting 2 minutes for next check...
2026-05-13 20:42:10,623 [INFO] Cycle start: Tehran=2026-05-14 00:12:10.623153+03:30 UTC=2026-05-13 20:42:10.623146+00:00
2026-05-13 20:42:11,010 [INFO] USD from Sulaymaniyah: mid=179700 -> buy=179800 sell=180800
2026-05-13 20:42:11,551 [INFO] Cycle result: {'action': 'skip', 'detail': 'no_change'}
2026-05-13 20:42:11,552 [INFO] Waiting 2 minutes for next check...
2026-05-13 20:44:11,552 [INFO] Cycle start: Tehran=2026-05-14 00:14:11.552269+03:30 UTC=2026-05-13 20:44:11.552262+00:00
2026-05-13 20:44:11,944 [INFO] USD from Sulaymaniyah: mid=179700 -> buy=179800 sell=180800
2026-05-13 20:44:12,537 [INFO] Cycle result: {'action': 'skip', 'detail': 'no_change'}
2026-05-13 20:44:12,537 [INFO] Waiting 2 minutes for next check...
2026-05-13 20:46:12,538 [INFO] Cycle start: Tehran=2026-05-14 00:16:12.538055+03:30 UTC=2026-05-13 20:46:12.538048+00:00
2026-05-13 20:46:12,927 [INFO] USD from Sulaymaniyah: mid=179700 -> buy=179800 sell=180800
2026-05-13 20:46:13,521 [INFO] Cycle result: {'action': 'skip', 'detail': 'no_change'}
2026-05-13 20:46:13,521 [INFO] Waiting 2 minutes for next check...
2026-05-13 20:48:13,521 [INFO] Cycle start: Tehran=2026-05-14 00:18:13.521941+03:30 UTC=2026-05-13 20:48:13.521934+00:00
2026-05-13 20:48:13,916 [INFO] USD from Sulaymaniyah: mid=179700 -> buy=179800 sell=180800
2026-05-13 20:48:14,463 [INFO] Cycle result: {'action': 'skip', 'detail': 'no_change'}
2026-05-13 20:48:14,463 [INFO] Waiting 2 minutes for next check...
2026-05-13 20:50:14,463 [INFO] Cycle start: Tehran=2026-05-14 00:20:14.463632+03:30 UTC=2026-05-13 20:50:14.463625+00:00
2026-05-13 20:50:14,846 [INFO] USD from Sulaymaniyah: mid=179700 -> buy=179800 sell=180800
2026-05-13 20:50:15,383 [INFO] Cycle result: {'action': 'skip', 'detail': 'no_change'}
2026-05-13 20:50:15,383 [INFO] Waiting 2 minutes for next check...
2026-05-13 20:52:15,383 [INFO] Cycle start: Tehran=2026-05-14 00:22:15.383504+03:30 UTC=2026-05-13 20:52:15.383496+00:00
2026-05-13 20:52:15,822 [INFO] USD from Sulaymaniyah: mid=179700 -> buy=179800 sell=180800
2026-05-13 20:52:16,535 [INFO] Cycle result: {'action': 'skip', 'detail': 'no_change'}
2026-05-13 20:52:16,535 [INFO] Waiting 2 minutes for next check...
2026-05-13 20:54:16,536 [INFO] Cycle start: Tehran=2026-05-14 00:24:16.536087+03:30 UTC=2026-05-13 20:54:16.536079+00:00
2026-05-13 20:54:16,923 [INFO] USD from Sulaymaniyah: mid=179700 -> buy=179800 sell=180800
2026-05-13 20:54:17,445 [INFO] Cycle result: {'action': 'skip', 'detail': 'no_change'}
2026-05-13 20:54:17,445 [INFO] Waiting 2 minutes for next check...
2026-05-13 20:56:17,445 [INFO] Cycle start: Tehran=2026-05-14 00:26:17.445761+03:30 UTC=2026-05-13 20:56:17.445754+00:00
2026-05-13 20:56:17,819 [INFO] USD from Sulaymaniyah: mid=179700 -> buy=179800 sell=180800
2026-05-13 20:56:18,419 [INFO] Cycle result: {'action': 'skip', 'detail': 'no_change'}
2026-05-13 20:56:18,419 [INFO] Waiting 2 minutes for next check...
2026-05-13 20:58:18,419 [INFO] Cycle start: Tehran=2026-05-14 00:28:18.419685+03:30 UTC=2026-05-13 20:58:18.419678+00:00
2026-05-13 20:58:18,849 [INFO] USD from Sulaymaniyah: mid=179700 -> buy=179800 sell=180800
2026-05-13 20:58:19,545 [INFO] Cycle result: {'action': 'skip', 'detail': 'no_change'}
2026-05-13 20:58:19,545 [INFO] Waiting 2 minutes for next check...
2026-05-13 21:00:19,545 [INFO] Cycle start: Tehran=2026-05-14 00:30:19.545569+03:30 UTC=2026-05-13 21:00:19.545559+00:00
2026-05-13 21:00:19,927 [INFO] USD from Sulaymaniyah: mid=179700 -> buy=179800 sell=180800
2026-05-13 21:00:20,497 [INFO] Cycle result: {'action': 'skip', 'detail': 'no_change'}
2026-05-13 21:00:20,497 [INFO] Waiting 2 minutes for next check...
2026-05-13 21:02:20,497 [INFO] Cycle start: Tehran=2026-05-14 00:32:20.497597+03:30 UTC=2026-05-13 21:02:20.497589+00:00
2026-05-13 21:02:20,881 [INFO] USD from Sulaymaniyah: mid=179700 -> buy=179800 sell=180800
2026-05-13 21:02:21,419 [INFO] Cycle result: {'action': 'skip', 'detail': 'no_change'}
2026-05-13 21:02:21,419 [INFO] Waiting 2 minutes for next check...
2026-05-13 21:04:21,420 [INFO] Cycle start: Tehran=2026-05-14 00:34:21.419977+03:30 UTC=2026-05-13 21:04:21.419968+00:00
2026-05-13 21:04:21,805 [INFO] USD from Sulaymaniyah: mid=179700 -> buy=179800 sell=180800
2026-05-13 21:04:22,417 [INFO] Cycle result: {'action': 'skip', 'detail': 'no_change'}
2026-05-13 21:04:22,417 [INFO] Waiting 2 minutes for next check...
2026-05-13 21:06:22,417 [INFO] Cycle start: Tehran=2026-05-14 00:36:22.417595+03:30 UTC=2026-05-13 21:06:22.417587+00:00
2026-05-13 21:06:22,828 [INFO] USD from Sulaymaniyah: mid=179700 -> buy=179800 sell=180800
2026-05-13 21:06:23,378 [INFO] Cycle result: {'action': 'skip', 'detail': 'no_change'}
2026-05-13 21:06:23,378 [INFO] Waiting 2 minutes for next check...
2026-05-13 21:08:23,379 [INFO] Cycle start: Tehran=2026-05-14 00:38:23.379157+03:30 UTC=2026-05-13 21:08:23.379150+00:00
2026-05-13 21:08:23,813 [INFO] USD from Sulaymaniyah: mid=179700 -> buy=179800 sell=180800
2026-05-13 21:08:24,362 [INFO] Cycle result: {'action': 'skip', 'detail': 'no_change'}
2026-05-13 21:08:24,362 [INFO] Waiting 2 minutes for next check...
2026-05-13 21:10:24,362 [INFO] Cycle start: Tehran=2026-05-14 00:40:24.362865+03:30 UTC=2026-05-13 21:10:24.362856+00:00
2026-05-13 21:10:24,764 [INFO] USD from Sulaymaniyah: mid=179700 -> buy=179800 sell=180800
2026-05-13 21:10:25,324 [INFO] Cycle result: {'action': 'skip', 'detail': 'no_change'}
2026-05-13 21:10:25,325 [INFO] Waiting 2 minutes for next check...
2026-05-13 21:12:25,325 [INFO] Cycle start: Tehran=2026-05-14 00:42:25.325311+03:30 UTC=2026-05-13 21:12:25.325303+00:00
2026-05-13 21:12:25,715 [INFO] USD from Sulaymaniyah: mid=179700 -> buy=179800 sell=180800
2026-05-13 21:12:26,245 [INFO] Cycle result: {'action': 'skip', 'detail': 'no_change'}
2026-05-13 21:12:26,246 [INFO] Waiting 2 minutes for next check...
2026-05-13 21:14:26,246 [INFO] Cycle start: Tehran=2026-05-14 00:44:26.246302+03:30 UTC=2026-05-13 21:14:26.246294+00:00
2026-05-13 21:14:26,690 [INFO] USD from Sulaymaniyah: mid=179700 -> buy=179800 sell=180800
2026-05-13 21:14:27,250 [INFO] Cycle result: {'action': 'skip', 'detail': 'no_change'}
2026-05-13 21:14:27,250 [INFO] Waiting 2 minutes for next check...
2026-05-13 21:16:27,250 [INFO] Cycle start: Tehran=2026-05-14 00:46:27.250857+03:30 UTC=2026-05-13 21:16:27.250848+00:00
2026-05-13 21:16:27,645 [INFO] USD from Sulaymaniyah: mid=179700 -> buy=179800 sell=180800
2026-05-13 21:16:28,291 [INFO] Cycle result: {'action': 'skip', 'detail': 'no_change'}
2026-05-13 21:16:28,292 [INFO] Waiting 2 minutes for next check...
2026-05-13 23:43:54,760 [INFO] Starting multi-cycle run (25 mins)
2026-05-13 23:43:54,760 [INFO] Cycle start: Tehran=2026-05-14 03:13:54.760703+03:30 UTC=2026-05-13 23:43:54.760695+00:00
2026-05-13 23:43:55,277 [INFO] USD from Sulaymaniyah: mid=179700 -> buy=179800 sell=180800
2026-05-13 23:43:56,342 [INFO] Cycle result: {'action': 'skip', 'detail': 'no_change'}
2026-05-13 23:43:56,343 [INFO] Waiting 2 minutes for next check...
2026-05-13 23:45:56,343 [INFO] Cycle start: Tehran=2026-05-14 03:15:56.343331+03:30 UTC=2026-05-13 23:45:56.343321+00:00
2026-05-13 23:45:56,851 [INFO] USD from Sulaymaniyah: mid=179700 -> buy=179800 sell=180800
2026-05-13 23:45:57,615 [INFO] Cycle result: {'action': 'skip', 'detail': 'no_change'}
2026-05-13 23:45:57,615 [INFO] Waiting 2 minutes for next check...
2026-05-13 23:47:57,615 [INFO] Cycle start: Tehran=2026-05-14 03:17:57.615879+03:30 UTC=2026-05-13 23:47:57.615867+00:00
2026-05-13 23:47:58,163 [INFO] USD from Sulaymaniyah: mid=179700 -> buy=179800 sell=180800
2026-05-13 23:47:58,932 [INFO] Cycle result: {'action': 'skip', 'detail': 'no_change'}
2026-05-13 23:47:58,932 [INFO] Waiting 2 minutes for next check...
2026-05-13 23:49:58,932 [INFO] Cycle start: Tehran=2026-05-14 03:19:58.932710+03:30 UTC=2026-05-13 23:49:58.932702+00:00
2026-05-13 23:49:59,447 [INFO] USD from Sulaymaniyah: mid=179700 -> buy=179800 sell=180800
2026-05-13 23:50:00,341 [INFO] Cycle result: {'action': 'skip', 'detail': 'no_change'}
2026-05-13 23:50:00,341 [INFO] Waiting 2 minutes for next check...
2026-05-13 23:52:00,341 [INFO] Cycle start: Tehran=2026-05-14 03:22:00.341916+03:30 UTC=2026-05-13 23:52:00.341906+00:00
2026-05-13 23:52:00,881 [INFO] USD from Sulaymaniyah: mid=179700 -> buy=179800 sell=180800
2026-05-13 23:52:01,635 [INFO] Cycle result: {'action': 'skip', 'detail': 'no_change'}
2026-05-13 23:52:01,636 [INFO] Waiting 2 minutes for next check...
2026-05-13 23:54:01,636 [INFO] Cycle start: Tehran=2026-05-14 03:24:01.636288+03:30 UTC=2026-05-13 23:54:01.636278+00:00
2026-05-13 23:54:02,202 [INFO] USD from Sulaymaniyah: mid=179700 -> buy=179800 sell=180800
2026-05-13 23:54:02,969 [INFO] Cycle result: {'action': 'skip', 'detail': 'no_change'}
2026-05-13 23:54:02,969 [INFO] Waiting 2 minutes for next check...
2026-05-13 23:56:02,970 [INFO] Cycle start: Tehran=2026-05-14 03:26:02.970143+03:30 UTC=2026-05-13 23:56:02.970134+00:00
2026-05-13 23:56:03,498 [INFO] USD from Sulaymaniyah: mid=179700 -> buy=179800 sell=180800
2026-05-13 23:56:04,384 [INFO] Cycle result: {'action': 'skip', 'detail': 'no_change'}
2026-05-13 23:56:04,384 [INFO] Waiting 2 minutes for next check...
2026-05-13 23:58:04,384 [INFO] Cycle start: Tehran=2026-05-14 03:28:04.384624+03:30 UTC=2026-05-13 23:58:04.384615+00:00
2026-05-13 23:58:04,918 [INFO] USD from Sulaymaniyah: mid=179700 -> buy=179800 sell=180800
2026-05-13 23:58:05,709 [INFO] Cycle result: {'action': 'skip', 'detail': 'no_change'}
2026-05-13 23:58:05,709 [INFO] Waiting 2 minutes for next check...
2026-05-14 00:00:05,710 [INFO] Cycle start: Tehran=2026-05-14 03:30:05.710096+03:30 UTC=2026-05-14 00:00:05.710088+00:00
2026-05-14 00:00:06,251 [INFO] USD from Sulaymaniyah: mid=179700 -> buy=179800 sell=180800
2026-05-14 00:00:07,015 [INFO] Cycle result: {'action': 'skip', 'detail': 'no_change'}
2026-05-14 00:00:07,015 [INFO] Waiting 2 minutes for next check...
2026-05-14 00:02:07,015 [INFO] Cycle start: Tehran=2026-05-14 03:32:07.015602+03:30 UTC=2026-05-14 00:02:07.015592+00:00
2026-05-14 00:02:07,521 [INFO] USD from Sulaymaniyah: mid=179700 -> buy=179800 sell=180800
2026-05-14 00:02:08,423 [INFO] Cycle result: {'action': 'skip', 'detail': 'no_change'}
2026-05-14 00:02:08,424 [INFO] Waiting 2 minutes for next check...
2026-05-14 00:04:08,424 [INFO] Cycle start: Tehran=2026-05-14 03:34:08.424304+03:30 UTC=2026-05-14 00:04:08.424296+00:00
2026-05-14 00:04:09,004 [INFO] USD from Sulaymaniyah: mid=179700 -> buy=179800 sell=180800
2026-05-14 00:04:09,777 [INFO] Cycle result: {'action': 'skip', 'detail': 'no_change'}
2026-05-14 00:04:09,777 [INFO] Waiting 2 minutes for next check...
2026-05-14 00:06:09,777 [INFO] Cycle start: Tehran=2026-05-14 03:36:09.777583+03:30 UTC=2026-05-14 00:06:09.777575+00:00
2026-05-14 00:06:10,283 [INFO] USD from Sulaymaniyah: mid=179700 -> buy=179800 sell=180800
2026-05-14 00:06:11,062 [INFO] Cycle result: {'action': 'skip', 'detail': 'no_change'}
2026-05-14 00:06:11,063 [INFO] Waiting 2 minutes for next check...
2026-05-14 00:08:11,063 [INFO] Cycle start: Tehran=2026-05-14 03:38:11.063293+03:30 UTC=2026-05-14 00:08:11.063285+00:00
2026-05-14 00:08:11,733 [INFO] USD from Sulaymaniyah: mid=179700 -> buy=179800 sell=180800
2026-05-14 00:08:12,631 [INFO] Cycle result: {'action': 'skip', 'detail': 'no_change'}
2026-05-14 00:08:12,631 [INFO] Waiting 2 minutes for next check...
2026-05-14 00:10:12,631 [INFO] Cycle start: Tehran=2026-05-14 03:40:12.631964+03:30 UTC=2026-05-14 00:10:12.631956+00:00
2026-05-14 00:10:13,145 [INFO] USD from Sulaymaniyah: mid=179700 -> buy=179800 sell=180800
2026-05-14 00:10:13,891 [INFO] Cycle result: {'action': 'skip', 'detail': 'no_change'}
2026-05-14 00:10:13,891 [INFO] Waiting 2 minutes for next check...
2026-05-14 00:12:13,891 [INFO] Cycle start: Tehran=2026-05-14 03:42:13.891701+03:30 UTC=2026-05-14 00:12:13.891693+00:00
2026-05-14 00:12:14,420 [INFO] USD from Sulaymaniyah: mid=179700 -> buy=179800 sell=180800
2026-05-14 00:12:15,182 [INFO] Cycle result: {'action': 'skip', 'detail': 'no_change'}
2026-05-14 00:12:15,182 [INFO] Waiting 2 minutes for next check...
2026-05-14 00:14:15,182 [INFO] Cycle start: Tehran=2026-05-14 03:44:15.182724+03:30 UTC=2026-05-14 00:14:15.182716+00:00
2026-05-14 00:14:15,768 [INFO] USD from Sulaymaniyah: mid=179700 -> buy=179800 sell=180800
2026-05-14 00:14:16,649 [INFO] Cycle result: {'action': 'skip', 'detail': 'no_change'}
2026-05-14 00:14:16,649 [INFO] Waiting 2 minutes for next check...
2026-05-14 00:16:16,650 [INFO] Cycle start: Tehran=2026-05-14 03:46:16.650040+03:30 UTC=2026-05-14 00:16:16.650032+00:00
2026-05-14 00:16:17,216 [INFO] USD from Sulaymaniyah: mid=179700 -> buy=179800 sell=180800
2026-05-14 00:16:17,986 [INFO] Cycle result: {'action': 'skip', 'detail': 'no_change'}
2026-05-14 00:16:17,986 [INFO] Waiting 2 minutes for next check...
2026-05-14 00:18:17,986 [INFO] Cycle start: Tehran=2026-05-14 03:48:17.986685+03:30 UTC=2026-05-14 00:18:17.986677+00:00
2026-05-14 00:18:18,484 [INFO] USD from Sulaymaniyah: mid=179700 -> buy=179800 sell=180800
2026-05-14 00:18:19,257 [INFO] Cycle result: {'action': 'skip', 'detail': 'no_change'}
2026-05-14 00:18:19,257 [INFO] Waiting 2 minutes for next check...
2026-05-14 00:20:19,258 [INFO] Cycle start: Tehran=2026-05-14 03:50:19.258155+03:30 UTC=2026-05-14 00:20:19.258146+00:00
2026-05-14 00:20:19,771 [INFO] USD from Sulaymaniyah: mid=179700 -> buy=179800 sell=180800
2026-05-14 00:20:20,647 [INFO] Cycle result: {'action': 'skip', 'detail': 'no_change'}
2026-05-14 00:20:20,648 [INFO] Waiting 2 minutes for next check...
2026-05-14 00:22:20,648 [INFO] Cycle start: Tehran=2026-05-14 03:52:20.648175+03:30 UTC=2026-05-14 00:22:20.648167+00:00
2026-05-14 00:22:21,152 [INFO] USD from Sulaymaniyah: mid=179700 -> buy=179800 sell=180800
2026-05-14 00:22:21,938 [INFO] Cycle result: {'action': 'skip', 'detail': 'no_change'}
2026-05-14 00:22:21,938 [INFO] Waiting 2 minutes for next check...
2026-05-14 00:24:21,938 [INFO] Cycle start: Tehran=2026-05-14 03:54:21.938935+03:30 UTC=2026-05-14 00:24:21.938927+00:00
2026-05-14 00:24:22,509 [INFO] USD from Sulaymaniyah: mid=179700 -> buy=179800 sell=180800
2026-05-14 00:24:23,290 [INFO] Cycle result: {'action': 'skip', 'detail': 'no_change'}
2026-05-14 00:24:23,290 [INFO] Waiting 2 minutes for next check...
2026-05-14 00:26:23,290 [INFO] Cycle start: Tehran=2026-05-14 03:56:23.290645+03:30 UTC=2026-05-14 00:26:23.290635+00:00
2026-05-14 00:26:23,799 [INFO] USD from Sulaymaniyah: mid=179700 -> buy=179800 sell=180800
2026-05-14 00:26:24,701 [INFO] Cycle result: {'action': 'skip', 'detail': 'no_change'}
2026-05-14 00:26:24,702 [INFO] Waiting 2 minutes for next check...
2026-05-14 00:28:24,702 [INFO] Cycle start: Tehran=2026-05-14 03:58:24.702456+03:30 UTC=2026-05-14 00:28:24.702448+00:00
2026-05-14 00:28:25,241 [INFO] USD from Sulaymaniyah: mid=179700 -> buy=179800 sell=180800
2026-05-14 00:28:26,012 [INFO] Cycle result: {'action': 'skip', 'detail': 'no_change'}
2026-05-14 00:28:26,013 [INFO] Waiting 2 minutes for next check...
2026-05-14 00:30:26,013 [INFO] Cycle start: Tehran=2026-05-14 04:00:26.013443+03:30 UTC=2026-05-14 00:30:26.013434+00:00
2026-05-14 00:30:26,543 [INFO] USD from Sulaymaniyah: mid=179700 -> buy=179800 sell=180800
2026-05-14 00:30:27,367 [INFO] Attempting to send message to @barxexchange
2026-05-14 00:30:27,878 [INFO] TG send success!
2026-05-14 00:30:27,878 [INFO] Cycle result: {'action': 'posted', 'detail': 'change'}
2026-05-14 00:30:27,878 [INFO] Waiting 2 minutes for next check...
2026-05-14 00:32:27,879 [INFO] Cycle start: Tehran=2026-05-14 04:02:27.879008+03:30 UTC=2026-05-14 00:32:27.879000+00:00
2026-05-14 00:32:28,435 [INFO] USD from Sulaymaniyah: mid=179700 -> buy=179800 sell=180800
2026-05-14 00:32:29,337 [INFO] Cycle result: {'action': 'skip', 'detail': 'no_change'}
2026-05-14 00:32:29,337 [INFO] Waiting 2 minutes for next check...
2026-05-14 00:34:29,337 [INFO] Cycle start: Tehran=2026-05-14 04:04:29.337821+03:30 UTC=2026-05-14 00:34:29.337813+00:00
2026-05-14 00:34:29,878 [INFO] USD from Sulaymaniyah: mid=179700 -> buy=179800 sell=180800
2026-05-14 00:34:30,658 [INFO] Cycle result: {'action': 'skip', 'detail': 'no_change'}
2026-05-14 00:34:30,658 [INFO] Waiting 2 minutes for next check...
2026-05-14 00:36:30,658 [INFO] Cycle start: Tehran=2026-05-14 04:06:30.658883+03:30 UTC=2026-05-14 00:36:30.658874+00:00
2026-05-14 00:36:31,192 [INFO] USD from Sulaymaniyah: mid=179700 -> buy=179800 sell=180800
2026-05-14 00:36:31,951 [INFO] Cycle result: {'action': 'skip', 'detail': 'no_change'}
2026-05-14 00:36:31,951 [INFO] Waiting 2 minutes for next check...
2026-05-14 00:38:31,951 [INFO] Cycle start: Tehran=2026-05-14 04:08:31.951827+03:30 UTC=2026-05-14 00:38:31.951819+00:00
2026-05-14 00:38:32,446 [INFO] USD from Sulaymaniyah: mid=179700 -> buy=179800 sell=180800
2026-05-14 00:38:33,361 [INFO] Cycle result: {'action': 'skip', 'detail': 'no_change'}
2026-05-14 00:38:33,362 [INFO] Waiting 2 minutes for next check...
2026-05-14 12:12:15,729 [INFO] Starting multi-cycle run (25 mins)
2026-05-14 12:12:15,729 [INFO] Cycle start: Tehran=2026-05-14 15:42:15.729540+03:30 UTC=2026-05-14 12:12:15.729533+00:00
2026-05-14 12:12:17,809 [INFO] Attempting to send message to @barxexchange
2026-05-14 12:12:18,452 [INFO] TG send success!
2026-05-14 12:12:18,453 [INFO] Cycle result: {'action': 'posted', 'detail': 'change'}
2026-05-14 12:12:18,453 [INFO] Waiting 2 minutes for next check...
2026-05-14 12:14:18,453 [INFO] Cycle start: Tehran=2026-05-14 15:44:18.453538+03:30 UTC=2026-05-14 12:14:18.453530+00:00
2026-05-14 12:14:20,306 [INFO] Cycle result: {'action': 'skip', 'detail': 'no_change'}
2026-05-14 12:14:20,306 [INFO] Waiting 2 minutes for next check...
2026-05-14 12:16:20,307 [INFO] Cycle start: Tehran=2026-05-14 15:46:20.307415+03:30 UTC=2026-05-14 12:16:20.307405+00:00
2026-05-14 12:16:22,252 [INFO] Cycle result: {'action': 'skip', 'detail': 'no_change'}
2026-05-14 12:16:22,252 [INFO] Waiting 2 minutes for next check...
2026-05-14 12:18:22,253 [INFO] Cycle start: Tehran=2026-05-14 15:48:22.253063+03:30 UTC=2026-05-14 12:18:22.253056+00:00
2026-05-14 12:18:24,173 [INFO] Cycle result: {'action': 'skip', 'detail': 'no_change'}
2026-05-14 12:18:24,173 [INFO] Waiting 2 minutes for next check...
2026-05-14 12:20:24,173 [INFO] Cycle start: Tehran=2026-05-14 15:50:24.173946+03:30 UTC=2026-05-14 12:20:24.173938+00:00
2026-05-14 12:20:26,132 [INFO] Cycle result: {'action': 'skip', 'detail': 'no_change'}
2026-05-14 12:20:26,132 [INFO] Waiting 2 minutes for next check...
2026-05-14 12:22:26,132 [INFO] Cycle start: Tehran=2026-05-14 15:52:26.132801+03:30 UTC=2026-05-14 12:22:26.132794+00:00
2026-05-14 12:22:28,069 [INFO] Cycle result: {'action': 'skip', 'detail': 'no_change'}
2026-05-14 12:22:28,069 [INFO] Waiting 2 minutes for next check...
2026-05-14 12:24:28,069 [INFO] Cycle start: Tehran=2026-05-14 15:54:28.069526+03:30 UTC=2026-05-14 12:24:28.069518+00:00
2026-05-14 12:24:30,024 [INFO] Cycle result: {'action': 'skip', 'detail': 'no_change'}
2026-05-14 12:24:30,024 [INFO] Waiting 2 minutes for next check...
2026-05-14 12:26:30,024 [INFO] Cycle start: Tehran=2026-05-14 15:56:30.024849+03:30 UTC=2026-05-14 12:26:30.024841+00:00
2026-05-14 12:26:31,909 [INFO] Cycle result: {'action': 'skip', 'detail': 'no_change'}
2026-05-14 12:26:31,909 [INFO] Waiting 2 minutes for next check...
2026-05-14 12:28:31,910 [INFO] Cycle start: Tehran=2026-05-14 15:58:31.910116+03:30 UTC=2026-05-14 12:28:31.910108+00:00
2026-05-14 12:28:33,861 [INFO] Cycle result: {'action': 'skip', 'detail': 'no_change'}
2026-05-14 12:28:33,861 [INFO] Waiting 2 minutes for next check...
2026-05-14 12:30:33,862 [INFO] Cycle start: Tehran=2026-05-14 16:00:33.862130+03:30 UTC=2026-05-14 12:30:33.862122+00:00
2026-05-14 12:30:35,816 [INFO] Cycle result: {'action': 'skip', 'detail': 'no_change'}
2026-05-14 12:30:35,816 [INFO] Waiting 2 minutes for next check...
2026-05-14 12:32:35,816 [INFO] Cycle start: Tehran=2026-05-14 16:02:35.816533+03:30 UTC=2026-05-14 12:32:35.816525+00:00
2026-05-14 12:32:37,746 [INFO] Cycle result: {'action': 'skip', 'detail': 'no_change'}
2026-05-14 12:32:37,747 [INFO] Waiting 2 minutes for next check...
2026-05-14 12:34:37,747 [INFO] Cycle start: Tehran=2026-05-14 16:04:37.747529+03:30 UTC=2026-05-14 12:34:37.747522+00:00
2026-05-14 12:34:39,615 [INFO] Cycle result: {'action': 'skip', 'detail': 'no_change'}
2026-05-14 12:34:39,615 [INFO] Waiting 2 minutes for next check...
2026-05-14 12:36:39,615 [INFO] Cycle start: Tehran=2026-05-14 16:06:39.615335+03:30 UTC=2026-05-14 12:36:39.615328+00:00
2026-05-14 12:36:41,559 [INFO] Cycle result: {'action': 'skip', 'detail': 'no_change'}
2026-05-14 12:36:41,559 [INFO] Waiting 2 minutes for next check...
2026-05-14 12:38:41,559 [INFO] Cycle start: Tehran=2026-05-14 16:08:41.559497+03:30 UTC=2026-05-14 12:38:41.559488+00:00
2026-05-14 12:38:43,417 [INFO] Cycle result: {'action': 'skip', 'detail': 'no_change'}
2026-05-14 12:38:43,417 [INFO] Waiting 2 minutes for next check...
2026-05-14 12:40:43,418 [INFO] Cycle start: Tehran=2026-05-14 16:10:43.417983+03:30 UTC=2026-05-14 12:40:43.417975+00:00
2026-05-14 12:40:45,287 [INFO] Cycle result: {'action': 'skip', 'detail': 'no_change'}
2026-05-14 12:40:45,288 [INFO] Waiting 2 minutes for next check...
2026-05-14 12:42:45,288 [INFO] Cycle start: Tehran=2026-05-14 16:12:45.288171+03:30 UTC=2026-05-14 12:42:45.288165+00:00
2026-05-14 12:42:47,281 [INFO] Cycle result: {'action': 'skip', 'detail': 'no_change'}
2026-05-14 12:42:47,281 [INFO] Waiting 2 minutes for next check...
2026-05-14 12:44:47,281 [INFO] Cycle start: Tehran=2026-05-14 16:14:47.281453+03:30 UTC=2026-05-14 12:44:47.281444+00:00
2026-05-14 12:44:49,172 [INFO] Cycle result: {'action': 'skip', 'detail': 'no_change'}
2026-05-14 12:44:49,173 [INFO] Waiting 2 minutes for next check...
2026-05-14 12:46:49,173 [INFO] Cycle start: Tehran=2026-05-14 16:16:49.173513+03:30 UTC=2026-05-14 12:46:49.173503+00:00
2026-05-14 12:46:51,075 [INFO] Cycle result: {'action': 'skip', 'detail': 'no_change'}
2026-05-14 12:46:51,075 [INFO] Waiting 2 minutes for next check...
2026-05-14 12:48:51,076 [INFO] Cycle start: Tehran=2026-05-14 16:18:51.076164+03:30 UTC=2026-05-14 12:48:51.076157+00:00
2026-05-14 12:48:53,078 [INFO] Cycle result: {'action': 'skip', 'detail': 'no_change'}
2026-05-14 12:48:53,078 [INFO] Waiting 2 minutes for next check...
2026-05-14 12:50:53,078 [INFO] Cycle start: Tehran=2026-05-14 16:20:53.078455+03:30 UTC=2026-05-14 12:50:53.078447+00:00
2026-05-14 12:50:54,947 [INFO] Cycle result: {'action': 'skip', 'detail': 'no_change'}
2026-05-14 12:50:54,947 [INFO] Waiting 2 minutes for next check...
2026-05-14 12:52:54,947 [INFO] Cycle start: Tehran=2026-05-14 16:22:54.947751+03:30 UTC=2026-05-14 12:52:54.947744+00:00
2026-05-14 12:52:56,930 [INFO] Cycle result: {'action': 'skip', 'detail': 'no_change'}
2026-05-14 12:52:56,930 [INFO] Waiting 2 minutes for next check...
2026-05-14 12:54:56,930 [INFO] Cycle start: Tehran=2026-05-14 16:24:56.930732+03:30 UTC=2026-05-14 12:54:56.930724+00:00
2026-05-14 12:54:58,986 [INFO] Cycle result: {'action': 'skip', 'detail': 'no_change'}
2026-05-14 12:54:58,986 [INFO] Waiting 2 minutes for next check...
2026-05-14 12:56:58,987 [INFO] Cycle start: Tehran=2026-05-14 16:26:58.987031+03:30 UTC=2026-05-14 12:56:58.987024+00:00
2026-05-14 12:57:00,918 [INFO] Cycle result: {'action': 'skip', 'detail': 'no_change'}
2026-05-14 12:57:00,919 [INFO] Waiting 2 minutes for next check...
2026-05-14 12:59:00,919 [INFO] Cycle start: Tehran=2026-05-14 16:29:00.919542+03:30 UTC=2026-05-14 12:59:00.919534+00:00
2026-05-14 12:59:02,806 [INFO] Cycle result: {'action': 'skip', 'detail': 'no_change'}
2026-05-14 12:59:02,806 [INFO] Waiting 2 minutes for next check...
2026-05-14 13:01:02,806 [INFO] Cycle start: Tehran=2026-05-14 16:31:02.806525+03:30 UTC=2026-05-14 13:01:02.806518+00:00
2026-05-14 13:01:05,148 [INFO] Cycle result: {'action': 'skip', 'detail': 'no_change'}
2026-05-14 13:01:05,149 [INFO] Waiting 2 minutes for next check...
2026-05-14 13:03:05,149 [INFO] Cycle start: Tehran=2026-05-14 16:33:05.149288+03:30 UTC=2026-05-14 13:03:05.149280+00:00
2026-05-14 13:03:05,736 [INFO] USD from Sulaymaniyah: mid=180000 -> buy=180100 sell=181100
2026-05-14 13:03:06,478 [INFO] Attempting to send message to @barxexchange
2026-05-14 13:03:07,139 [INFO] TG send success!
2026-05-14 13:03:07,140 [INFO] Cycle result: {'action': 'posted', 'detail': 'change'}
2026-05-14 13:03:07,140 [INFO] Waiting 2 minutes for next check...
2026-05-14 13:05:07,140 [INFO] Cycle start: Tehran=2026-05-14 16:35:07.140246+03:30 UTC=2026-05-14 13:05:07.140239+00:00
2026-05-14 13:05:07,769 [INFO] USD from Sulaymaniyah: mid=180100 -> buy=180200 sell=181200
2026-05-14 13:05:08,617 [INFO] Attempting to send message to @barxexchange
2026-05-14 13:05:09,202 [INFO] TG send success!
2026-05-14 13:05:09,202 [INFO] Cycle result: {'action': 'posted', 'detail': 'change'}
2026-05-14 13:05:09,202 [INFO] Waiting 2 minutes for next check...
2026-05-14 13:07:09,202 [INFO] Cycle start: Tehran=2026-05-14 16:37:09.202860+03:30 UTC=2026-05-14 13:07:09.202851+00:00
2026-05-14 13:07:09,750 [INFO] USD from Sulaymaniyah: mid=180000 -> buy=180100 sell=181100
2026-05-14 13:07:10,777 [INFO] Attempting to send message to @barxexchange
2026-05-14 13:07:11,368 [INFO] TG send success!
2026-05-14 13:07:11,368 [INFO] Cycle result: {'action': 'posted', 'detail': 'change'}
2026-05-14 13:07:11,368 [INFO] Waiting 2 minutes for next check...
2026-05-14 18:25:06,653 [INFO] Starting multi-cycle run (25 mins)
2026-05-14 18:25:06,653 [INFO] Cycle start: Tehran=2026-05-14 21:55:06.653185+03:30 UTC=2026-05-14 18:25:06.653178+00:00
2026-05-14 18:25:07,062 [INFO] USD from Sulaymaniyah: mid=179700 -> buy=179800 sell=180800
2026-05-14 18:25:07,789 [INFO] Attempting to send message to @barxexchange
2026-05-14 18:25:08,336 [INFO] TG send success!
2026-05-14 18:25:08,337 [INFO] Cycle result: {'action': 'posted', 'detail': 'change'}
2026-05-14 18:25:08,337 [INFO] Waiting 2 minutes for next check...
2026-05-14 18:27:08,337 [INFO] Cycle start: Tehran=2026-05-14 21:57:08.337674+03:30 UTC=2026-05-14 18:27:08.337665+00:00
2026-05-14 18:27:08,714 [INFO] USD from Sulaymaniyah: mid=179700 -> buy=179800 sell=180800
2026-05-14 18:27:09,246 [INFO] Cycle result: {'action': 'skip', 'detail': 'no_change'}
2026-05-14 18:27:09,246 [INFO] Waiting 2 minutes for next check...
2026-05-14 18:29:09,247 [INFO] Cycle start: Tehran=2026-05-14 21:59:09.247077+03:30 UTC=2026-05-14 18:29:09.247063+00:00
2026-05-14 18:29:09,618 [INFO] USD from Sulaymaniyah: mid=179700 -> buy=179800 sell=180800
2026-05-14 18:29:10,130 [INFO] Cycle result: {'action': 'skip', 'detail': 'no_change'}
2026-05-14 18:29:10,130 [INFO] Waiting 2 minutes for next check...
2026-05-14 18:31:10,130 [INFO] Cycle start: Tehran=2026-05-14 22:01:10.130549+03:30 UTC=2026-05-14 18:31:10.130540+00:00
2026-05-14 18:31:10,512 [INFO] USD from Sulaymaniyah: mid=179700 -> buy=179800 sell=180800
2026-05-14 18:31:11,161 [INFO] Cycle result: {'action': 'skip', 'detail': 'no_change'}
2026-05-14 18:31:11,162 [INFO] Waiting 2 minutes for next check...
2026-05-14 18:33:11,162 [INFO] Cycle start: Tehran=2026-05-14 22:03:11.162359+03:30 UTC=2026-05-14 18:33:11.162350+00:00
2026-05-14 18:33:11,546 [INFO] USD from Sulaymaniyah: mid=179700 -> buy=179800 sell=180800
2026-05-14 18:33:12,104 [INFO] Cycle result: {'action': 'skip', 'detail': 'no_change'}
2026-05-14 18:33:12,104 [INFO] Waiting 2 minutes for next check...
2026-05-14 18:35:12,104 [INFO] Cycle start: Tehran=2026-05-14 22:05:12.104783+03:30 UTC=2026-05-14 18:35:12.104774+00:00
2026-05-14 18:35:12,474 [INFO] USD from Sulaymaniyah: mid=179700 -> buy=179800 sell=180800
2026-05-14 18:35:12,999 [INFO] Cycle result: {'action': 'skip', 'detail': 'no_change'}
2026-05-14 18:35:12,999 [INFO] Waiting 2 minutes for next check...
2026-05-14 18:37:13,000 [INFO] Cycle start: Tehran=2026-05-14 22:07:13.000017+03:30 UTC=2026-05-14 18:37:13.000008+00:00
2026-05-14 18:37:13,380 [INFO] USD from Sulaymaniyah: mid=179700 -> buy=179800 sell=180800
2026-05-14 18:37:14,035 [INFO] Cycle result: {'action': 'skip', 'detail': 'no_change'}
2026-05-14 18:37:14,035 [INFO] Waiting 2 minutes for next check...
2026-05-14 18:39:14,036 [INFO] Cycle start: Tehran=2026-05-14 22:09:14.036039+03:30 UTC=2026-05-14 18:39:14.036030+00:00
2026-05-14 18:39:14,448 [INFO] USD from Sulaymaniyah: mid=179700 -> buy=179800 sell=180800
2026-05-14 18:39:14,984 [INFO] Cycle result: {'action': 'skip', 'detail': 'no_change'}
2026-05-14 18:39:14,985 [INFO] Waiting 2 minutes for next check...
2026-05-14 18:41:14,985 [INFO] Cycle start: Tehran=2026-05-14 22:11:14.985308+03:30 UTC=2026-05-14 18:41:14.985299+00:00
2026-05-14 18:41:15,383 [INFO] USD from Sulaymaniyah: mid=179700 -> buy=179800 sell=180800
2026-05-14 18:41:15,927 [INFO] Cycle result: {'action': 'skip', 'detail': 'no_change'}
2026-05-14 18:41:15,928 [INFO] Waiting 2 minutes for next check...
2026-05-14 18:43:15,928 [INFO] Cycle start: Tehran=2026-05-14 22:13:15.928550+03:30 UTC=2026-05-14 18:43:15.928542+00:00
2026-05-14 18:43:16,306 [INFO] USD from Sulaymaniyah: mid=179700 -> buy=179800 sell=180800
2026-05-14 18:43:16,979 [INFO] Cycle result: {'action': 'skip', 'detail': 'no_change'}
2026-05-14 18:43:16,980 [INFO] Waiting 2 minutes for next check...
2026-05-14 18:45:16,980 [INFO] Cycle start: Tehran=2026-05-14 22:15:16.980270+03:30 UTC=2026-05-14 18:45:16.980261+00:00
2026-05-14 18:45:17,441 [INFO] USD from Sulaymaniyah: mid=179700 -> buy=179800 sell=180800
2026-05-14 18:45:17,945 [INFO] Cycle result: {'action': 'skip', 'detail': 'no_change'}
2026-05-14 18:45:17,945 [INFO] Waiting 2 minutes for next check...
2026-05-14 18:47:17,945 [INFO] Cycle start: Tehran=2026-05-14 22:17:17.945928+03:30 UTC=2026-05-14 18:47:17.945920+00:00
2026-05-14 18:47:18,303 [INFO] USD from Sulaymaniyah: mid=179700 -> buy=179800 sell=180800
2026-05-14 18:47:18,829 [INFO] Cycle result: {'action': 'skip', 'detail': 'no_change'}
2026-05-14 18:47:18,829 [INFO] Waiting 2 minutes for next check...
2026-05-14 18:49:18,829 [INFO] Cycle start: Tehran=2026-05-14 22:19:18.829526+03:30 UTC=2026-05-14 18:49:18.829517+00:00
2026-05-14 18:49:19,268 [INFO] USD from Sulaymaniyah: mid=179700 -> buy=179800 sell=180800
2026-05-14 18:49:19,894 [INFO] Cycle result: {'action': 'skip', 'detail': 'no_change'}
2026-05-14 18:49:19,894 [INFO] Waiting 2 minutes for next check...
2026-05-14 18:51:19,895 [INFO] Cycle start: Tehran=2026-05-14 22:21:19.895003+03:30 UTC=2026-05-14 18:51:19.894994+00:00
2026-05-14 18:51:20,269 [INFO] USD from Sulaymaniyah: mid=179700 -> buy=179800 sell=180800
2026-05-14 18:51:20,767 [INFO] Cycle result: {'action': 'skip', 'detail': 'no_change'}
2026-05-14 18:51:20,767 [INFO] Waiting 2 minutes for next check...
2026-05-14 18:53:20,768 [INFO] Cycle start: Tehran=2026-05-14 22:23:20.768010+03:30 UTC=2026-05-14 18:53:20.768001+00:00
2026-05-14 18:53:21,192 [INFO] USD from Sulaymaniyah: mid=179700 -> buy=179800 sell=180800
2026-05-14 18:53:21,729 [INFO] Cycle result: {'action': 'skip', 'detail': 'no_change'}
2026-05-14 18:53:21,729 [INFO] Waiting 2 minutes for next check...
2026-05-14 18:55:21,729 [INFO] Cycle start: Tehran=2026-05-14 22:25:21.729517+03:30 UTC=2026-05-14 18:55:21.729507+00:00
2026-05-14 18:55:22,193 [INFO] USD from Sulaymaniyah: mid=179700 -> buy=179800 sell=180800
2026-05-14 18:55:22,785 [INFO] Cycle result: {'action': 'skip', 'detail': 'no_change'}
2026-05-14 18:55:22,786 [INFO] Waiting 2 minutes for next check...
2026-05-14 18:57:22,786 [INFO] Cycle start: Tehran=2026-05-14 22:27:22.786341+03:30 UTC=2026-05-14 18:57:22.786332+00:00
2026-05-14 18:57:23,170 [INFO] USD from Sulaymaniyah: mid=179700 -> buy=179800 sell=180800
2026-05-14 18:57:23,703 [INFO] Cycle result: {'action': 'skip', 'detail': 'no_change'}
2026-05-14 18:57:23,703 [INFO] Waiting 2 minutes for next check...
2026-05-14 18:59:23,704 [INFO] Cycle start: Tehran=2026-05-14 22:29:23.704067+03:30 UTC=2026-05-14 18:59:23.704057+00:00
2026-05-14 18:59:24,069 [INFO] USD from Sulaymaniyah: mid=179700 -> buy=179800 sell=180800
2026-05-14 18:59:24,629 [INFO] Cycle result: {'action': 'skip', 'detail': 'no_change'}
2026-05-14 18:59:24,629 [INFO] Waiting 2 minutes for next check...
2026-05-14 19:01:24,629 [INFO] Cycle start: Tehran=2026-05-14 22:31:24.629610+03:30 UTC=2026-05-14 19:01:24.629602+00:00
2026-05-14 19:01:25,008 [INFO] USD from Sulaymaniyah: mid=179700 -> buy=179800 sell=180800
2026-05-14 19:01:25,731 [INFO] Cycle result: {'action': 'skip', 'detail': 'no_change'}
2026-05-14 19:01:25,731 [INFO] Waiting 2 minutes for next check...
2026-05-14 19:03:25,731 [INFO] Cycle start: Tehran=2026-05-14 22:33:25.731960+03:30 UTC=2026-05-14 19:03:25.731951+00:00
2026-05-14 19:03:26,142 [INFO] USD from Sulaymaniyah: mid=179700 -> buy=179800 sell=180800
2026-05-14 19:03:26,678 [INFO] Cycle result: {'action': 'skip', 'detail': 'no_change'}
2026-05-14 19:03:26,678 [INFO] Waiting 2 minutes for next check...
2026-05-14 19:05:26,679 [INFO] Cycle start: Tehran=2026-05-14 22:35:26.679074+03:30 UTC=2026-05-14 19:05:26.679065+00:00
2026-05-14 19:05:27,124 [INFO] USD from Sulaymaniyah: mid=179700 -> buy=179800 sell=180800
2026-05-14 19:05:27,637 [INFO] Cycle result: {'action': 'skip', 'detail': 'no_change'}
2026-05-14 19:05:27,637 [INFO] Waiting 2 minutes for next check...
2026-05-14 19:07:27,637 [INFO] Cycle start: Tehran=2026-05-14 22:37:27.637507+03:30 UTC=2026-05-14 19:07:27.637497+00:00
2026-05-14 19:07:27,995 [INFO] USD from Sulaymaniyah: mid=179700 -> buy=179800 sell=180800
2026-05-14 19:07:28,587 [INFO] Cycle result: {'action': 'skip', 'detail': 'no_change'}
2026-05-14 19:07:28,587 [INFO] Waiting 2 minutes for next check...
2026-05-14 19:09:28,587 [INFO] Cycle start: Tehran=2026-05-14 22:39:28.587649+03:30 UTC=2026-05-14 19:09:28.587640+00:00
2026-05-14 19:09:29,001 [INFO] USD from Sulaymaniyah: mid=179700 -> buy=179800 sell=180800
2026-05-14 19:09:29,544 [INFO] Cycle result: {'action': 'skip', 'detail': 'no_change'}
2026-05-14 19:09:29,544 [INFO] Waiting 2 minutes for next check...
2026-05-14 19:11:29,545 [INFO] Cycle start: Tehran=2026-05-14 22:41:29.544966+03:30 UTC=2026-05-14 19:11:29.544957+00:00
2026-05-14 19:11:29,934 [INFO] USD from Sulaymaniyah: mid=179700 -> buy=179800 sell=180800
2026-05-14 19:11:30,465 [INFO] Cycle result: {'action': 'skip', 'detail': 'no_change'}
2026-05-14 19:11:30,466 [INFO] Waiting 2 minutes for next check...
2026-05-14 19:13:30,466 [INFO] Cycle start: Tehran=2026-05-14 22:43:30.466366+03:30 UTC=2026-05-14 19:13:30.466357+00:00
2026-05-14 19:13:30,919 [INFO] USD from Sulaymaniyah: mid=179700 -> buy=179800 sell=180800
2026-05-14 19:13:31,574 [INFO] Cycle result: {'action': 'skip', 'detail': 'no_change'}
2026-05-14 19:13:31,574 [INFO] Waiting 2 minutes for next check...
2026-05-14 19:15:31,574 [INFO] Cycle start: Tehran=2026-05-14 22:45:31.574629+03:30 UTC=2026-05-14 19:15:31.574620+00:00
2026-05-14 19:15:32,012 [INFO] USD from Sulaymaniyah: mid=179700 -> buy=179800 sell=180800
2026-05-14 19:15:32,537 [INFO] Cycle result: {'action': 'skip', 'detail': 'no_change'}
2026-05-14 19:15:32,538 [INFO] Waiting 2 minutes for next check...
2026-05-14 19:17:32,538 [INFO] Cycle start: Tehran=2026-05-14 22:47:32.538305+03:30 UTC=2026-05-14 19:17:32.538296+00:00
2026-05-14 19:17:32,960 [INFO] USD from Sulaymaniyah: mid=179700 -> buy=179800 sell=180800
2026-05-14 19:17:33,497 [INFO] Cycle result: {'action': 'skip', 'detail': 'no_change'}
2026-05-14 19:17:33,497 [INFO] Waiting 2 minutes for next check...
2026-05-14 19:19:33,498 [INFO] Cycle start: Tehran=2026-05-14 22:49:33.498086+03:30 UTC=2026-05-14 19:19:33.498077+00:00
2026-05-14 19:19:33,858 [INFO] USD from Sulaymaniyah: mid=179700 -> buy=179800 sell=180800
2026-05-14 19:19:34,517 [INFO] Cycle result: {'action': 'skip', 'detail': 'no_change'}
2026-05-14 19:19:34,517 [INFO] Waiting 2 minutes for next check...
2026-05-14 22:19:40,669 [INFO] Starting multi-cycle run (25 mins)
2026-05-14 22:19:40,669 [INFO] Cycle start: Tehran=2026-05-15 01:49:40.669320+03:30 UTC=2026-05-14 22:19:40.669311+00:00
2026-05-14 22:19:41,230 [INFO] USD from Sulaymaniyah: mid=179700 -> buy=179800 sell=180800
2026-05-14 22:19:41,929 [INFO] Cycle result: {'action': 'skip', 'detail': 'no_change'}
2026-05-14 22:19:41,930 [INFO] Waiting 2 minutes for next check...
2026-05-14 22:21:41,930 [INFO] Cycle start: Tehran=2026-05-15 01:51:41.930414+03:30 UTC=2026-05-14 22:21:41.930405+00:00
2026-05-14 22:21:42,315 [INFO] USD from Sulaymaniyah: mid=179700 -> buy=179800 sell=180800
2026-05-14 22:21:42,884 [INFO] Cycle result: {'action': 'skip', 'detail': 'no_change'}
2026-05-14 22:21:42,885 [INFO] Waiting 2 minutes for next check...
2026-05-14 22:23:42,885 [INFO] Cycle start: Tehran=2026-05-15 01:53:42.885239+03:30 UTC=2026-05-14 22:23:42.885227+00:00
2026-05-14 22:23:43,286 [INFO] USD from Sulaymaniyah: mid=179700 -> buy=179800 sell=180800
2026-05-14 22:23:43,859 [INFO] Cycle result: {'action': 'skip', 'detail': 'no_change'}
2026-05-14 22:23:43,860 [INFO] Waiting 2 minutes for next check...
2026-05-14 22:25:43,860 [INFO] Cycle start: Tehran=2026-05-15 01:55:43.860194+03:30 UTC=2026-05-14 22:25:43.860186+00:00
2026-05-14 22:25:44,243 [INFO] USD from Sulaymaniyah: mid=179700 -> buy=179800 sell=180800
2026-05-14 22:25:44,944 [INFO] Cycle result: {'action': 'skip', 'detail': 'no_change'}
2026-05-14 22:25:44,944 [INFO] Waiting 2 minutes for next check...
2026-05-14 22:27:44,944 [INFO] Cycle start: Tehran=2026-05-15 01:57:44.944878+03:30 UTC=2026-05-14 22:27:44.944870+00:00
2026-05-14 22:27:45,344 [INFO] USD from Sulaymaniyah: mid=179700 -> buy=179800 sell=180800
2026-05-14 22:27:45,884 [INFO] Cycle result: {'action': 'skip', 'detail': 'no_change'}
2026-05-14 22:27:45,884 [INFO] Waiting 2 minutes for next check...
2026-05-14 22:29:45,884 [INFO] Cycle start: Tehran=2026-05-15 01:59:45.884960+03:30 UTC=2026-05-14 22:29:45.884952+00:00
2026-05-14 22:29:46,372 [INFO] USD from Sulaymaniyah: mid=179700 -> buy=179800 sell=180800
2026-05-14 22:29:46,934 [INFO] Cycle result: {'action': 'skip', 'detail': 'no_change'}
2026-05-14 22:29:46,934 [INFO] Waiting 2 minutes for next check...
2026-05-14 22:31:46,934 [INFO] Cycle start: Tehran=2026-05-15 02:01:46.934754+03:30 UTC=2026-05-14 22:31:46.934746+00:00
2026-05-14 22:31:47,339 [INFO] USD from Sulaymaniyah: mid=179700 -> buy=179800 sell=180800
2026-05-14 22:31:48,051 [INFO] Cycle result: {'action': 'skip', 'detail': 'no_change'}
2026-05-14 22:31:48,051 [INFO] Waiting 2 minutes for next check...
2026-05-14 22:33:48,051 [INFO] Cycle start: Tehran=2026-05-15 02:03:48.051955+03:30 UTC=2026-05-14 22:33:48.051947+00:00
2026-05-14 22:33:48,457 [INFO] USD from Sulaymaniyah: mid=179700 -> buy=179800 sell=180800
2026-05-14 22:33:49,008 [INFO] Cycle result: {'action': 'skip', 'detail': 'no_change'}
2026-05-14 22:33:49,008 [INFO] Waiting 2 minutes for next check...
2026-05-14 22:35:49,009 [INFO] Cycle start: Tehran=2026-05-15 02:05:49.009130+03:30 UTC=2026-05-14 22:35:49.009123+00:00
2026-05-14 22:35:49,396 [INFO] USD from Sulaymaniyah: mid=179700 -> buy=179800 sell=180800
2026-05-14 22:35:49,946 [INFO] Cycle result: {'action': 'skip', 'detail': 'no_change'}
2026-05-14 22:35:49,946 [INFO] Waiting 2 minutes for next check...
2026-05-14 22:37:49,946 [INFO] Cycle start: Tehran=2026-05-15 02:07:49.946668+03:30 UTC=2026-05-14 22:37:49.946660+00:00
2026-05-14 22:37:50,332 [INFO] USD from Sulaymaniyah: mid=179700 -> buy=179800 sell=180800
2026-05-14 22:37:51,048 [INFO] Cycle result: {'action': 'skip', 'detail': 'no_change'}
2026-05-14 22:37:51,048 [INFO] Waiting 2 minutes for next check...
2026-05-14 22:39:51,048 [INFO] Cycle start: Tehran=2026-05-15 02:09:51.048630+03:30 UTC=2026-05-14 22:39:51.048623+00:00
2026-05-14 22:39:51,451 [INFO] USD from Sulaymaniyah: mid=179700 -> buy=179800 sell=180800
2026-05-14 22:39:52,003 [INFO] Cycle result: {'action': 'skip', 'detail': 'no_change'}
2026-05-14 22:39:52,004 [INFO] Waiting 2 minutes for next check...
2026-05-14 22:41:52,004 [INFO] Cycle start: Tehran=2026-05-15 02:11:52.004210+03:30 UTC=2026-05-14 22:41:52.004202+00:00
2026-05-14 22:41:52,387 [INFO] USD from Sulaymaniyah: mid=179700 -> buy=179800 sell=180800
2026-05-14 22:41:52,939 [INFO] Cycle result: {'action': 'skip', 'detail': 'no_change'}
2026-05-14 22:41:52,939 [INFO] Waiting 2 minutes for next check...
2026-05-14 22:43:52,940 [INFO] Cycle start: Tehran=2026-05-15 02:13:52.939994+03:30 UTC=2026-05-14 22:43:52.939986+00:00
2026-05-14 22:43:53,373 [INFO] USD from Sulaymaniyah: mid=179700 -> buy=179800 sell=180800
2026-05-14 22:43:54,095 [INFO] Cycle result: {'action': 'skip', 'detail': 'no_change'}
2026-05-14 22:43:54,095 [INFO] Waiting 2 minutes for next check...
2026-05-14 22:45:54,096 [INFO] Cycle start: Tehran=2026-05-15 02:15:54.096002+03:30 UTC=2026-05-14 22:45:54.095994+00:00
2026-05-14 22:45:54,479 [INFO] USD from Sulaymaniyah: mid=179700 -> buy=179800 sell=180800
2026-05-14 22:45:55,003 [INFO] Cycle result: {'action': 'skip', 'detail': 'no_change'}
2026-05-14 22:45:55,003 [INFO] Waiting 2 minutes for next check...
2026-05-14 22:47:55,003 [INFO] Cycle start: Tehran=2026-05-15 02:17:55.003882+03:30 UTC=2026-05-14 22:47:55.003874+00:00
2026-05-14 22:47:55,420 [INFO] USD from Sulaymaniyah: mid=179700 -> buy=179800 sell=180800
2026-05-14 22:47:55,975 [INFO] Cycle result: {'action': 'skip', 'detail': 'no_change'}
2026-05-14 22:47:55,975 [INFO] Waiting 2 minutes for next check...
2026-05-14 22:49:55,975 [INFO] Cycle start: Tehran=2026-05-15 02:19:55.975673+03:30 UTC=2026-05-14 22:49:55.975665+00:00
2026-05-14 22:49:56,355 [INFO] USD from Sulaymaniyah: mid=179700 -> buy=179800 sell=180800
2026-05-14 22:49:57,016 [INFO] Cycle result: {'action': 'skip', 'detail': 'no_change'}
2026-05-14 22:49:57,016 [INFO] Waiting 2 minutes for next check...
2026-05-14 22:51:57,016 [INFO] Cycle start: Tehran=2026-05-15 02:21:57.016937+03:30 UTC=2026-05-14 22:51:57.016930+00:00
2026-05-14 22:51:57,415 [INFO] USD from Sulaymaniyah: mid=179700 -> buy=179800 sell=180800
2026-05-14 22:51:57,978 [INFO] Cycle result: {'action': 'skip', 'detail': 'no_change'}
2026-05-14 22:51:57,978 [INFO] Waiting 2 minutes for next check...
2026-05-14 22:53:57,978 [INFO] Cycle start: Tehran=2026-05-15 02:23:57.978961+03:30 UTC=2026-05-14 22:53:57.978954+00:00
2026-05-14 22:53:58,357 [INFO] USD from Sulaymaniyah: mid=179700 -> buy=179800 sell=180800
2026-05-14 22:53:58,922 [INFO] Cycle result: {'action': 'skip', 'detail': 'no_change'}
2026-05-14 22:53:58,922 [INFO] Waiting 2 minutes for next check...
2026-05-14 22:55:58,922 [INFO] Cycle start: Tehran=2026-05-15 02:25:58.922600+03:30 UTC=2026-05-14 22:55:58.922593+00:00
2026-05-14 22:55:59,383 [INFO] USD from Sulaymaniyah: mid=179700 -> buy=179800 sell=180800
2026-05-14 22:56:00,099 [INFO] Cycle result: {'action': 'skip', 'detail': 'no_change'}
2026-05-14 22:56:00,099 [INFO] Waiting 2 minutes for next check...
2026-05-14 22:58:00,099 [INFO] Cycle start: Tehran=2026-05-15 02:28:00.099851+03:30 UTC=2026-05-14 22:58:00.099842+00:00
2026-05-14 22:58:00,482 [INFO] USD from Sulaymaniyah: mid=179700 -> buy=179800 sell=180800
2026-05-14 22:58:01,058 [INFO] Cycle result: {'action': 'skip', 'detail': 'no_change'}
2026-05-14 22:58:01,058 [INFO] Waiting 2 minutes for next check...
2026-05-14 23:00:01,058 [INFO] Cycle start: Tehran=2026-05-15 02:30:01.058570+03:30 UTC=2026-05-14 23:00:01.058562+00:00
2026-05-14 23:00:01,470 [INFO] USD from Sulaymaniyah: mid=179700 -> buy=179800 sell=180800
2026-05-14 23:00:02,031 [INFO] Cycle result: {'action': 'skip', 'detail': 'no_change'}
2026-05-14 23:00:02,031 [INFO] Waiting 2 minutes for next check...
2026-05-14 23:02:02,032 [INFO] Cycle start: Tehran=2026-05-15 02:32:02.032030+03:30 UTC=2026-05-14 23:02:02.032021+00:00
2026-05-14 23:02:02,413 [INFO] USD from Sulaymaniyah: mid=179700 -> buy=179800 sell=180800
2026-05-14 23:02:03,149 [INFO] Cycle result: {'action': 'skip', 'detail': 'no_change'}
2026-05-14 23:02:03,150 [INFO] Waiting 2 minutes for next check...
2026-05-14 23:04:03,150 [INFO] Cycle start: Tehran=2026-05-15 02:34:03.150517+03:30 UTC=2026-05-14 23:04:03.150509+00:00
2026-05-14 23:04:03,566 [INFO] USD from Sulaymaniyah: mid=179700 -> buy=179800 sell=180800
2026-05-14 23:04:04,127 [INFO] Cycle result: {'action': 'skip', 'detail': 'no_change'}
2026-05-14 23:04:04,127 [INFO] Waiting 2 minutes for next check...
2026-05-14 23:06:04,127 [INFO] Cycle start: Tehran=2026-05-15 02:36:04.127865+03:30 UTC=2026-05-14 23:06:04.127857+00:00
2026-05-14 23:06:04,626 [INFO] USD from Sulaymaniyah: mid=179700 -> buy=179800 sell=180800
2026-05-14 23:06:05,197 [INFO] Cycle result: {'action': 'skip', 'detail': 'no_change'}
2026-05-14 23:06:05,197 [INFO] Waiting 2 minutes for next check...
2026-05-14 23:08:05,197 [INFO] Cycle start: Tehran=2026-05-15 02:38:05.197463+03:30 UTC=2026-05-14 23:08:05.197456+00:00
2026-05-14 23:08:05,596 [INFO] USD from Sulaymaniyah: mid=179700 -> buy=179800 sell=180800
2026-05-14 23:08:06,275 [INFO] Cycle result: {'action': 'skip', 'detail': 'no_change'}
2026-05-14 23:08:06,275 [INFO] Waiting 2 minutes for next check...
2026-05-14 23:10:06,275 [INFO] Cycle start: Tehran=2026-05-15 02:40:06.275891+03:30 UTC=2026-05-14 23:10:06.275884+00:00
2026-05-14 23:10:06,659 [INFO] USD from Sulaymaniyah: mid=179700 -> buy=179800 sell=180800
2026-05-14 23:10:07,208 [INFO] Cycle result: {'action': 'skip', 'detail': 'no_change'}
2026-05-14 23:10:07,208 [INFO] Waiting 2 minutes for next check...
2026-05-14 23:12:07,208 [INFO] Cycle start: Tehran=2026-05-15 02:42:07.208671+03:30 UTC=2026-05-14 23:12:07.208663+00:00
2026-05-14 23:12:07,644 [INFO] USD from Sulaymaniyah: mid=179700 -> buy=179800 sell=180800
2026-05-14 23:12:08,227 [INFO] Cycle result: {'action': 'skip', 'detail': 'no_change'}
2026-05-14 23:12:08,228 [INFO] Waiting 2 minutes for next check...
2026-05-14 23:14:08,228 [INFO] Cycle start: Tehran=2026-05-15 02:44:08.228300+03:30 UTC=2026-05-14 23:14:08.228292+00:00
2026-05-14 23:14:08,609 [INFO] USD from Sulaymaniyah: mid=179700 -> buy=179800 sell=180800
2026-05-14 23:14:09,239 [INFO] Cycle result: {'action': 'skip', 'detail': 'no_change'}
2026-05-14 23:14:09,239 [INFO] Waiting 2 minutes for next check...
2026-05-15 12:22:59,546 [INFO] Starting multi-cycle run (25 mins)
2026-05-15 12:22:59,546 [INFO] Cycle start: Tehran=2026-05-15 15:52:59.546973+03:30 UTC=2026-05-15 12:22:59.546965+00:00
2026-05-15 12:22:59,918 [INFO] USD from Sulaymaniyah: mid=179300 -> buy=179400 sell=180400
2026-05-15 12:23:00,641 [INFO] Attempting to send message to @barxexchange
2026-05-15 12:23:01,055 [INFO] TG send success!
2026-05-15 12:23:01,055 [INFO] Cycle result: {'action': 'posted', 'detail': 'change'}
2026-05-15 12:23:01,055 [INFO] Waiting 2 minutes for next check...
2026-05-15 12:25:01,056 [INFO] Cycle start: Tehran=2026-05-15 15:55:01.056045+03:30 UTC=2026-05-15 12:25:01.056035+00:00
2026-05-15 12:25:01,425 [INFO] USD from Sulaymaniyah: mid=179300 -> buy=179400 sell=180400
2026-05-15 12:25:01,980 [INFO] Cycle result: {'action': 'skip', 'detail': 'no_change'}
2026-05-15 12:25:01,980 [INFO] Waiting 2 minutes for next check...
2026-05-15 12:27:01,980 [INFO] Cycle start: Tehran=2026-05-15 15:57:01.980741+03:30 UTC=2026-05-15 12:27:01.980728+00:00
2026-05-15 12:27:02,465 [INFO] USD from Sulaymaniyah: mid=179300 -> buy=179400 sell=180400
2026-05-15 12:27:03,023 [INFO] Cycle result: {'action': 'skip', 'detail': 'no_change'}
2026-05-15 12:27:03,023 [INFO] Waiting 2 minutes for next check...
2026-05-15 12:29:03,023 [INFO] Cycle start: Tehran=2026-05-15 15:59:03.023731+03:30 UTC=2026-05-15 12:29:03.023722+00:00
2026-05-15 12:29:03,387 [INFO] USD from Sulaymaniyah: mid=179300 -> buy=179400 sell=180400
2026-05-15 12:29:04,063 [INFO] Cycle result: {'action': 'skip', 'detail': 'no_change'}
2026-05-15 12:29:04,063 [INFO] Waiting 2 minutes for next check...
2026-05-15 12:31:04,064 [INFO] Cycle start: Tehran=2026-05-15 16:01:04.064046+03:30 UTC=2026-05-15 12:31:04.064037+00:00
2026-05-15 12:31:04,444 [INFO] USD from Sulaymaniyah: mid=179300 -> buy=179400 sell=180400
2026-05-15 12:31:05,006 [INFO] Cycle result: {'action': 'skip', 'detail': 'no_change'}
2026-05-15 12:31:05,007 [INFO] Waiting 2 minutes for next check...
2026-05-15 12:33:05,007 [INFO] Cycle start: Tehran=2026-05-15 16:03:05.007330+03:30 UTC=2026-05-15 12:33:05.007322+00:00
2026-05-15 12:33:05,367 [INFO] USD from Sulaymaniyah: mid=179300 -> buy=179400 sell=180400
2026-05-15 12:33:05,946 [INFO] Cycle result: {'action': 'skip', 'detail': 'no_change'}
2026-05-15 12:33:05,947 [INFO] Waiting 2 minutes for next check...
2026-05-15 12:35:05,947 [INFO] Cycle start: Tehran=2026-05-15 16:05:05.947419+03:30 UTC=2026-05-15 12:35:05.947410+00:00
2026-05-15 12:35:06,410 [INFO] USD from Sulaymaniyah: mid=179300 -> buy=179400 sell=180400
2026-05-15 12:35:07,073 [INFO] Cycle result: {'action': 'skip', 'detail': 'no_change'}
2026-05-15 12:35:07,073 [INFO] Waiting 2 minutes for next check...
2026-05-15 12:37:07,074 [INFO] Cycle start: Tehran=2026-05-15 16:07:07.074048+03:30 UTC=2026-05-15 12:37:07.074040+00:00
2026-05-15 12:37:07,489 [INFO] USD from Sulaymaniyah: mid=179300 -> buy=179400 sell=180400
2026-05-15 12:37:08,080 [INFO] Cycle result: {'action': 'skip', 'detail': 'no_change'}
2026-05-15 12:37:08,080 [INFO] Waiting 2 minutes for next check...
2026-05-15 12:39:08,080 [INFO] Cycle start: Tehran=2026-05-15 16:09:08.080426+03:30 UTC=2026-05-15 12:39:08.080418+00:00
2026-05-15 12:39:08,457 [INFO] USD from Sulaymaniyah: mid=179300 -> buy=179400 sell=180400
2026-05-15 12:39:09,005 [INFO] Cycle result: {'action': 'skip', 'detail': 'no_change'}
2026-05-15 12:39:09,005 [INFO] Waiting 2 minutes for next check...
2026-05-15 12:41:09,005 [INFO] Cycle start: Tehran=2026-05-15 16:11:09.005637+03:30 UTC=2026-05-15 12:41:09.005629+00:00
2026-05-15 12:41:09,374 [INFO] USD from Sulaymaniyah: mid=179300 -> buy=179400 sell=180400
2026-05-15 12:41:10,064 [INFO] Cycle result: {'action': 'skip', 'detail': 'no_change'}
2026-05-15 12:41:10,064 [INFO] Waiting 2 minutes for next check...
2026-05-15 12:43:10,064 [INFO] Cycle start: Tehran=2026-05-15 16:13:10.064872+03:30 UTC=2026-05-15 12:43:10.064863+00:00
2026-05-15 12:43:10,457 [INFO] USD from Sulaymaniyah: mid=179300 -> buy=179400 sell=180400
2026-05-15 12:43:11,016 [INFO] Cycle result: {'action': 'skip', 'detail': 'no_change'}
2026-05-15 12:43:11,016 [INFO] Waiting 2 minutes for next check...
2026-05-15 12:45:11,017 [INFO] Cycle start: Tehran=2026-05-15 16:15:11.017055+03:30 UTC=2026-05-15 12:45:11.017047+00:00
2026-05-15 12:45:11,378 [INFO] USD from Sulaymaniyah: mid=179300 -> buy=179400 sell=180400
2026-05-15 12:45:11,916 [INFO] Cycle result: {'action': 'skip', 'detail': 'no_change'}
2026-05-15 12:45:11,916 [INFO] Waiting 2 minutes for next check...
2026-05-15 12:47:11,916 [INFO] Cycle start: Tehran=2026-05-15 16:17:11.916875+03:30 UTC=2026-05-15 12:47:11.916866+00:00
2026-05-15 12:47:12,336 [INFO] USD from Sulaymaniyah: mid=179300 -> buy=179400 sell=180400
2026-05-15 12:47:12,992 [INFO] Cycle result: {'action': 'skip', 'detail': 'no_change'}
2026-05-15 12:47:12,993 [INFO] Waiting 2 minutes for next check...
2026-05-15 12:49:12,993 [INFO] Cycle start: Tehran=2026-05-15 16:19:12.993302+03:30 UTC=2026-05-15 12:49:12.993293+00:00
2026-05-15 12:49:13,359 [INFO] USD from Sulaymaniyah: mid=179300 -> buy=179400 sell=180400
2026-05-15 12:49:13,928 [INFO] Cycle result: {'action': 'skip', 'detail': 'no_change'}
2026-05-15 12:49:13,928 [INFO] Waiting 2 minutes for next check...
2026-05-15 12:51:13,929 [INFO] Cycle start: Tehran=2026-05-15 16:21:13.929008+03:30 UTC=2026-05-15 12:51:13.929000+00:00
2026-05-15 12:51:14,301 [INFO] USD from Sulaymaniyah: mid=179300 -> buy=179400 sell=180400
2026-05-15 12:51:14,851 [INFO] Cycle result: {'action': 'skip', 'detail': 'no_change'}
2026-05-15 12:51:14,851 [INFO] Waiting 2 minutes for next check...
2026-05-15 12:53:14,851 [INFO] Cycle start: Tehran=2026-05-15 16:23:14.851812+03:30 UTC=2026-05-15 12:53:14.851804+00:00
2026-05-15 12:53:15,255 [INFO] USD from Sulaymaniyah: mid=179300 -> buy=179400 sell=180400
2026-05-15 12:53:15,980 [INFO] Cycle result: {'action': 'skip', 'detail': 'no_change'}
2026-05-15 12:53:15,981 [INFO] Waiting 2 minutes for next check...
2026-05-15 12:55:15,981 [INFO] Cycle start: Tehran=2026-05-15 16:25:15.981220+03:30 UTC=2026-05-15 12:55:15.981193+00:00
2026-05-15 12:55:16,386 [INFO] USD from Sulaymaniyah: mid=179300 -> buy=179400 sell=180400
2026-05-15 12:55:16,928 [INFO] Cycle result: {'action': 'skip', 'detail': 'no_change'}
2026-05-15 12:55:16,929 [INFO] Waiting 2 minutes for next check...
2026-05-15 12:57:16,929 [INFO] Cycle start: Tehran=2026-05-15 16:27:16.929435+03:30 UTC=2026-05-15 12:57:16.929426+00:00
2026-05-15 12:57:17,324 [INFO] USD from Sulaymaniyah: mid=179300 -> buy=179400 sell=180400
2026-05-15 12:57:17,863 [INFO] Cycle result: {'action': 'skip', 'detail': 'no_change'}
2026-05-15 12:57:17,863 [INFO] Waiting 2 minutes for next check...
2026-05-15 12:59:17,864 [INFO] Cycle start: Tehran=2026-05-15 16:29:17.863973+03:30 UTC=2026-05-15 12:59:17.863965+00:00
2026-05-15 12:59:18,229 [INFO] USD from Sulaymaniyah: mid=179300 -> buy=179400 sell=180400
2026-05-15 12:59:18,947 [INFO] Cycle result: {'action': 'skip', 'detail': 'no_change'}
2026-05-15 12:59:18,947 [INFO] Waiting 2 minutes for next check...
2026-05-15 13:01:18,948 [INFO] Cycle start: Tehran=2026-05-15 16:31:18.948038+03:30 UTC=2026-05-15 13:01:18.948030+00:00
2026-05-15 13:01:19,362 [INFO] USD from Sulaymaniyah: mid=179300 -> buy=179400 sell=180400
2026-05-15 13:01:19,922 [INFO] Cycle result: {'action': 'skip', 'detail': 'no_change'}
2026-05-15 13:01:19,923 [INFO] Waiting 2 minutes for next check...
2026-05-15 13:03:19,923 [INFO] Cycle start: Tehran=2026-05-15 16:33:19.923309+03:30 UTC=2026-05-15 13:03:19.923300+00:00
2026-05-15 13:03:20,285 [INFO] USD from Sulaymaniyah: mid=179300 -> buy=179400 sell=180400
2026-05-15 13:03:20,817 [INFO] Cycle result: {'action': 'skip', 'detail': 'no_change'}
2026-05-15 13:03:20,817 [INFO] Waiting 2 minutes for next check...
2026-05-15 13:05:20,817 [INFO] Cycle start: Tehran=2026-05-15 16:35:20.817576+03:30 UTC=2026-05-15 13:05:20.817565+00:00
2026-05-15 13:05:21,193 [INFO] USD from Sulaymaniyah: mid=179300 -> buy=179400 sell=180400
2026-05-15 13:05:21,825 [INFO] Cycle result: {'action': 'skip', 'detail': 'no_change'}
2026-05-15 13:05:21,825 [INFO] Waiting 2 minutes for next check...
2026-05-15 13:07:21,825 [INFO] Cycle start: Tehran=2026-05-15 16:37:21.825683+03:30 UTC=2026-05-15 13:07:21.825674+00:00
2026-05-15 13:07:22,202 [INFO] USD from Sulaymaniyah: mid=179300 -> buy=179400 sell=180400
2026-05-15 13:07:22,776 [INFO] Cycle result: {'action': 'skip', 'detail': 'no_change'}
2026-05-15 13:07:22,777 [INFO] Waiting 2 minutes for next check...
2026-05-15 13:09:22,777 [INFO] Cycle start: Tehran=2026-05-15 16:39:22.777250+03:30 UTC=2026-05-15 13:09:22.777241+00:00
2026-05-15 13:09:23,201 [INFO] USD from Sulaymaniyah: mid=179300 -> buy=179400 sell=180400
2026-05-15 13:09:23,753 [INFO] Cycle result: {'action': 'skip', 'detail': 'no_change'}
2026-05-15 13:09:23,754 [INFO] Waiting 2 minutes for next check...
2026-05-15 13:11:23,754 [INFO] Cycle start: Tehran=2026-05-15 16:41:23.754502+03:30 UTC=2026-05-15 13:11:23.754493+00:00
2026-05-15 13:11:24,135 [INFO] USD from Sulaymaniyah: mid=179300 -> buy=179400 sell=180400
2026-05-15 13:11:24,734 [INFO] Cycle result: {'action': 'skip', 'detail': 'no_change'}
2026-05-15 13:11:24,734 [INFO] Waiting 2 minutes for next check...
2026-05-15 13:13:24,734 [INFO] Cycle start: Tehran=2026-05-15 16:43:24.734723+03:30 UTC=2026-05-15 13:13:24.734714+00:00
2026-05-15 13:13:25,182 [INFO] USD from Sulaymaniyah: mid=179300 -> buy=179400 sell=180400
2026-05-15 13:13:25,770 [INFO] Cycle result: {'action': 'skip', 'detail': 'no_change'}
2026-05-15 13:13:25,770 [INFO] Waiting 2 minutes for next check...
2026-05-15 13:15:25,770 [INFO] Cycle start: Tehran=2026-05-15 16:45:25.770942+03:30 UTC=2026-05-15 13:15:25.770934+00:00
2026-05-15 13:15:26,143 [INFO] USD from Sulaymaniyah: mid=179300 -> buy=179400 sell=180400
2026-05-15 13:15:26,684 [INFO] Cycle result: {'action': 'skip', 'detail': 'no_change'}
2026-05-15 13:15:26,684 [INFO] Waiting 2 minutes for next check...
2026-05-15 13:17:26,685 [INFO] Cycle start: Tehran=2026-05-15 16:47:26.685029+03:30 UTC=2026-05-15 13:17:26.685021+00:00
2026-05-15 13:17:27,063 [INFO] USD from Sulaymaniyah: mid=179300 -> buy=179400 sell=180400
2026-05-15 13:17:27,657 [INFO] Cycle result: {'action': 'skip', 'detail': 'no_change'}
2026-05-15 13:17:27,657 [INFO] Waiting 2 minutes for next check...
2026-05-15 18:11:04,026 [INFO] Starting multi-cycle run (25 mins)
2026-05-15 18:11:04,026 [INFO] Cycle start: Tehran=2026-05-15 21:41:04.026918+03:30 UTC=2026-05-15 18:11:04.026909+00:00
2026-05-15 18:11:04,721 [INFO] USD from Sulaymaniyah: mid=180000 -> buy=180100 sell=181100
2026-05-15 18:11:05,557 [INFO] Attempting to send message to @barxexchange
2026-05-15 18:11:06,198 [INFO] TG send success!
2026-05-15 18:11:06,199 [INFO] Cycle result: {'action': 'posted', 'detail': 'change'}
2026-05-15 18:11:06,199 [INFO] Waiting 2 minutes for next check...
2026-05-15 18:13:06,199 [INFO] Cycle start: Tehran=2026-05-15 21:43:06.199360+03:30 UTC=2026-05-15 18:13:06.199352+00:00
2026-05-15 18:13:06,887 [INFO] USD from Sulaymaniyah: mid=180000 -> buy=180100 sell=181100
2026-05-15 18:13:07,640 [INFO] Cycle result: {'action': 'skip', 'detail': 'no_change'}
2026-05-15 18:13:07,641 [INFO] Waiting 2 minutes for next check...
2026-05-15 18:15:07,641 [INFO] Cycle start: Tehran=2026-05-15 21:45:07.641244+03:30 UTC=2026-05-15 18:15:07.641231+00:00
2026-05-15 18:15:08,251 [INFO] USD from Sulaymaniyah: mid=180000 -> buy=180100 sell=181100
2026-05-15 18:15:08,987 [INFO] Cycle result: {'action': 'skip', 'detail': 'no_change'}
2026-05-15 18:15:08,987 [INFO] Waiting 2 minutes for next check...
2026-05-15 18:17:08,988 [INFO] Cycle start: Tehran=2026-05-15 21:47:08.988108+03:30 UTC=2026-05-15 18:17:08.988100+00:00
2026-05-15 18:17:09,603 [INFO] USD from Sulaymaniyah: mid=180000 -> buy=180100 sell=181100
2026-05-15 18:17:10,390 [INFO] Cycle result: {'action': 'skip', 'detail': 'no_change'}
2026-05-15 18:17:10,390 [INFO] Waiting 2 minutes for next check...
2026-05-15 18:19:10,390 [INFO] Cycle start: Tehran=2026-05-15 21:49:10.390931+03:30 UTC=2026-05-15 18:19:10.390923+00:00
2026-05-15 18:19:10,981 [INFO] USD from Sulaymaniyah: mid=180000 -> buy=180100 sell=181100
2026-05-15 18:19:11,692 [INFO] Cycle result: {'action': 'skip', 'detail': 'no_change'}
2026-05-15 18:19:11,692 [INFO] Waiting 2 minutes for next check...
2026-05-15 18:21:11,692 [INFO] Cycle start: Tehran=2026-05-15 21:51:11.692856+03:30 UTC=2026-05-15 18:21:11.692848+00:00
2026-05-15 18:21:12,341 [INFO] USD from Sulaymaniyah: mid=180000 -> buy=180100 sell=181100
2026-05-15 18:21:13,064 [INFO] Cycle result: {'action': 'skip', 'detail': 'no_change'}
2026-05-15 18:21:13,065 [INFO] Waiting 2 minutes for next check...
2026-05-15 18:23:13,065 [INFO] Cycle start: Tehran=2026-05-15 21:53:13.065260+03:30 UTC=2026-05-15 18:23:13.065252+00:00
2026-05-15 18:23:13,670 [INFO] USD from Sulaymaniyah: mid=180000 -> buy=180100 sell=181100
2026-05-15 18:23:14,455 [INFO] Cycle result: {'action': 'skip', 'detail': 'no_change'}
2026-05-15 18:23:14,456 [INFO] Waiting 2 minutes for next check...
2026-05-15 18:25:14,456 [INFO] Cycle start: Tehran=2026-05-15 21:55:14.456273+03:30 UTC=2026-05-15 18:25:14.456266+00:00
2026-05-15 18:25:15,119 [INFO] USD from Sulaymaniyah: mid=180000 -> buy=180100 sell=181100
2026-05-15 18:25:15,888 [INFO] Cycle result: {'action': 'skip', 'detail': 'no_change'}
2026-05-15 18:25:15,888 [INFO] Waiting 2 minutes for next check...
2026-05-15 18:27:15,888 [INFO] Cycle start: Tehran=2026-05-15 21:57:15.888797+03:30 UTC=2026-05-15 18:27:15.888790+00:00
2026-05-15 18:27:16,487 [INFO] USD from Sulaymaniyah: mid=180000 -> buy=180100 sell=181100
2026-05-15 18:27:17,205 [INFO] Cycle result: {'action': 'skip', 'detail': 'no_change'}
2026-05-15 18:27:17,206 [INFO] Waiting 2 minutes for next check...
2026-05-15 18:29:17,206 [INFO] Cycle start: Tehran=2026-05-15 21:59:17.206381+03:30 UTC=2026-05-15 18:29:17.206374+00:00
2026-05-15 18:29:17,808 [INFO] USD from Sulaymaniyah: mid=180000 -> buy=180100 sell=181100
2026-05-15 18:29:18,642 [INFO] Cycle result: {'action': 'skip', 'detail': 'no_change'}
2026-05-15 18:29:18,642 [INFO] Waiting 2 minutes for next check...
2026-05-15 18:31:18,643 [INFO] Cycle start: Tehran=2026-05-15 22:01:18.643182+03:30 UTC=2026-05-15 18:31:18.643174+00:00
2026-05-15 18:31:19,242 [INFO] USD from Sulaymaniyah: mid=180000 -> buy=180100 sell=181100
2026-05-15 18:31:19,973 [INFO] Cycle result: {'action': 'skip', 'detail': 'no_change'}
2026-05-15 18:31:19,974 [INFO] Waiting 2 minutes for next check...
2026-05-15 18:33:19,974 [INFO] Cycle start: Tehran=2026-05-15 22:03:19.974263+03:30 UTC=2026-05-15 18:33:19.974255+00:00
2026-05-15 18:33:20,599 [INFO] USD from Sulaymaniyah: mid=180000 -> buy=180100 sell=181100
2026-05-15 18:33:21,335 [INFO] Cycle result: {'action': 'skip', 'detail': 'no_change'}
2026-05-15 18:33:21,335 [INFO] Waiting 2 minutes for next check...
2026-05-15 18:35:21,335 [INFO] Cycle start: Tehran=2026-05-15 22:05:21.335928+03:30 UTC=2026-05-15 18:35:21.335920+00:00
2026-05-15 18:35:21,943 [INFO] USD from Sulaymaniyah: mid=180000 -> buy=180100 sell=181100
2026-05-15 18:35:22,721 [INFO] Cycle result: {'action': 'skip', 'detail': 'no_change'}
2026-05-15 18:35:22,721 [INFO] Waiting 2 minutes for next check...
2026-05-15 18:37:22,721 [INFO] Cycle start: Tehran=2026-05-15 22:07:22.721628+03:30 UTC=2026-05-15 18:37:22.721620+00:00
2026-05-15 18:37:23,335 [INFO] USD from Sulaymaniyah: mid=180000 -> buy=180100 sell=181100
2026-05-15 18:37:24,091 [INFO] Cycle result: {'action': 'skip', 'detail': 'no_change'}
2026-05-15 18:37:24,091 [INFO] Waiting 2 minutes for next check...
2026-05-15 18:39:24,091 [INFO] Cycle start: Tehran=2026-05-15 22:09:24.091962+03:30 UTC=2026-05-15 18:39:24.091954+00:00
2026-05-15 18:39:24,717 [INFO] USD from Sulaymaniyah: mid=180000 -> buy=180100 sell=181100
2026-05-15 18:39:25,456 [INFO] Cycle result: {'action': 'skip', 'detail': 'no_change'}
2026-05-15 18:39:25,456 [INFO] Waiting 2 minutes for next check...
2026-05-15 18:41:25,456 [INFO] Cycle start: Tehran=2026-05-15 22:11:25.456785+03:30 UTC=2026-05-15 18:41:25.456776+00:00
2026-05-15 18:41:26,112 [INFO] USD from Sulaymaniyah: mid=180000 -> buy=180100 sell=181100
2026-05-15 18:41:26,887 [INFO] Cycle result: {'action': 'skip', 'detail': 'no_change'}
2026-05-15 18:41:26,887 [INFO] Waiting 2 minutes for next check...
2026-05-15 18:43:26,888 [INFO] Cycle start: Tehran=2026-05-15 22:13:26.888006+03:30 UTC=2026-05-15 18:43:26.887998+00:00
2026-05-15 18:43:27,482 [INFO] USD from Sulaymaniyah: mid=180000 -> buy=180100 sell=181100
2026-05-15 18:43:28,201 [INFO] Cycle result: {'action': 'skip', 'detail': 'no_change'}
2026-05-15 18:43:28,202 [INFO] Waiting 2 minutes for next check...
2026-05-15 18:45:28,202 [INFO] Cycle start: Tehran=2026-05-15 22:15:28.202231+03:30 UTC=2026-05-15 18:45:28.202223+00:00
2026-05-15 18:45:28,836 [INFO] USD from Sulaymaniyah: mid=180000 -> buy=180100 sell=181100
2026-05-15 18:45:29,580 [INFO] Cycle result: {'action': 'skip', 'detail': 'no_change'}
2026-05-15 18:45:29,580 [INFO] Waiting 2 minutes for next check...
2026-05-15 18:47:29,581 [INFO] Cycle start: Tehran=2026-05-15 22:17:29.581112+03:30 UTC=2026-05-15 18:47:29.581102+00:00
2026-05-15 18:47:30,187 [INFO] USD from Sulaymaniyah: mid=180000 -> buy=180100 sell=181100
2026-05-15 18:47:30,983 [INFO] Cycle result: {'action': 'skip', 'detail': 'no_change'}
2026-05-15 18:47:30,983 [INFO] Waiting 2 minutes for next check...
2026-05-15 18:49:30,983 [INFO] Cycle start: Tehran=2026-05-15 22:19:30.983579+03:30 UTC=2026-05-15 18:49:30.983571+00:00
2026-05-15 18:49:31,653 [INFO] USD from Sulaymaniyah: mid=180000 -> buy=180100 sell=181100
2026-05-15 18:49:32,419 [INFO] Cycle result: {'action': 'skip', 'detail': 'no_change'}
2026-05-15 18:49:32,420 [INFO] Waiting 2 minutes for next check...
2026-05-15 18:51:32,420 [INFO] Cycle start: Tehran=2026-05-15 22:21:32.420466+03:30 UTC=2026-05-15 18:51:32.420458+00:00
2026-05-15 18:51:33,049 [INFO] USD from Sulaymaniyah: mid=180000 -> buy=180100 sell=181100
2026-05-15 18:51:33,799 [INFO] Cycle result: {'action': 'skip', 'detail': 'no_change'}
2026-05-15 18:51:33,800 [INFO] Waiting 2 minutes for next check...
2026-05-15 18:53:33,800 [INFO] Cycle start: Tehran=2026-05-15 22:23:33.800318+03:30 UTC=2026-05-15 18:53:33.800309+00:00
2026-05-15 18:53:34,415 [INFO] USD from Sulaymaniyah: mid=180000 -> buy=180100 sell=181100
2026-05-15 18:53:35,220 [INFO] Cycle result: {'action': 'skip', 'detail': 'no_change'}
2026-05-15 18:53:35,221 [INFO] Waiting 2 minutes for next check...
2026-05-15 18:55:35,221 [INFO] Cycle start: Tehran=2026-05-15 22:25:35.221396+03:30 UTC=2026-05-15 18:55:35.221388+00:00
2026-05-15 18:55:35,802 [INFO] USD from Sulaymaniyah: mid=180000 -> buy=180100 sell=181100
2026-05-15 18:55:36,525 [INFO] Cycle result: {'action': 'skip', 'detail': 'no_change'}
2026-05-15 18:55:36,525 [INFO] Waiting 2 minutes for next check...
2026-05-15 18:57:36,526 [INFO] Cycle start: Tehran=2026-05-15 22:27:36.526092+03:30 UTC=2026-05-15 18:57:36.526084+00:00
2026-05-15 18:57:37,116 [INFO] USD from Sulaymaniyah: mid=180000 -> buy=180100 sell=181100
2026-05-15 18:57:37,857 [INFO] Cycle result: {'action': 'skip', 'detail': 'no_change'}
2026-05-15 18:57:37,858 [INFO] Waiting 2 minutes for next check...
2026-05-15 18:59:37,858 [INFO] Cycle start: Tehran=2026-05-15 22:29:37.858469+03:30 UTC=2026-05-15 18:59:37.858461+00:00
2026-05-15 18:59:38,440 [INFO] USD from Sulaymaniyah: mid=180000 -> buy=180100 sell=181100
2026-05-15 18:59:39,218 [INFO] Cycle result: {'action': 'skip', 'detail': 'no_change'}
2026-05-15 18:59:39,219 [INFO] Waiting 2 minutes for next check...
2026-05-15 19:01:39,219 [INFO] Cycle start: Tehran=2026-05-15 22:31:39.219249+03:30 UTC=2026-05-15 19:01:39.219241+00:00
2026-05-15 19:01:39,862 [INFO] USD from Sulaymaniyah: mid=180000 -> buy=180100 sell=181100
2026-05-15 19:01:40,611 [INFO] Cycle result: {'action': 'skip', 'detail': 'no_change'}
2026-05-15 19:01:40,611 [INFO] Waiting 2 minutes for next check...
2026-05-15 19:03:40,612 [INFO] Cycle start: Tehran=2026-05-15 22:33:40.612141+03:30 UTC=2026-05-15 19:03:40.612134+00:00
2026-05-15 19:03:41,216 [INFO] USD from Sulaymaniyah: mid=180000 -> buy=180100 sell=181100
2026-05-15 19:03:41,962 [INFO] Cycle result: {'action': 'skip', 'detail': 'no_change'}
2026-05-15 19:03:41,962 [INFO] Waiting 2 minutes for next check...
2026-05-15 19:05:41,962 [INFO] Cycle start: Tehran=2026-05-15 22:35:41.962875+03:30 UTC=2026-05-15 19:05:41.962864+00:00
2026-05-15 19:05:42,563 [INFO] USD from Sulaymaniyah: mid=180000 -> buy=180100 sell=181100
2026-05-15 19:05:43,381 [INFO] Cycle result: {'action': 'skip', 'detail': 'no_change'}
2026-05-15 19:05:43,381 [INFO] Waiting 2 minutes for next check...
2026-05-15 21:43:28,992 [INFO] Starting multi-cycle run (25 mins)
2026-05-15 21:43:28,993 [INFO] Cycle start: Tehran=2026-05-16 01:13:28.993091+03:30 UTC=2026-05-15 21:43:28.993081+00:00
2026-05-15 21:43:29,627 [INFO] USD from Sulaymaniyah: mid=180000 -> buy=180100 sell=181100
2026-05-15 21:43:30,504 [INFO] Cycle result: {'action': 'skip', 'detail': 'no_change'}
2026-05-15 21:43:30,504 [INFO] Waiting 2 minutes for next check...
2026-05-15 21:45:30,504 [INFO] Cycle start: Tehran=2026-05-16 01:15:30.504859+03:30 UTC=2026-05-15 21:45:30.504850+00:00
2026-05-15 21:45:31,074 [INFO] USD from Sulaymaniyah: mid=180000 -> buy=180100 sell=181100
2026-05-15 21:45:31,880 [INFO] Cycle result: {'action': 'skip', 'detail': 'no_change'}
2026-05-15 21:45:31,880 [INFO] Waiting 2 minutes for next check...
2026-05-15 21:47:31,880 [INFO] Cycle start: Tehran=2026-05-16 01:17:31.880620+03:30 UTC=2026-05-15 21:47:31.880609+00:00
2026-05-15 21:47:32,466 [INFO] USD from Sulaymaniyah: mid=180000 -> buy=180100 sell=181100
2026-05-15 21:47:33,256 [INFO] Cycle result: {'action': 'skip', 'detail': 'no_change'}
2026-05-15 21:47:33,256 [INFO] Waiting 2 minutes for next check...
2026-05-15 21:49:33,256 [INFO] Cycle start: Tehran=2026-05-16 01:19:33.256906+03:30 UTC=2026-05-15 21:49:33.256897+00:00
2026-05-15 21:49:33,785 [INFO] USD from Sulaymaniyah: mid=180000 -> buy=180100 sell=181100
2026-05-15 21:49:34,637 [INFO] Cycle result: {'action': 'skip', 'detail': 'no_change'}
2026-05-15 21:49:34,637 [INFO] Waiting 2 minutes for next check...
2026-05-15 21:51:34,637 [INFO] Cycle start: Tehran=2026-05-16 01:21:34.637617+03:30 UTC=2026-05-15 21:51:34.637608+00:00
2026-05-15 21:51:35,207 [INFO] USD from Sulaymaniyah: mid=180000 -> buy=180100 sell=181100
2026-05-15 21:51:35,982 [INFO] Cycle result: {'action': 'skip', 'detail': 'no_change'}
2026-05-15 21:51:35,983 [INFO] Waiting 2 minutes for next check...
2026-05-15 21:53:35,983 [INFO] Cycle start: Tehran=2026-05-16 01:23:35.983333+03:30 UTC=2026-05-15 21:53:35.983325+00:00
2026-05-15 21:53:36,571 [INFO] USD from Sulaymaniyah: mid=180000 -> buy=180100 sell=181100
2026-05-15 21:53:37,337 [INFO] Cycle result: {'action': 'skip', 'detail': 'no_change'}
2026-05-15 21:53:37,337 [INFO] Waiting 2 minutes for next check...
2026-05-15 21:55:37,337 [INFO] Cycle start: Tehran=2026-05-16 01:25:37.337732+03:30 UTC=2026-05-15 21:55:37.337725+00:00
2026-05-15 21:55:37,880 [INFO] USD from Sulaymaniyah: mid=180000 -> buy=180100 sell=181100
2026-05-15 21:55:38,957 [INFO] Cycle result: {'action': 'skip', 'detail': 'no_change'}
2026-05-15 21:55:38,957 [INFO] Waiting 2 minutes for next check...
2026-05-15 21:57:38,958 [INFO] Cycle start: Tehran=2026-05-16 01:27:38.958202+03:30 UTC=2026-05-15 21:57:38.958193+00:00
2026-05-15 21:57:39,526 [INFO] USD from Sulaymaniyah: mid=180000 -> buy=180100 sell=181100
2026-05-15 21:57:40,331 [INFO] Cycle result: {'action': 'skip', 'detail': 'no_change'}
2026-05-15 21:57:40,332 [INFO] Waiting 2 minutes for next check...
2026-05-15 21:59:40,332 [INFO] Cycle start: Tehran=2026-05-16 01:29:40.332287+03:30 UTC=2026-05-15 21:59:40.332280+00:00
2026-05-15 21:59:40,875 [INFO] USD from Sulaymaniyah: mid=180000 -> buy=180100 sell=181100
2026-05-15 21:59:41,636 [INFO] Cycle result: {'action': 'skip', 'detail': 'no_change'}
2026-05-15 21:59:41,636 [INFO] Waiting 2 minutes for next check...
2026-05-15 22:01:41,636 [INFO] Cycle start: Tehran=2026-05-16 01:31:41.636523+03:30 UTC=2026-05-15 22:01:41.636515+00:00
2026-05-15 22:01:42,180 [INFO] USD from Sulaymaniyah: mid=180000 -> buy=180100 sell=181100
2026-05-15 22:01:43,032 [INFO] Cycle result: {'action': 'skip', 'detail': 'no_change'}
2026-05-15 22:01:43,033 [INFO] Waiting 2 minutes for next check...
2026-05-15 22:03:43,033 [INFO] Cycle start: Tehran=2026-05-16 01:33:43.033293+03:30 UTC=2026-05-15 22:03:43.033285+00:00
2026-05-15 22:03:43,639 [INFO] USD from Sulaymaniyah: mid=180000 -> buy=180100 sell=181100
2026-05-15 22:03:44,390 [INFO] Cycle result: {'action': 'skip', 'detail': 'no_change'}
2026-05-15 22:03:44,390 [INFO] Waiting 2 minutes for next check...
2026-05-15 22:05:44,390 [INFO] Cycle start: Tehran=2026-05-16 01:35:44.390610+03:30 UTC=2026-05-15 22:05:44.390602+00:00
2026-05-15 22:05:44,968 [INFO] USD from Sulaymaniyah: mid=180000 -> buy=180100 sell=181100
2026-05-15 22:05:45,733 [INFO] Cycle result: {'action': 'skip', 'detail': 'no_change'}
2026-05-15 22:05:45,734 [INFO] Waiting 2 minutes for next check...
2026-05-15 22:07:45,734 [INFO] Cycle start: Tehran=2026-05-16 01:37:45.734362+03:30 UTC=2026-05-15 22:07:45.734353+00:00
2026-05-15 22:07:46,277 [INFO] USD from Sulaymaniyah: mid=180000 -> buy=180100 sell=181100
2026-05-15 22:07:47,130 [INFO] Cycle result: {'action': 'skip', 'detail': 'no_change'}
2026-05-15 22:07:47,131 [INFO] Waiting 2 minutes for next check...
2026-05-15 22:09:47,131 [INFO] Cycle start: Tehran=2026-05-16 01:39:47.131440+03:30 UTC=2026-05-15 22:09:47.131432+00:00
2026-05-15 22:09:47,681 [INFO] USD from Sulaymaniyah: mid=180000 -> buy=180100 sell=181100
2026-05-15 22:09:48,483 [INFO] Cycle result: {'action': 'skip', 'detail': 'no_change'}
2026-05-15 22:09:48,483 [INFO] Waiting 2 minutes for next check...
2026-05-15 22:11:48,484 [INFO] Cycle start: Tehran=2026-05-16 01:41:48.484189+03:30 UTC=2026-05-15 22:11:48.484181+00:00
2026-05-15 22:11:49,038 [INFO] USD from Sulaymaniyah: mid=180000 -> buy=180100 sell=181100
2026-05-15 22:11:49,794 [INFO] Cycle result: {'action': 'skip', 'detail': 'no_change'}
2026-05-15 22:11:49,794 [INFO] Waiting 2 minutes for next check...
2026-05-15 22:13:49,794 [INFO] Cycle start: Tehran=2026-05-16 01:43:49.794924+03:30 UTC=2026-05-15 22:13:49.794917+00:00
2026-05-15 22:13:50,404 [INFO] USD from Sulaymaniyah: mid=180000 -> buy=180100 sell=181100
2026-05-15 22:13:51,252 [INFO] Cycle result: {'action': 'skip', 'detail': 'no_change'}
2026-05-15 22:13:51,252 [INFO] Waiting 2 minutes for next check...
2026-05-15 22:15:51,253 [INFO] Cycle start: Tehran=2026-05-16 01:45:51.252999+03:30 UTC=2026-05-15 22:15:51.252990+00:00
2026-05-15 22:15:51,795 [INFO] USD from Sulaymaniyah: mid=180000 -> buy=180100 sell=181100
2026-05-15 22:15:52,594 [INFO] Cycle result: {'action': 'skip', 'detail': 'no_change'}
2026-05-15 22:15:52,594 [INFO] Waiting 2 minutes for next check...
2026-05-15 22:17:52,594 [INFO] Cycle start: Tehran=2026-05-16 01:47:52.594853+03:30 UTC=2026-05-15 22:17:52.594845+00:00
2026-05-15 22:17:53,193 [INFO] USD from Sulaymaniyah: mid=180000 -> buy=180100 sell=181100
2026-05-15 22:17:53,954 [INFO] Cycle result: {'action': 'skip', 'detail': 'no_change'}
2026-05-15 22:17:53,954 [INFO] Waiting 2 minutes for next check...
2026-05-15 22:19:53,955 [INFO] Cycle start: Tehran=2026-05-16 01:49:53.955040+03:30 UTC=2026-05-15 22:19:53.955032+00:00
2026-05-15 22:19:54,486 [INFO] USD from Sulaymaniyah: mid=180000 -> buy=180100 sell=181100
2026-05-15 22:19:55,554 [INFO] Cycle result: {'action': 'skip', 'detail': 'no_change'}
2026-05-15 22:19:55,554 [INFO] Waiting 2 minutes for next check...
2026-05-15 22:21:55,554 [INFO] Cycle start: Tehran=2026-05-16 01:51:55.554860+03:30 UTC=2026-05-15 22:21:55.554852+00:00
2026-05-15 22:21:56,153 [INFO] USD from Sulaymaniyah: mid=180000 -> buy=180100 sell=181100
2026-05-15 22:21:56,957 [INFO] Cycle result: {'action': 'skip', 'detail': 'no_change'}
2026-05-15 22:21:56,957 [INFO] Waiting 2 minutes for next check...
2026-05-15 22:23:56,958 [INFO] Cycle start: Tehran=2026-05-16 01:53:56.958169+03:30 UTC=2026-05-15 22:23:56.958161+00:00
2026-05-15 22:23:57,563 [INFO] USD from Sulaymaniyah: mid=180000 -> buy=180100 sell=181100
2026-05-15 22:23:58,344 [INFO] Cycle result: {'action': 'skip', 'detail': 'no_change'}
2026-05-15 22:23:58,345 [INFO] Waiting 2 minutes for next check...
2026-05-15 22:25:58,345 [INFO] Cycle start: Tehran=2026-05-16 01:55:58.345281+03:30 UTC=2026-05-15 22:25:58.345272+00:00
2026-05-15 22:25:58,950 [INFO] USD from Sulaymaniyah: mid=180000 -> buy=180100 sell=181100
2026-05-15 22:25:59,834 [INFO] Cycle result: {'action': 'skip', 'detail': 'no_change'}
2026-05-15 22:25:59,834 [INFO] Waiting 2 minutes for next check...
2026-05-15 22:27:59,834 [INFO] Cycle start: Tehran=2026-05-16 01:57:59.834878+03:30 UTC=2026-05-15 22:27:59.834869+00:00
2026-05-15 22:28:00,360 [INFO] USD from Sulaymaniyah: mid=180000 -> buy=180100 sell=181100
2026-05-15 22:28:01,104 [INFO] Cycle result: {'action': 'skip', 'detail': 'no_change'}
2026-05-15 22:28:01,104 [INFO] Waiting 2 minutes for next check...
2026-05-15 22:30:01,104 [INFO] Cycle start: Tehran=2026-05-16 02:00:01.104557+03:30 UTC=2026-05-15 22:30:01.104549+00:00
2026-05-15 22:30:01,681 [INFO] USD from Sulaymaniyah: mid=180000 -> buy=180100 sell=181100
2026-05-15 22:30:02,456 [INFO] Cycle result: {'action': 'skip', 'detail': 'no_change'}
2026-05-15 22:30:02,457 [INFO] Waiting 2 minutes for next check...
2026-05-15 22:32:02,457 [INFO] Cycle start: Tehran=2026-05-16 02:02:02.457345+03:30 UTC=2026-05-15 22:32:02.457337+00:00
2026-05-15 22:32:02,980 [INFO] USD from Sulaymaniyah: mid=180000 -> buy=180100 sell=181100
2026-05-15 22:32:03,856 [INFO] Cycle result: {'action': 'skip', 'detail': 'no_change'}
2026-05-15 22:32:03,856 [INFO] Waiting 2 minutes for next check...
2026-05-15 22:34:03,857 [INFO] Cycle start: Tehran=2026-05-16 02:04:03.857121+03:30 UTC=2026-05-15 22:34:03.857114+00:00
2026-05-15 22:34:04,441 [INFO] USD from Sulaymaniyah: mid=180000 -> buy=180100 sell=181100
2026-05-15 22:34:05,233 [INFO] Cycle result: {'action': 'skip', 'detail': 'no_change'}
2026-05-15 22:34:05,233 [INFO] Waiting 2 minutes for next check...
2026-05-15 22:36:05,233 [INFO] Cycle start: Tehran=2026-05-16 02:06:05.233960+03:30 UTC=2026-05-15 22:36:05.233953+00:00
2026-05-15 22:36:05,768 [INFO] USD from Sulaymaniyah: mid=180000 -> buy=180100 sell=181100
2026-05-15 22:36:06,527 [INFO] Cycle result: {'action': 'skip', 'detail': 'no_change'}
2026-05-15 22:36:06,527 [INFO] Waiting 2 minutes for next check...
2026-05-15 22:38:06,527 [INFO] Cycle start: Tehran=2026-05-16 02:08:06.527432+03:30 UTC=2026-05-15 22:38:06.527424+00:00
2026-05-15 22:38:07,154 [INFO] USD from Sulaymaniyah: mid=180000 -> buy=180100 sell=181100
2026-05-15 22:38:08,120 [INFO] Cycle result: {'action': 'skip', 'detail': 'no_change'}
2026-05-15 22:38:08,121 [INFO] Waiting 2 minutes for next check...
